{
  "dataset_revision": "48327de6ee192e9610f3069789719788957c7abd",
  "task_name": "GerDaLIRSmall",
  "mteb_version": "2.16.0",
  "scores": {
    "test": [
      {
        "ndcg_at_1": 0.04994,
        "ndcg_at_3": 0.06574,
        "ndcg_at_5": 0.07366,
        "ndcg_at_10": 0.08457,
        "ndcg_at_20": 0.09533,
        "ndcg_at_100": 0.11881,
        "ndcg_at_1000": 0.15209,
        "map_at_1": 0.04362,
        "map_at_3": 0.059,
        "map_at_5": 0.06336,
        "map_at_10": 0.06782,
        "map_at_20": 0.07077,
        "map_at_100": 0.07386,
        "map_at_1000": 0.0749,
        "recall_at_1": 0.04362,
        "recall_at_3": 0.07844,
        "recall_at_5": 0.09729,
        "recall_at_10": 0.13004,
        "recall_at_20": 0.17145,
        "recall_at_100": 0.2964,
        "recall_at_1000": 0.56346,
        "accuracy": 0.04362,
        "precision_at_1": 0.04994,
        "precision_at_3": 0.02992,
        "precision_at_5": 0.02231,
        "precision_at_10": 0.01497,
        "precision_at_20": 0.00987,
        "precision_at_100": 0.00345,
        "precision_at_1000": 0.00066,
        "mrr_at_1": 0.049943,
        "mrr_at_3": 0.066168,
        "mrr_at_5": 0.070848,
        "mrr_at_10": 0.075543,
        "mrr_at_20": 0.078559,
        "mrr_at_100": 0.081586,
        "mrr_at_1000": 0.082567,
        "nauc_ndcg_at_1_max": 0.026597,
        "nauc_ndcg_at_1_std": 0.040759,
        "nauc_ndcg_at_1_diff1": 0.356074,
        "nauc_ndcg_at_3_max": 0.004113,
        "nauc_ndcg_at_3_std": 0.046334,
        "nauc_ndcg_at_3_diff1": 0.256498,
        "nauc_ndcg_at_5_max": -0.003077,
        "nauc_ndcg_at_5_std": 0.05162,
        "nauc_ndcg_at_5_diff1": 0.231826,
        "nauc_ndcg_at_10_max": -0.016563,
        "nauc_ndcg_at_10_std": 0.065226,
        "nauc_ndcg_at_10_diff1": 0.221296,
        "nauc_ndcg_at_20_max": -0.027242,
        "nauc_ndcg_at_20_std": 0.08167,
        "nauc_ndcg_at_20_diff1": 0.204948,
        "nauc_ndcg_at_100_max": -0.044683,
        "nauc_ndcg_at_100_std": 0.112933,
        "nauc_ndcg_at_100_diff1": 0.193018,
        "nauc_ndcg_at_1000_max": -0.06585,
        "nauc_ndcg_at_1000_std": 0.140339,
        "nauc_ndcg_at_1000_diff1": 0.195697,
        "nauc_map_at_1_max": 0.027716,
        "nauc_map_at_1_std": 0.035721,
        "nauc_map_at_1_diff1": 0.362076,
        "nauc_map_at_3_max": 0.008878,
        "nauc_map_at_3_std": 0.042328,
        "nauc_map_at_3_diff1": 0.275893,
        "nauc_map_at_5_max": 0.004152,
        "nauc_map_at_5_std": 0.045778,
        "nauc_map_at_5_diff1": 0.259445,
        "nauc_map_at_10_max": -0.002674,
        "nauc_map_at_10_std": 0.052399,
        "nauc_map_at_10_diff1": 0.252736,
        "nauc_map_at_20_max": -0.006953,
        "nauc_map_at_20_std": 0.058481,
        "nauc_map_at_20_diff1": 0.24619,
        "nauc_map_at_100_max": -0.010631,
        "nauc_map_at_100_std": 0.065146,
        "nauc_map_at_100_diff1": 0.243139,
        "nauc_map_at_1000_max": -0.011693,
        "nauc_map_at_1000_std": 0.066662,
        "nauc_map_at_1000_diff1": 0.243227,
        "nauc_recall_at_1_max": 0.027716,
        "nauc_recall_at_1_std": 0.035721,
        "nauc_recall_at_1_diff1": 0.362076,
        "nauc_recall_at_3_max": -0.007537,
        "nauc_recall_at_3_std": 0.051441,
        "nauc_recall_at_3_diff1": 0.215157,
        "nauc_recall_at_5_max": -0.01843,
        "nauc_recall_at_5_std": 0.058565,
        "nauc_recall_at_5_diff1": 0.175165,
        "nauc_recall_at_10_max": -0.043101,
        "nauc_recall_at_10_std": 0.084983,
        "nauc_recall_at_10_diff1": 0.162064,
        "nauc_recall_at_20_max": -0.062242,
        "nauc_recall_at_20_std": 0.118764,
        "nauc_recall_at_20_diff1": 0.135698,
        "nauc_recall_at_100_max": -0.099163,
        "nauc_recall_at_100_std": 0.186364,
        "nauc_recall_at_100_diff1": 0.118988,
        "nauc_recall_at_1000_max": -0.184983,
        "nauc_recall_at_1000_std": 0.293117,
        "nauc_recall_at_1000_diff1": 0.123802,
        "nauc_precision_at_1_max": 0.026597,
        "nauc_precision_at_1_std": 0.040759,
        "nauc_precision_at_1_diff1": 0.356074,
        "nauc_precision_at_3_max": -0.004498,
        "nauc_precision_at_3_std": 0.055006,
        "nauc_precision_at_3_diff1": 0.216452,
        "nauc_precision_at_5_max": -0.015988,
        "nauc_precision_at_5_std": 0.065977,
        "nauc_precision_at_5_diff1": 0.181381,
        "nauc_precision_at_10_max": -0.041413,
        "nauc_precision_at_10_std": 0.091764,
        "nauc_precision_at_10_diff1": 0.171575,
        "nauc_precision_at_20_max": -0.060459,
        "nauc_precision_at_20_std": 0.125228,
        "nauc_precision_at_20_diff1": 0.144678,
        "nauc_precision_at_100_max": -0.095175,
        "nauc_precision_at_100_std": 0.199987,
        "nauc_precision_at_100_diff1": 0.125969,
        "nauc_precision_at_1000_max": -0.153424,
        "nauc_precision_at_1000_std": 0.277618,
        "nauc_precision_at_1000_diff1": 0.120071,
        "nauc_mrr_at_1_max": 0.026597,
        "nauc_mrr_at_1_std": 0.040759,
        "nauc_mrr_at_1_diff1": 0.356074,
        "nauc_mrr_at_3_max": 0.009589,
        "nauc_mrr_at_3_std": 0.048214,
        "nauc_mrr_at_3_diff1": 0.274053,
        "nauc_mrr_at_5_max": 0.004796,
        "nauc_mrr_at_5_std": 0.052139,
        "nauc_mrr_at_5_diff1": 0.258756,
        "nauc_mrr_at_10_max": -0.00172,
        "nauc_mrr_at_10_std": 0.058004,
        "nauc_mrr_at_10_diff1": 0.252071,
        "nauc_mrr_at_20_max": -0.005721,
        "nauc_mrr_at_20_std": 0.063649,
        "nauc_mrr_at_20_diff1": 0.245706,
        "nauc_mrr_at_100_max": -0.008699,
        "nauc_mrr_at_100_std": 0.069144,
        "nauc_mrr_at_100_diff1": 0.243175,
        "nauc_mrr_at_1000_max": -0.009598,
        "nauc_mrr_at_1000_std": 0.070175,
        "nauc_mrr_at_1000_diff1": 0.243402,
        "hit_rate_at_1": 0.04994,
        "hit_rate_at_3": 0.08771,
        "hit_rate_at_5": 0.10839,
        "hit_rate_at_10": 0.14411,
        "hit_rate_at_20": 0.18808,
        "hit_rate_at_100": 0.31772,
        "hit_rate_at_1000": 0.58722,
        "main_score": 0.08457,
        "hf_subset": "default",
        "languages": [
          "deu-Latn"
        ],
        "mteb_version": "2.16.0"
      }
    ]
  },
  "evaluation_time": 185.3084143269807,
  "kg_co2_emissions": null,
  "date": 1782188436.454816,
  "evaluation_phases": [
    {
      "name": "Data loading",
      "start": 3.984197974205017e-06,
      "end": 6.988457232713699,
      "split": "",
      "subset": ""
    },
    {
      "name": "Dataset transform",
      "start": 6.9884682428091764,
      "end": 6.988470075652003,
      "split": "",
      "subset": ""
    },
    {
      "name": "Encoding queries and documents",
      "start": 7.212190944701433,
      "end": 174.65367839299142,
      "split": "test",
      "subset": "default"
    },
    {
      "name": "Scoring",
      "start": 174.65369843319058,
      "end": 185.11963353678584,
      "split": "test",
      "subset": "default"
    }
  ]
}