{
  "dataset_revision": "f5c87ae5a2e7a5106606314eef45255f03151bb3",
  "task_name": "GermanQuAD-Retrieval",
  "mteb_version": "2.16.0",
  "scores": {
    "test": [
      {
        "ndcg_at_1": 0.80626,
        "ndcg_at_3": 0.87595,
        "ndcg_at_5": 0.88808,
        "ndcg_at_10": 0.894,
        "ndcg_at_20": 0.89772,
        "ndcg_at_100": 0.89995,
        "ndcg_at_1000": 0.90037,
        "map_at_1": 0.80626,
        "map_at_3": 0.85935,
        "map_at_5": 0.86618,
        "map_at_10": 0.86865,
        "map_at_20": 0.8697,
        "map_at_100": 0.87005,
        "map_at_1000": 0.87007,
        "recall_at_1": 0.80626,
        "recall_at_3": 0.92377,
        "recall_at_5": 0.95281,
        "recall_at_10": 0.97096,
        "recall_at_20": 0.98548,
        "recall_at_100": 0.99682,
        "recall_at_1000": 1.0,
        "accuracy": 0.80626,
        "precision_at_1": 0.80626,
        "precision_at_3": 0.30792,
        "precision_at_5": 0.19056,
        "precision_at_10": 0.0971,
        "precision_at_20": 0.04927,
        "precision_at_100": 0.00997,
        "precision_at_1000": 0.001,
        "mrr_at_1": 0.806261,
        "mrr_at_3": 0.859347,
        "mrr_at_5": 0.866175,
        "mrr_at_10": 0.868647,
        "mrr_at_20": 0.869695,
        "mrr_at_100": 0.870054,
        "mrr_at_1000": 0.870073,
        "nauc_ndcg_at_1_max": 0.461862,
        "nauc_ndcg_at_1_std": -0.154119,
        "nauc_ndcg_at_1_diff1": 0.80516,
        "nauc_ndcg_at_3_max": 0.540727,
        "nauc_ndcg_at_3_std": -0.148118,
        "nauc_ndcg_at_3_diff1": 0.781951,
        "nauc_ndcg_at_5_max": 0.546942,
        "nauc_ndcg_at_5_std": -0.132849,
        "nauc_ndcg_at_5_diff1": 0.777308,
        "nauc_ndcg_at_10_max": 0.534642,
        "nauc_ndcg_at_10_std": -0.127725,
        "nauc_ndcg_at_10_diff1": 0.777327,
        "nauc_ndcg_at_20_max": 0.526936,
        "nauc_ndcg_at_20_std": -0.131695,
        "nauc_ndcg_at_20_diff1": 0.782993,
        "nauc_ndcg_at_100_max": 0.519234,
        "nauc_ndcg_at_100_std": -0.134089,
        "nauc_ndcg_at_100_diff1": 0.78422,
        "nauc_ndcg_at_1000_max": 0.517074,
        "nauc_ndcg_at_1000_std": -0.138547,
        "nauc_ndcg_at_1000_diff1": 0.784337,
        "nauc_map_at_1_max": 0.461862,
        "nauc_map_at_1_std": -0.154119,
        "nauc_map_at_1_diff1": 0.80516,
        "nauc_map_at_3_max": 0.51446,
        "nauc_map_at_3_std": -0.151106,
        "nauc_map_at_3_diff1": 0.787346,
        "nauc_map_at_5_max": 0.516106,
        "nauc_map_at_5_std": -0.144175,
        "nauc_map_at_5_diff1": 0.785463,
        "nauc_map_at_10_max": 0.511258,
        "nauc_map_at_10_std": -0.142916,
        "nauc_map_at_10_diff1": 0.785533,
        "nauc_map_at_20_max": 0.509358,
        "nauc_map_at_20_std": -0.143537,
        "nauc_map_at_20_diff1": 0.786687,
        "nauc_map_at_100_max": 0.508337,
        "nauc_map_at_100_std": -0.143895,
        "nauc_map_at_100_diff1": 0.786872,
        "nauc_map_at_1000_max": 0.508263,
        "nauc_map_at_1000_std": -0.144048,
        "nauc_map_at_1000_diff1": 0.786875,
        "nauc_recall_at_1_max": 0.461862,
        "nauc_recall_at_1_std": -0.154119,
        "nauc_recall_at_1_diff1": 0.80516,
        "nauc_recall_at_3_max": 0.674683,
        "nauc_recall_at_3_std": -0.132172,
        "nauc_recall_at_3_diff1": 0.756104,
        "nauc_recall_at_5_max": 0.789688,
        "nauc_recall_at_5_std": -0.037732,
        "nauc_recall_at_5_diff1": 0.714634,
        "nauc_recall_at_10_max": 0.811582,
        "nauc_recall_at_10_std": 0.082159,
        "nauc_recall_at_10_diff1": 0.677934,
        "nauc_recall_at_20_max": 0.886574,
        "nauc_recall_at_20_std": 0.164407,
        "nauc_recall_at_20_diff1": 0.738673,
        "nauc_recall_at_100_max": 1.0,
        "nauc_recall_at_100_std": 0.853954,
        "nauc_recall_at_100_diff1": 0.757976,
        "nauc_recall_at_1000_max": NaN,
        "nauc_recall_at_1000_std": NaN,
        "nauc_recall_at_1000_diff1": NaN,
        "nauc_precision_at_1_max": 0.461862,
        "nauc_precision_at_1_std": -0.154119,
        "nauc_precision_at_1_diff1": 0.80516,
        "nauc_precision_at_3_max": 0.674683,
        "nauc_precision_at_3_std": -0.132172,
        "nauc_precision_at_3_diff1": 0.756104,
        "nauc_precision_at_5_max": 0.789688,
        "nauc_precision_at_5_std": -0.037732,
        "nauc_precision_at_5_diff1": 0.714634,
        "nauc_precision_at_10_max": 0.811582,
        "nauc_precision_at_10_std": 0.082159,
        "nauc_precision_at_10_diff1": 0.677934,
        "nauc_precision_at_20_max": 0.886574,
        "nauc_precision_at_20_std": 0.164407,
        "nauc_precision_at_20_diff1": 0.738673,
        "nauc_precision_at_100_max": 1.0,
        "nauc_precision_at_100_std": 0.853954,
        "nauc_precision_at_100_diff1": 0.757976,
        "nauc_precision_at_1000_max": 1.0,
        "nauc_precision_at_1000_std": 1.0,
        "nauc_precision_at_1000_diff1": 1.0,
        "nauc_mrr_at_1_max": 0.461862,
        "nauc_mrr_at_1_std": -0.154119,
        "nauc_mrr_at_1_diff1": 0.80516,
        "nauc_mrr_at_3_max": 0.51446,
        "nauc_mrr_at_3_std": -0.151106,
        "nauc_mrr_at_3_diff1": 0.787346,
        "nauc_mrr_at_5_max": 0.516106,
        "nauc_mrr_at_5_std": -0.144175,
        "nauc_mrr_at_5_diff1": 0.785463,
        "nauc_mrr_at_10_max": 0.511258,
        "nauc_mrr_at_10_std": -0.142916,
        "nauc_mrr_at_10_diff1": 0.785533,
        "nauc_mrr_at_20_max": 0.509358,
        "nauc_mrr_at_20_std": -0.143537,
        "nauc_mrr_at_20_diff1": 0.786687,
        "nauc_mrr_at_100_max": 0.508337,
        "nauc_mrr_at_100_std": -0.143895,
        "nauc_mrr_at_100_diff1": 0.786872,
        "nauc_mrr_at_1000_max": 0.508263,
        "nauc_mrr_at_1000_std": -0.144048,
        "nauc_mrr_at_1000_diff1": 0.786875,
        "hit_rate_at_1": 0.80626,
        "hit_rate_at_3": 0.92377,
        "hit_rate_at_5": 0.95281,
        "hit_rate_at_10": 0.97096,
        "hit_rate_at_20": 0.98548,
        "hit_rate_at_100": 0.99682,
        "hit_rate_at_1000": 1.0,
        "main_score": 0.866175,
        "hf_subset": "default",
        "languages": [
          "deu-Latn"
        ],
        "mteb_version": "2.16.0"
      }
    ]
  },
  "evaluation_time": 11.88618777692318,
  "kg_co2_emissions": null,
  "date": 1782188251.140761,
  "evaluation_phases": [
    {
      "name": "Data loading",
      "start": 0.0,
      "end": 5.343030031770468,
      "split": "",
      "subset": ""
    },
    {
      "name": "Encoding queries and documents",
      "start": 5.381528239697218,
      "end": 10.920792132616043,
      "split": "test",
      "subset": "default"
    },
    {
      "name": "Scoring",
      "start": 10.920815108343959,
      "end": 11.865133175626397,
      "split": "test",
      "subset": "default"
    }
  ]
}