{
  "dataset_revision": "d7d94fa4b946cec4a27c84653aa0cf6b33f74a3c",
  "task_name": "MIRACLRetrievalHardNegatives",
  "mteb_version": "2.16.0",
  "scores": {
    "dev": [
      {
        "ndcg_at_1": 0.23607,
        "ndcg_at_3": 0.24091,
        "ndcg_at_5": 0.27388,
        "ndcg_at_10": 0.32564,
        "ndcg_at_20": 0.36202,
        "ndcg_at_100": 0.43904,
        "ndcg_at_1000": 0.46067,
        "map_at_1": 0.11279,
        "map_at_3": 0.17308,
        "map_at_5": 0.20316,
        "map_at_10": 0.2308,
        "map_at_20": 0.24489,
        "map_at_100": 0.26205,
        "map_at_1000": 0.26372,
        "recall_at_1": 0.11279,
        "recall_at_3": 0.2331,
        "recall_at_5": 0.31918,
        "recall_at_10": 0.44856,
        "recall_at_20": 0.55651,
        "recall_at_100": 0.86458,
        "recall_at_1000": 0.99106,
        "accuracy": 0.11279,
        "precision_at_1": 0.23607,
        "precision_at_3": 0.17377,
        "precision_at_5": 0.15279,
        "precision_at_10": 0.10951,
        "precision_at_20": 0.07033,
        "precision_at_100": 0.02285,
        "precision_at_1000": 0.00263,
        "mrr_at_1": 0.236066,
        "mrr_at_3": 0.327322,
        "mrr_at_5": 0.350273,
        "mrr_at_10": 0.369511,
        "mrr_at_20": 0.374512,
        "mrr_at_100": 0.379277,
        "mrr_at_1000": 0.37955,
        "nauc_ndcg_at_1_max": 0.08099,
        "nauc_ndcg_at_1_std": -0.032116,
        "nauc_ndcg_at_1_diff1": 0.212256,
        "nauc_ndcg_at_3_max": 0.017149,
        "nauc_ndcg_at_3_std": -0.03814,
        "nauc_ndcg_at_3_diff1": 0.15363,
        "nauc_ndcg_at_5_max": 0.039852,
        "nauc_ndcg_at_5_std": -0.036286,
        "nauc_ndcg_at_5_diff1": 0.155017,
        "nauc_ndcg_at_10_max": 0.046604,
        "nauc_ndcg_at_10_std": -0.047199,
        "nauc_ndcg_at_10_diff1": 0.130587,
        "nauc_ndcg_at_20_max": 0.057628,
        "nauc_ndcg_at_20_std": -0.054731,
        "nauc_ndcg_at_20_diff1": 0.120241,
        "nauc_ndcg_at_100_max": 0.080018,
        "nauc_ndcg_at_100_std": 0.004018,
        "nauc_ndcg_at_100_diff1": 0.103166,
        "nauc_ndcg_at_1000_max": 0.069691,
        "nauc_ndcg_at_1000_std": -0.013415,
        "nauc_ndcg_at_1000_diff1": 0.110596,
        "nauc_map_at_1_max": -0.001419,
        "nauc_map_at_1_std": -0.06115,
        "nauc_map_at_1_diff1": 0.239656,
        "nauc_map_at_3_max": -0.008634,
        "nauc_map_at_3_std": -0.059832,
        "nauc_map_at_3_diff1": 0.181549,
        "nauc_map_at_5_max": 0.013215,
        "nauc_map_at_5_std": -0.054223,
        "nauc_map_at_5_diff1": 0.174196,
        "nauc_map_at_10_max": 0.024112,
        "nauc_map_at_10_std": -0.056665,
        "nauc_map_at_10_diff1": 0.153411,
        "nauc_map_at_20_max": 0.029426,
        "nauc_map_at_20_std": -0.060109,
        "nauc_map_at_20_diff1": 0.145619,
        "nauc_map_at_100_max": 0.037528,
        "nauc_map_at_100_std": -0.048243,
        "nauc_map_at_100_diff1": 0.137176,
        "nauc_map_at_1000_max": 0.036917,
        "nauc_map_at_1000_std": -0.048406,
        "nauc_map_at_1000_diff1": 0.137304,
        "nauc_recall_at_1_max": -0.001419,
        "nauc_recall_at_1_std": -0.06115,
        "nauc_recall_at_1_diff1": 0.239656,
        "nauc_recall_at_3_max": -0.029936,
        "nauc_recall_at_3_std": -0.045235,
        "nauc_recall_at_3_diff1": 0.134743,
        "nauc_recall_at_5_max": 0.011089,
        "nauc_recall_at_5_std": -0.037453,
        "nauc_recall_at_5_diff1": 0.137632,
        "nauc_recall_at_10_max": 0.029656,
        "nauc_recall_at_10_std": -0.057113,
        "nauc_recall_at_10_diff1": 0.076966,
        "nauc_recall_at_20_max": 0.048753,
        "nauc_recall_at_20_std": -0.086239,
        "nauc_recall_at_20_diff1": 0.059818,
        "nauc_recall_at_100_max": 0.141961,
        "nauc_recall_at_100_std": 0.242439,
        "nauc_recall_at_100_diff1": -0.043243,
        "nauc_recall_at_1000_max": -0.235727,
        "nauc_recall_at_1000_std": 0.459387,
        "nauc_recall_at_1000_diff1": -0.115716,
        "nauc_precision_at_1_max": 0.08099,
        "nauc_precision_at_1_std": -0.032116,
        "nauc_precision_at_1_diff1": 0.212256,
        "nauc_precision_at_3_max": 0.037085,
        "nauc_precision_at_3_std": -0.028653,
        "nauc_precision_at_3_diff1": 0.059913,
        "nauc_precision_at_5_max": 0.122223,
        "nauc_precision_at_5_std": 0.00017,
        "nauc_precision_at_5_diff1": 0.020949,
        "nauc_precision_at_10_max": 0.145061,
        "nauc_precision_at_10_std": -0.001812,
        "nauc_precision_at_10_diff1": -0.058933,
        "nauc_precision_at_20_max": 0.14757,
        "nauc_precision_at_20_std": -0.00327,
        "nauc_precision_at_20_diff1": -0.105546,
        "nauc_precision_at_100_max": 0.197621,
        "nauc_precision_at_100_std": 0.171662,
        "nauc_precision_at_100_diff1": -0.160239,
        "nauc_precision_at_1000_max": 0.149882,
        "nauc_precision_at_1000_std": 0.113163,
        "nauc_precision_at_1000_diff1": -0.160493,
        "nauc_mrr_at_1_max": 0.08099,
        "nauc_mrr_at_1_std": -0.032116,
        "nauc_mrr_at_1_diff1": 0.212256,
        "nauc_mrr_at_3_max": 0.059309,
        "nauc_mrr_at_3_std": -0.00823,
        "nauc_mrr_at_3_diff1": 0.158502,
        "nauc_mrr_at_5_max": 0.07675,
        "nauc_mrr_at_5_std": -0.005229,
        "nauc_mrr_at_5_diff1": 0.16158,
        "nauc_mrr_at_10_max": 0.079426,
        "nauc_mrr_at_10_std": -0.007541,
        "nauc_mrr_at_10_diff1": 0.156833,
        "nauc_mrr_at_20_max": 0.080202,
        "nauc_mrr_at_20_std": -0.008253,
        "nauc_mrr_at_20_diff1": 0.158854,
        "nauc_mrr_at_100_max": 0.078732,
        "nauc_mrr_at_100_std": -0.007738,
        "nauc_mrr_at_100_diff1": 0.160593,
        "nauc_mrr_at_1000_max": 0.078675,
        "nauc_mrr_at_1000_std": -0.007989,
        "nauc_mrr_at_1000_diff1": 0.160729,
        "hit_rate_at_1": 0.23607,
        "hit_rate_at_3": 0.45246,
        "hit_rate_at_5": 0.5541,
        "hit_rate_at_10": 0.6918,
        "hit_rate_at_20": 0.76721,
        "hit_rate_at_100": 0.94426,
        "hit_rate_at_1000": 1.0,
        "main_score": 0.32564,
        "hf_subset": "de",
        "languages": [
          "deu-Latn"
        ],
        "mteb_version": "2.16.0"
      }
    ]
  },
  "evaluation_time": 196.3739902563393,
  "kg_co2_emissions": null,
  "date": 1782188632.836038,
  "evaluation_phases": [
    {
      "name": "Data loading",
      "start": 4.2282044887542725e-06,
      "end": 7.264910554513335,
      "split": "",
      "subset": ""
    },
    {
      "name": "Dataset transform",
      "start": 7.2649171352386475,
      "end": 7.264918630942702,
      "split": "",
      "subset": ""
    },
    {
      "name": "Encoding queries and documents",
      "start": 7.269961044192314,
      "end": 196.0307847801596,
      "split": "dev",
      "subset": "de"
    },
    {
      "name": "Scoring",
      "start": 196.0308034196496,
      "end": 196.36002854257822,
      "split": "dev",
      "subset": "de"
    }
  ]
}