{
  "dataset_revision": "837028901907a7d419b4ab906f28e011ce1cc824",
  "task_name": "MultiLongDocRetrieval",
  "mteb_version": "2.16.0",
  "scores": {
    "dev": [
      {
        "ndcg_at_1": 0.135,
        "ndcg_at_3": 0.18089,
        "ndcg_at_5": 0.20951,
        "ndcg_at_10": 0.23024,
        "ndcg_at_20": 0.244,
        "ndcg_at_100": 0.27456,
        "ndcg_at_1000": 0.29792,
        "map_at_1": 0.135,
        "map_at_3": 0.16917,
        "map_at_5": 0.18492,
        "map_at_10": 0.19331,
        "map_at_20": 0.197,
        "map_at_100": 0.2009,
        "map_at_1000": 0.20167,
        "recall_at_1": 0.135,
        "recall_at_3": 0.215,
        "recall_at_5": 0.285,
        "recall_at_10": 0.35,
        "recall_at_20": 0.405,
        "recall_at_100": 0.575,
        "recall_at_1000": 0.765,
        "accuracy": 0.135,
        "precision_at_1": 0.135,
        "precision_at_3": 0.07167,
        "precision_at_5": 0.057,
        "precision_at_10": 0.035,
        "precision_at_20": 0.02025,
        "precision_at_100": 0.00575,
        "precision_at_1000": 0.00076,
        "mrr_at_1": 0.135,
        "mrr_at_3": 0.169167,
        "mrr_at_5": 0.184917,
        "mrr_at_10": 0.193312,
        "mrr_at_20": 0.197003,
        "mrr_at_100": 0.200901,
        "mrr_at_1000": 0.201673,
        "nauc_ndcg_at_1_max": 0.372251,
        "nauc_ndcg_at_1_std": 0.009422,
        "nauc_ndcg_at_1_diff1": 0.523903,
        "nauc_ndcg_at_3_max": 0.324264,
        "nauc_ndcg_at_3_std": 0.053302,
        "nauc_ndcg_at_3_diff1": 0.435146,
        "nauc_ndcg_at_5_max": 0.362896,
        "nauc_ndcg_at_5_std": 0.098297,
        "nauc_ndcg_at_5_diff1": 0.400356,
        "nauc_ndcg_at_10_max": 0.360225,
        "nauc_ndcg_at_10_std": 0.096444,
        "nauc_ndcg_at_10_diff1": 0.412782,
        "nauc_ndcg_at_20_max": 0.353192,
        "nauc_ndcg_at_20_std": 0.102497,
        "nauc_ndcg_at_20_diff1": 0.401462,
        "nauc_ndcg_at_100_max": 0.360654,
        "nauc_ndcg_at_100_std": 0.139196,
        "nauc_ndcg_at_100_diff1": 0.391806,
        "nauc_ndcg_at_1000_max": 0.371283,
        "nauc_ndcg_at_1000_std": 0.144317,
        "nauc_ndcg_at_1000_diff1": 0.391726,
        "nauc_map_at_1_max": 0.372251,
        "nauc_map_at_1_std": 0.009422,
        "nauc_map_at_1_diff1": 0.523903,
        "nauc_map_at_3_max": 0.338358,
        "nauc_map_at_3_std": 0.048054,
        "nauc_map_at_3_diff1": 0.456768,
        "nauc_map_at_5_max": 0.359955,
        "nauc_map_at_5_std": 0.0741,
        "nauc_map_at_5_diff1": 0.4346,
        "nauc_map_at_10_max": 0.360463,
        "nauc_map_at_10_std": 0.075382,
        "nauc_map_at_10_diff1": 0.439203,
        "nauc_map_at_20_max": 0.35878,
        "nauc_map_at_20_std": 0.077849,
        "nauc_map_at_20_diff1": 0.435818,
        "nauc_map_at_100_max": 0.360094,
        "nauc_map_at_100_std": 0.083268,
        "nauc_map_at_100_diff1": 0.434344,
        "nauc_map_at_1000_max": 0.360836,
        "nauc_map_at_1000_std": 0.083695,
        "nauc_map_at_1000_diff1": 0.434288,
        "nauc_recall_at_1_max": 0.372251,
        "nauc_recall_at_1_std": 0.009422,
        "nauc_recall_at_1_diff1": 0.523903,
        "nauc_recall_at_3_max": 0.288539,
        "nauc_recall_at_3_std": 0.064737,
        "nauc_recall_at_3_diff1": 0.381424,
        "nauc_recall_at_5_max": 0.373354,
        "nauc_recall_at_5_std": 0.156836,
        "nauc_recall_at_5_diff1": 0.32003,
        "nauc_recall_at_10_max": 0.359674,
        "nauc_recall_at_10_std": 0.142092,
        "nauc_recall_at_10_diff1": 0.357202,
        "nauc_recall_at_20_max": 0.335474,
        "nauc_recall_at_20_std": 0.156683,
        "nauc_recall_at_20_diff1": 0.322611,
        "nauc_recall_at_100_max": 0.366103,
        "nauc_recall_at_100_std": 0.335048,
        "nauc_recall_at_100_diff1": 0.269173,
        "nauc_recall_at_1000_max": 0.452617,
        "nauc_recall_at_1000_std": 0.467456,
        "nauc_recall_at_1000_diff1": 0.21362,
        "nauc_precision_at_1_max": 0.372251,
        "nauc_precision_at_1_std": 0.009422,
        "nauc_precision_at_1_diff1": 0.523903,
        "nauc_precision_at_3_max": 0.288539,
        "nauc_precision_at_3_std": 0.064737,
        "nauc_precision_at_3_diff1": 0.381424,
        "nauc_precision_at_5_max": 0.373354,
        "nauc_precision_at_5_std": 0.156836,
        "nauc_precision_at_5_diff1": 0.32003,
        "nauc_precision_at_10_max": 0.359674,
        "nauc_precision_at_10_std": 0.142092,
        "nauc_precision_at_10_diff1": 0.357202,
        "nauc_precision_at_20_max": 0.335474,
        "nauc_precision_at_20_std": 0.156683,
        "nauc_precision_at_20_diff1": 0.322611,
        "nauc_precision_at_100_max": 0.366103,
        "nauc_precision_at_100_std": 0.335048,
        "nauc_precision_at_100_diff1": 0.269173,
        "nauc_precision_at_1000_max": 0.452617,
        "nauc_precision_at_1000_std": 0.467456,
        "nauc_precision_at_1000_diff1": 0.21362,
        "nauc_mrr_at_1_max": 0.372251,
        "nauc_mrr_at_1_std": 0.009422,
        "nauc_mrr_at_1_diff1": 0.523903,
        "nauc_mrr_at_3_max": 0.338358,
        "nauc_mrr_at_3_std": 0.048054,
        "nauc_mrr_at_3_diff1": 0.456768,
        "nauc_mrr_at_5_max": 0.359955,
        "nauc_mrr_at_5_std": 0.0741,
        "nauc_mrr_at_5_diff1": 0.4346,
        "nauc_mrr_at_10_max": 0.360463,
        "nauc_mrr_at_10_std": 0.075382,
        "nauc_mrr_at_10_diff1": 0.439203,
        "nauc_mrr_at_20_max": 0.35878,
        "nauc_mrr_at_20_std": 0.077849,
        "nauc_mrr_at_20_diff1": 0.435818,
        "nauc_mrr_at_100_max": 0.360094,
        "nauc_mrr_at_100_std": 0.083268,
        "nauc_mrr_at_100_diff1": 0.434344,
        "nauc_mrr_at_1000_max": 0.360836,
        "nauc_mrr_at_1000_std": 0.083695,
        "nauc_mrr_at_1000_diff1": 0.434288,
        "hit_rate_at_1": 0.135,
        "hit_rate_at_3": 0.215,
        "hit_rate_at_5": 0.285,
        "hit_rate_at_10": 0.35,
        "hit_rate_at_20": 0.405,
        "hit_rate_at_100": 0.575,
        "hit_rate_at_1000": 0.765,
        "main_score": 0.23024,
        "hf_subset": "de",
        "languages": [
          "deu-Latn"
        ],
        "mteb_version": "2.16.0"
      }
    ],
    "test": [
      {
        "ndcg_at_1": 0.145,
        "ndcg_at_3": 0.17827,
        "ndcg_at_5": 0.18838,
        "ndcg_at_10": 0.21214,
        "ndcg_at_20": 0.23352,
        "ndcg_at_100": 0.26004,
        "ndcg_at_1000": 0.29312,
        "map_at_1": 0.145,
        "map_at_3": 0.16917,
        "map_at_5": 0.17467,
        "map_at_10": 0.18417,
        "map_at_20": 0.18998,
        "map_at_100": 0.19322,
        "map_at_1000": 0.19417,
        "recall_at_1": 0.145,
        "recall_at_3": 0.205,
        "recall_at_5": 0.23,
        "recall_at_10": 0.305,
        "recall_at_20": 0.39,
        "recall_at_100": 0.54,
        "recall_at_1000": 0.815,
        "accuracy": 0.145,
        "precision_at_1": 0.145,
        "precision_at_3": 0.06833,
        "precision_at_5": 0.046,
        "precision_at_10": 0.0305,
        "precision_at_20": 0.0195,
        "precision_at_100": 0.0054,
        "precision_at_1000": 0.00082,
        "mrr_at_1": 0.145,
        "mrr_at_3": 0.169167,
        "mrr_at_5": 0.174667,
        "mrr_at_10": 0.184169,
        "mrr_at_20": 0.189982,
        "mrr_at_100": 0.193216,
        "mrr_at_1000": 0.194174,
        "nauc_ndcg_at_1_max": 0.271462,
        "nauc_ndcg_at_1_std": -0.00399,
        "nauc_ndcg_at_1_diff1": 0.494713,
        "nauc_ndcg_at_3_max": 0.208929,
        "nauc_ndcg_at_3_std": -0.004778,
        "nauc_ndcg_at_3_diff1": 0.395853,
        "nauc_ndcg_at_5_max": 0.23243,
        "nauc_ndcg_at_5_std": 0.015456,
        "nauc_ndcg_at_5_diff1": 0.386158,
        "nauc_ndcg_at_10_max": 0.232673,
        "nauc_ndcg_at_10_std": 0.048076,
        "nauc_ndcg_at_10_diff1": 0.365828,
        "nauc_ndcg_at_20_max": 0.243668,
        "nauc_ndcg_at_20_std": 0.074302,
        "nauc_ndcg_at_20_diff1": 0.341067,
        "nauc_ndcg_at_100_max": 0.228021,
        "nauc_ndcg_at_100_std": 0.081228,