{
  "dataset_revision": "48327de6ee192e9610f3069789719788957c7abd",
  "task_name": "GerDaLIRSmall",
  "mteb_version": "2.16.0",
  "scores": {
    "test": [
      {
        "ndcg_at_1": 0.09482,
        "ndcg_at_3": 0.12181,
        "ndcg_at_5": 0.13527,
        "ndcg_at_10": 0.15134,
        "ndcg_at_20": 0.16518,
        "ndcg_at_100": 0.19419,
        "ndcg_at_1000": 0.22576,
        "map_at_1": 0.08437,
        "map_at_3": 0.11067,
        "map_at_5": 0.11824,
        "map_at_10": 0.12496,
        "map_at_20": 0.12882,
        "map_at_100": 0.13278,
        "map_at_1000": 0.13382,
        "recall_at_1": 0.08437,
        "recall_at_3": 0.14299,
        "recall_at_5": 0.17472,
        "recall_at_10": 0.22295,
        "recall_at_20": 0.27612,
        "recall_at_100": 0.42918,
        "recall_at_1000": 0.67949,
        "accuracy": 0.08437,
        "precision_at_1": 0.09482,
        "precision_at_3": 0.05427,
        "precision_at_5": 0.04004,
        "precision_at_10": 0.02567,
        "precision_at_20": 0.0159,
        "precision_at_100": 0.00499,
        "precision_at_1000": 0.00079,
        "mrr_at_1": 0.094818,
        "mrr_at_3": 0.122078,
        "mrr_at_5": 0.12988,
        "mrr_at_10": 0.136523,
        "mrr_at_20": 0.140268,
        "mrr_at_100": 0.144066,
        "mrr_at_1000": 0.145014,
        "nauc_ndcg_at_1_max": 0.122362,
        "nauc_ndcg_at_1_std": 0.00815,
        "nauc_ndcg_at_1_diff1": 0.388617,
        "nauc_ndcg_at_3_max": 0.093362,
        "nauc_ndcg_at_3_std": 0.026523,
        "nauc_ndcg_at_3_diff1": 0.308081,
        "nauc_ndcg_at_5_max": 0.084932,
        "nauc_ndcg_at_5_std": 0.036322,
        "nauc_ndcg_at_5_diff1": 0.287171,
        "nauc_ndcg_at_10_max": 0.07826,
        "nauc_ndcg_at_10_std": 0.050082,
        "nauc_ndcg_at_10_diff1": 0.270895,
        "nauc_ndcg_at_20_max": 0.070951,
        "nauc_ndcg_at_20_std": 0.061597,
        "nauc_ndcg_at_20_diff1": 0.259968,
        "nauc_ndcg_at_100_max": 0.063066,
        "nauc_ndcg_at_100_std": 0.092682,
        "nauc_ndcg_at_100_diff1": 0.248853,
        "nauc_ndcg_at_1000_max": 0.057585,
        "nauc_ndcg_at_1000_std": 0.109169,
        "nauc_ndcg_at_1000_diff1": 0.253415,
        "nauc_map_at_1_max": 0.114058,
        "nauc_map_at_1_std": 0.004621,
        "nauc_map_at_1_diff1": 0.398163,
        "nauc_map_at_3_max": 0.097364,
        "nauc_map_at_3_std": 0.021917,
        "nauc_map_at_3_diff1": 0.327975,
        "nauc_map_at_5_max": 0.092075,
        "nauc_map_at_5_std": 0.027852,
        "nauc_map_at_5_diff1": 0.314338,
        "nauc_map_at_10_max": 0.088834,
        "nauc_map_at_10_std": 0.034703,
        "nauc_map_at_10_diff1": 0.305833,
        "nauc_map_at_20_max": 0.086437,
        "nauc_map_at_20_std": 0.038632,
        "nauc_map_at_20_diff1": 0.301715,
        "nauc_map_at_100_max": 0.085255,
        "nauc_map_at_100_std": 0.043975,
        "nauc_map_at_100_diff1": 0.299443,
        "nauc_map_at_1000_max": 0.085071,
        "nauc_map_at_1000_std": 0.044785,
        "nauc_map_at_1000_diff1": 0.299612,
        "nauc_recall_at_1_max": 0.114058,
        "nauc_recall_at_1_std": 0.004621,
        "nauc_recall_at_1_diff1": 0.398163,
        "nauc_recall_at_3_max": 0.077584,
        "nauc_recall_at_3_std": 0.034632,
        "nauc_recall_at_3_diff1": 0.259412,
        "nauc_recall_at_5_max": 0.063139,
        "nauc_recall_at_5_std": 0.0519,
        "nauc_recall_at_5_diff1": 0.227979,
        "nauc_recall_at_10_max": 0.048938,
        "nauc_recall_at_10_std": 0.078942,
        "nauc_recall_at_10_diff1": 0.193442,
        "nauc_recall_at_20_max": 0.031853,
        "nauc_recall_at_20_std": 0.107257,
        "nauc_recall_at_20_diff1": 0.172922,
        "nauc_recall_at_100_max": 0.003883,
        "nauc_recall_at_100_std": 0.208452,
        "nauc_recall_at_100_diff1": 0.137964,
        "nauc_recall_at_1000_max": -0.052055,
        "nauc_recall_at_1000_std": 0.346201,
        "nauc_recall_at_1000_diff1": 0.137854,
        "nauc_precision_at_1_max": 0.122362,
        "nauc_precision_at_1_std": 0.00815,
        "nauc_precision_at_1_diff1": 0.388617,
        "nauc_precision_at_3_max": 0.088967,
        "nauc_precision_at_3_std": 0.039214,
        "nauc_precision_at_3_diff1": 0.262533,
        "nauc_precision_at_5_max": 0.074129,
        "nauc_precision_at_5_std": 0.056446,
        "nauc_precision_at_5_diff1": 0.228008,
        "nauc_precision_at_10_max": 0.064561,
        "nauc_precision_at_10_std": 0.085449,
        "nauc_precision_at_10_diff1": 0.199474,
        "nauc_precision_at_20_max": 0.046834,
        "nauc_precision_at_20_std": 0.111187,
        "nauc_precision_at_20_diff1": 0.174404,
        "nauc_precision_at_100_max": 0.023672,
        "nauc_precision_at_100_std": 0.210021,
        "nauc_precision_at_100_diff1": 0.13473,
        "nauc_precision_at_1000_max": -0.009935,
        "nauc_precision_at_1000_std": 0.276457,
        "nauc_precision_at_1000_diff1": 0.108593,
        "nauc_mrr_at_1_max": 0.122362,
        "nauc_mrr_at_1_std": 0.00815,
        "nauc_mrr_at_1_diff1": 0.388617,
        "nauc_mrr_at_3_max": 0.103242,
        "nauc_mrr_at_3_std": 0.024992,
        "nauc_mrr_at_3_diff1": 0.322236,
        "nauc_mrr_at_5_max": 0.098259,
        "nauc_mrr_at_5_std": 0.030994,
        "nauc_mrr_at_5_diff1": 0.30891,
        "nauc_mrr_at_10_max": 0.094722,
        "nauc_mrr_at_10_std": 0.037253,
        "nauc_mrr_at_10_diff1": 0.301509,
        "nauc_mrr_at_20_max": 0.092255,
        "nauc_mrr_at_20_std": 0.040903,
        "nauc_mrr_at_20_diff1": 0.297967,
        "nauc_mrr_at_100_max": 0.091206,
        "nauc_mrr_at_100_std": 0.045321,
        "nauc_mrr_at_100_diff1": 0.296295,
        "nauc_mrr_at_1000_max": 0.091051,
        "nauc_mrr_at_1000_std": 0.045878,
        "nauc_mrr_at_1000_diff1": 0.296498,
        "hit_rate_at_1": 0.09482,
        "hit_rate_at_3": 0.15784,
        "hit_rate_at_5": 0.19201,
        "hit_rate_at_10": 0.24252,
        "hit_rate_at_20": 0.29704,
        "hit_rate_at_100": 0.45365,
        "hit_rate_at_1000": 0.6992,
        "main_score": 0.15134,
        "hf_subset": "default",
        "languages": [
          "deu-Latn"
        ],
        "mteb_version": "2.16.0"
      }
    ]
  },
  "evaluation_time": 187.99315709620714,
  "kg_co2_emissions": null,
  "date": 1782232387.961471,
  "evaluation_phases": [
    {
      "name": "Data loading",
      "start": 3.725290298461914e-06,
      "end": 7.872179459780455,
      "split": "",
      "subset": ""
    },
    {
      "name": "Dataset transform",
      "start": 7.872186856344342,
      "end": 7.872188419103622,
      "split": "",
      "subset": ""
    },
    {
      "name": "Encoding queries and documents",
      "start": 8.032280646264553,
      "end": 177.003853360191,
      "split": "test",
      "subset": "default"
    },
    {
      "name": "Scoring",
      "start": 177.0038734562695,
      "end": 187.80154434777796,
      "split": "test",
      "subset": "default"
    }
  ]
}