{
  "dataset_revision": "f5c87ae5a2e7a5106606314eef45255f03151bb3",
  "task_name": "GermanQuAD-Retrieval",
  "mteb_version": "2.16.0",
  "scores": {
    "test": [
      {
        "ndcg_at_1": 0.76134,
        "ndcg_at_3": 0.85074,
        "ndcg_at_5": 0.8632,
        "ndcg_at_10": 0.87166,
        "ndcg_at_20": 0.87593,
        "ndcg_at_100": 0.87812,
        "ndcg_at_1000": 0.87861,
        "map_at_1": 0.76134,
        "map_at_3": 0.82948,
        "map_at_5": 0.83646,
        "map_at_10": 0.83993,
        "map_at_20": 0.84112,
        "map_at_100": 0.84145,
        "map_at_1000": 0.84147,
        "recall_at_1": 0.76134,
        "recall_at_3": 0.91198,
        "recall_at_5": 0.94192,
        "recall_at_10": 0.96824,
        "recall_at_20": 0.98503,
        "recall_at_100": 0.99637,
        "recall_at_1000": 1.0,
        "accuracy": 0.76134,
        "precision_at_1": 0.76134,
        "precision_at_3": 0.30399,
        "precision_at_5": 0.18838,
        "precision_at_10": 0.09682,
        "precision_at_20": 0.04925,
        "precision_at_100": 0.00996,
        "precision_at_1000": 0.001,
        "mrr_at_1": 0.761343,
        "mrr_at_3": 0.829477,
        "mrr_at_5": 0.836464,
        "mrr_at_10": 0.83993,
        "mrr_at_20": 0.841117,
        "mrr_at_100": 0.84145,
        "mrr_at_1000": 0.841472,
        "nauc_ndcg_at_1_max": 0.39742,
        "nauc_ndcg_at_1_std": -0.172129,
        "nauc_ndcg_at_1_diff1": 0.782006,
        "nauc_ndcg_at_3_max": 0.443185,
        "nauc_ndcg_at_3_std": -0.214173,
        "nauc_ndcg_at_3_diff1": 0.753677,
        "nauc_ndcg_at_5_max": 0.456938,
        "nauc_ndcg_at_5_std": -0.20252,
        "nauc_ndcg_at_5_diff1": 0.755183,
        "nauc_ndcg_at_10_max": 0.448699,
        "nauc_ndcg_at_10_std": -0.194047,
        "nauc_ndcg_at_10_diff1": 0.759664,
        "nauc_ndcg_at_20_max": 0.442671,
        "nauc_ndcg_at_20_std": -0.190201,
        "nauc_ndcg_at_20_diff1": 0.763445,
        "nauc_ndcg_at_100_max": 0.438601,
        "nauc_ndcg_at_100_std": -0.187922,
        "nauc_ndcg_at_100_diff1": 0.76392,
        "nauc_ndcg_at_1000_max": 0.436224,
        "nauc_ndcg_at_1000_std": -0.191151,
        "nauc_ndcg_at_1000_diff1": 0.763957,
        "nauc_map_at_1_max": 0.39742,
        "nauc_map_at_1_std": -0.172129,
        "nauc_map_at_1_diff1": 0.782006,
        "nauc_map_at_3_max": 0.429237,
        "nauc_map_at_3_std": -0.201926,
        "nauc_map_at_3_diff1": 0.76247,
        "nauc_map_at_5_max": 0.435224,
        "nauc_map_at_5_std": -0.195489,
        "nauc_map_at_5_diff1": 0.763615,
        "nauc_map_at_10_max": 0.431925,
        "nauc_map_at_10_std": -0.192786,
        "nauc_map_at_10_diff1": 0.765166,
        "nauc_map_at_20_max": 0.430397,
        "nauc_map_at_20_std": -0.191964,
        "nauc_map_at_20_diff1": 0.76599,
        "nauc_map_at_100_max": 0.429877,
        "nauc_map_at_100_std": -0.191463,
        "nauc_map_at_100_diff1": 0.766038,
        "nauc_map_at_1000_max": 0.429792,
        "nauc_map_at_1000_std": -0.191566,
        "nauc_map_at_1000_diff1": 0.76604,
        "nauc_recall_at_1_max": 0.39742,
        "nauc_recall_at_1_std": -0.172129,
        "nauc_recall_at_1_diff1": 0.782006,
        "nauc_recall_at_3_max": 0.514614,
        "nauc_recall_at_3_std": -0.276443,
        "nauc_recall_at_3_diff1": 0.708515,
        "nauc_recall_at_5_max": 0.622718,
        "nauc_recall_at_5_std": -0.250853,
        "nauc_recall_at_5_diff1": 0.692914,
        "nauc_recall_at_10_max": 0.665222,
        "nauc_recall_at_10_std": -0.186304,
        "nauc_recall_at_10_diff1": 0.696545,
        "nauc_recall_at_20_max": 0.731705,
        "nauc_recall_at_20_std": -0.060422,
        "nauc_recall_at_20_diff1": 0.742506,
        "nauc_recall_at_100_max": 0.983663,
        "nauc_recall_at_100_std": 0.569988,
        "nauc_recall_at_100_diff1": 0.757245,
        "nauc_recall_at_1000_max": NaN,
        "nauc_recall_at_1000_std": NaN,
        "nauc_recall_at_1000_diff1": NaN,
        "nauc_precision_at_1_max": 0.39742,
        "nauc_precision_at_1_std": -0.172129,
        "nauc_precision_at_1_diff1": 0.782006,
        "nauc_precision_at_3_max": 0.514614,
        "nauc_precision_at_3_std": -0.276443,
        "nauc_precision_at_3_diff1": 0.708515,
        "nauc_precision_at_5_max": 0.622718,
        "nauc_precision_at_5_std": -0.250853,
        "nauc_precision_at_5_diff1": 0.692914,
        "nauc_precision_at_10_max": 0.665222,
        "nauc_precision_at_10_std": -0.186304,
        "nauc_precision_at_10_diff1": 0.696545,
        "nauc_precision_at_20_max": 0.731705,
        "nauc_precision_at_20_std": -0.060422,
        "nauc_precision_at_20_diff1": 0.742506,
        "nauc_precision_at_100_max": 0.983663,
        "nauc_precision_at_100_std": 0.569988,
        "nauc_precision_at_100_diff1": 0.757245,
        "nauc_precision_at_1000_max": 1.0,
        "nauc_precision_at_1000_std": 1.0,
        "nauc_precision_at_1000_diff1": 1.0,
        "nauc_mrr_at_1_max": 0.39742,
        "nauc_mrr_at_1_std": -0.172129,
        "nauc_mrr_at_1_diff1": 0.782006,
        "nauc_mrr_at_3_max": 0.429237,
        "nauc_mrr_at_3_std": -0.201926,
        "nauc_mrr_at_3_diff1": 0.76247,
        "nauc_mrr_at_5_max": 0.435224,
        "nauc_mrr_at_5_std": -0.195489,
        "nauc_mrr_at_5_diff1": 0.763615,
        "nauc_mrr_at_10_max": 0.431925,
        "nauc_mrr_at_10_std": -0.192786,
        "nauc_mrr_at_10_diff1": 0.765166,
        "nauc_mrr_at_20_max": 0.430397,
        "nauc_mrr_at_20_std": -0.191964,
        "nauc_mrr_at_20_diff1": 0.76599,
        "nauc_mrr_at_100_max": 0.429877,
        "nauc_mrr_at_100_std": -0.191463,
        "nauc_mrr_at_100_diff1": 0.766038,
        "nauc_mrr_at_1000_max": 0.429792,
        "nauc_mrr_at_1000_std": -0.191566,
        "nauc_mrr_at_1000_diff1": 0.76604,
        "hit_rate_at_1": 0.76134,
        "hit_rate_at_3": 0.91198,
        "hit_rate_at_5": 0.94192,
        "hit_rate_at_10": 0.96824,
        "hit_rate_at_20": 0.98503,
        "hit_rate_at_100": 0.99637,
        "hit_rate_at_1000": 1.0,
        "main_score": 0.836464,
        "hf_subset": "default",
        "languages": [
          "deu-Latn"
        ],
        "mteb_version": "2.16.0"
      }
    ]
  },
  "evaluation_time": 11.98811824992299,
  "kg_co2_emissions": null,
  "date": 1782232199.962467,
  "evaluation_phases": [
    {
      "name": "Data loading",
      "start": 0.0,
      "end": 5.420536542311311,
      "split": "",
      "subset": ""
    },
    {
      "name": "Encoding queries and documents",
      "start": 5.472325975075364,
      "end": 11.033811010420322,
      "split": "test",
      "subset": "default"
    },
    {
      "name": "Scoring",
      "start": 11.03384019434452,
      "end": 11.967248067259789,
      "split": "test",
      "subset": "default"
    }
  ]
}