{
  "dataset_revision": "d7d94fa4b946cec4a27c84653aa0cf6b33f74a3c",
  "task_name": "MIRACLRetrievalHardNegatives",
  "mteb_version": "2.16.0",
  "scores": {
    "dev": [
      {
        "ndcg_at_1": 0.18033,
        "ndcg_at_3": 0.18154,
        "ndcg_at_5": 0.2023,
        "ndcg_at_10": 0.25353,
        "ndcg_at_20": 0.29459,
        "ndcg_at_100": 0.37439,
        "ndcg_at_1000": 0.40427,
        "map_at_1": 0.07733,
        "map_at_3": 0.12644,
        "map_at_5": 0.14443,
        "map_at_10": 0.16908,
        "map_at_20": 0.18315,
        "map_at_100": 0.19955,
        "map_at_1000": 0.20196,
        "recall_at_1": 0.07733,
        "recall_at_3": 0.17332,
        "recall_at_5": 0.23291,
        "recall_at_10": 0.36345,
        "recall_at_20": 0.48734,
        "recall_at_100": 0.81238,
        "recall_at_1000": 0.98493,
        "accuracy": 0.07733,
        "precision_at_1": 0.18033,
        "precision_at_3": 0.1388,
        "precision_at_5": 0.11672,
        "precision_at_10": 0.08984,
        "precision_at_20": 0.06115,
        "precision_at_100": 0.02167,
        "precision_at_1000": 0.00261,
        "mrr_at_1": 0.180328,
        "mrr_at_3": 0.255738,
        "mrr_at_5": 0.278689,
        "mrr_at_10": 0.300302,
        "mrr_at_20": 0.308807,
        "mrr_at_100": 0.313032,
        "mrr_at_1000": 0.313457,
        "nauc_ndcg_at_1_max": 0.143801,
        "nauc_ndcg_at_1_std": 0.025095,
        "nauc_ndcg_at_1_diff1": 0.144078,
        "nauc_ndcg_at_3_max": 0.079846,
        "nauc_ndcg_at_3_std": -0.020195,
        "nauc_ndcg_at_3_diff1": 0.136319,
        "nauc_ndcg_at_5_max": 0.096736,
        "nauc_ndcg_at_5_std": -0.013031,
        "nauc_ndcg_at_5_diff1": 0.12659,
        "nauc_ndcg_at_10_max": 0.106965,
        "nauc_ndcg_at_10_std": 0.000135,
        "nauc_ndcg_at_10_diff1": 0.113753,
        "nauc_ndcg_at_20_max": 0.097758,
        "nauc_ndcg_at_20_std": -0.026653,
        "nauc_ndcg_at_20_diff1": 0.127995,
        "nauc_ndcg_at_100_max": 0.135751,
        "nauc_ndcg_at_100_std": 0.000699,
        "nauc_ndcg_at_100_diff1": 0.134488,
        "nauc_ndcg_at_1000_max": 0.140968,
        "nauc_ndcg_at_1000_std": 0.014953,
        "nauc_ndcg_at_1000_diff1": 0.132949,
        "nauc_map_at_1_max": 0.103642,
        "nauc_map_at_1_std": 0.014823,
        "nauc_map_at_1_diff1": 0.136848,
        "nauc_map_at_3_max": 0.059216,
        "nauc_map_at_3_std": -0.018749,
        "nauc_map_at_3_diff1": 0.140078,
        "nauc_map_at_5_max": 0.074849,
        "nauc_map_at_5_std": -0.014104,
        "nauc_map_at_5_diff1": 0.134878,
        "nauc_map_at_10_max": 0.07782,
        "nauc_map_at_10_std": -0.008332,
        "nauc_map_at_10_diff1": 0.126646,
        "nauc_map_at_20_max": 0.077551,
        "nauc_map_at_20_std": -0.01899,
        "nauc_map_at_20_diff1": 0.129578,
        "nauc_map_at_100_max": 0.087757,
        "nauc_map_at_100_std": -0.014348,
        "nauc_map_at_100_diff1": 0.132729,
        "nauc_map_at_1000_max": 0.088982,
        "nauc_map_at_1000_std": -0.01248,
        "nauc_map_at_1000_diff1": 0.132255,
        "nauc_recall_at_1_max": 0.103642,
        "nauc_recall_at_1_std": 0.014823,
        "nauc_recall_at_1_diff1": 0.136848,
        "nauc_recall_at_3_max": 0.01409,
        "nauc_recall_at_3_std": -0.050788,
        "nauc_recall_at_3_diff1": 0.106608,
        "nauc_recall_at_5_max": 0.054715,
        "nauc_recall_at_5_std": -0.031048,
        "nauc_recall_at_5_diff1": 0.094816,
        "nauc_recall_at_10_max": 0.080859,
        "nauc_recall_at_10_std": 0.006554,
        "nauc_recall_at_10_diff1": 0.065978,
        "nauc_recall_at_20_max": 0.033932,
        "nauc_recall_at_20_std": -0.058929,
        "nauc_recall_at_20_diff1": 0.105205,
        "nauc_recall_at_100_max": 0.116948,
        "nauc_recall_at_100_std": -0.014679,
        "nauc_recall_at_100_diff1": 0.104998,
        "nauc_recall_at_1000_max": 0.456997,
        "nauc_recall_at_1000_std": 0.717895,
        "nauc_recall_at_1000_diff1": 0.249639,
        "nauc_precision_at_1_max": 0.143801,
        "nauc_precision_at_1_std": 0.025095,
        "nauc_precision_at_1_diff1": 0.144078,
        "nauc_precision_at_3_max": 0.098809,
        "nauc_precision_at_3_std": -0.026176,
        "nauc_precision_at_3_diff1": 0.142082,
        "nauc_precision_at_5_max": 0.162073,
        "nauc_precision_at_5_std": 0.000784,
        "nauc_precision_at_5_diff1": 0.095232,
        "nauc_precision_at_10_max": 0.177062,
        "nauc_precision_at_10_std": 0.032179,
        "nauc_precision_at_10_diff1": 0.045985,
        "nauc_precision_at_20_max": 0.167492,
        "nauc_precision_at_20_std": -0.016965,
        "nauc_precision_at_20_diff1": 0.04412,
        "nauc_precision_at_100_max": 0.227249,
        "nauc_precision_at_100_std": 0.098166,
        "nauc_precision_at_100_diff1": 0.023277,
        "nauc_precision_at_1000_max": 0.224931,
        "nauc_precision_at_1000_std": 0.119138,
        "nauc_precision_at_1000_diff1": -0.002199,
        "nauc_mrr_at_1_max": 0.143801,
        "nauc_mrr_at_1_std": 0.025095,
        "nauc_mrr_at_1_diff1": 0.144078,
        "nauc_mrr_at_3_max": 0.115391,
        "nauc_mrr_at_3_std": 0.001405,
        "nauc_mrr_at_3_diff1": 0.136874,
        "nauc_mrr_at_5_max": 0.131886,
        "nauc_mrr_at_5_std": 0.007012,
        "nauc_mrr_at_5_diff1": 0.131438,
        "nauc_mrr_at_10_max": 0.145434,
        "nauc_mrr_at_10_std": 0.014206,
        "nauc_mrr_at_10_diff1": 0.127844,
        "nauc_mrr_at_20_max": 0.142947,
        "nauc_mrr_at_20_std": 0.011019,
        "nauc_mrr_at_20_diff1": 0.132718,
        "nauc_mrr_at_100_max": 0.143226,
        "nauc_mrr_at_100_std": 0.012537,
        "nauc_mrr_at_100_diff1": 0.133334,
        "nauc_mrr_at_1000_max": 0.142919,
        "nauc_mrr_at_1000_std": 0.012519,
        "nauc_mrr_at_1000_diff1": 0.133625,
        "hit_rate_at_1": 0.18033,
        "hit_rate_at_3": 0.3541,
        "hit_rate_at_5": 0.45574,
        "hit_rate_at_10": 0.61639,
        "hit_rate_at_20": 0.73443,
        "hit_rate_at_100": 0.91803,
        "hit_rate_at_1000": 0.99344,
        "main_score": 0.25353,
        "hf_subset": "de",
        "languages": [
          "deu-Latn"
        ],
        "mteb_version": "2.16.0"
      }
    ]
  },
  "evaluation_time": 198.35967316292226,
  "kg_co2_emissions": null,
  "date": 1782232586.328576,
  "evaluation_phases": [
    {
      "name": "Data loading",
      "start": 3.887340426445007e-06,
      "end": 8.070064501836896,
      "split": "",
      "subset": ""
    },
    {
      "name": "Dataset transform",
      "start": 8.070080567151308,
      "end": 8.07008502073586,
      "split": "",
      "subset": ""
    },
    {
      "name": "Encoding queries and documents",
      "start": 8.081606717780232,
      "end": 198.02015934325755,
      "split": "dev",
      "subset": "de"
    },
    {
      "name": "Scoring",
      "start": 198.02017721533775,
      "end": 198.3462575674057,
      "split": "dev",
      "subset": "de"
    }
  ]
}