{
  "dataset_revision": "837028901907a7d419b4ab906f28e011ce1cc824",
  "task_name": "MultiLongDocRetrieval",
  "mteb_version": "2.16.0",
  "scores": {
    "dev": [
      {
        "ndcg_at_1": 0.13,
        "ndcg_at_3": 0.16905,
        "ndcg_at_5": 0.19379,
        "ndcg_at_10": 0.22835,
        "ndcg_at_20": 0.24569,
        "ndcg_at_100": 0.27557,
        "ndcg_at_1000": 0.30024,
        "map_at_1": 0.13,
        "map_at_3": 0.16,
        "map_at_5": 0.17375,
        "map_at_10": 0.18837,
        "map_at_20": 0.19295,
        "map_at_100": 0.19716,
        "map_at_1000": 0.19799,
        "recall_at_1": 0.13,
        "recall_at_3": 0.195,
        "recall_at_5": 0.255,
        "recall_at_10": 0.36,
        "recall_at_20": 0.43,
        "recall_at_100": 0.59,
        "recall_at_1000": 0.79,
        "accuracy": 0.13,
        "precision_at_1": 0.13,
        "precision_at_3": 0.065,
        "precision_at_5": 0.051,
        "precision_at_10": 0.036,
        "precision_at_20": 0.0215,
        "precision_at_100": 0.0059,
        "precision_at_1000": 0.00079,
        "mrr_at_1": 0.13,
        "mrr_at_3": 0.16,
        "mrr_at_5": 0.17375,
        "mrr_at_10": 0.188371,
        "mrr_at_20": 0.192954,
        "mrr_at_100": 0.197165,
        "mrr_at_1000": 0.197993,
        "nauc_ndcg_at_1_max": 0.332072,
        "nauc_ndcg_at_1_std": -0.019196,
        "nauc_ndcg_at_1_diff1": 0.43432,
        "nauc_ndcg_at_3_max": 0.337492,
        "nauc_ndcg_at_3_std": 0.038536,
        "nauc_ndcg_at_3_diff1": 0.274757,
        "nauc_ndcg_at_5_max": 0.344794,
        "nauc_ndcg_at_5_std": 0.049602,
        "nauc_ndcg_at_5_diff1": 0.315712,
        "nauc_ndcg_at_10_max": 0.356905,
        "nauc_ndcg_at_10_std": 0.083732,
        "nauc_ndcg_at_10_diff1": 0.306387,
        "nauc_ndcg_at_20_max": 0.350665,
        "nauc_ndcg_at_20_std": 0.071294,
        "nauc_ndcg_at_20_diff1": 0.326053,
        "nauc_ndcg_at_100_max": 0.355041,
        "nauc_ndcg_at_100_std": 0.096563,
        "nauc_ndcg_at_100_diff1": 0.298341,
        "nauc_ndcg_at_1000_max": 0.361051,
        "nauc_ndcg_at_1000_std": 0.108736,
        "nauc_ndcg_at_1000_diff1": 0.309569,
        "nauc_map_at_1_max": 0.332072,
        "nauc_map_at_1_std": -0.019196,
        "nauc_map_at_1_diff1": 0.43432,
        "nauc_map_at_3_max": 0.338234,
        "nauc_map_at_3_std": 0.028019,
        "nauc_map_at_3_diff1": 0.305731,
        "nauc_map_at_5_max": 0.342339,
        "nauc_map_at_5_std": 0.034679,
        "nauc_map_at_5_diff1": 0.329973,
        "nauc_map_at_10_max": 0.345439,
        "nauc_map_at_10_std": 0.048806,
        "nauc_map_at_10_diff1": 0.32502,
        "nauc_map_at_20_max": 0.344381,
        "nauc_map_at_20_std": 0.046407,
        "nauc_map_at_20_diff1": 0.329871,
        "nauc_map_at_100_max": 0.344047,
        "nauc_map_at_100_std": 0.049845,
        "nauc_map_at_100_diff1": 0.325057,
        "nauc_map_at_1000_max": 0.344493,
        "nauc_map_at_1000_std": 0.050788,
        "nauc_map_at_1000_diff1": 0.325763,
        "nauc_recall_at_1_max": 0.332072,
        "nauc_recall_at_1_std": -0.019196,
        "nauc_recall_at_1_diff1": 0.43432,
        "nauc_recall_at_3_max": 0.334997,
        "nauc_recall_at_3_std": 0.064062,
        "nauc_recall_at_3_diff1": 0.198809,
        "nauc_recall_at_5_max": 0.35081,
        "nauc_recall_at_5_std": 0.084509,
        "nauc_recall_at_5_diff1": 0.287692,
        "nauc_recall_at_10_max": 0.389217,
        "nauc_recall_at_10_std": 0.170557,
        "nauc_recall_at_10_diff1": 0.269413,
        "nauc_recall_at_20_max": 0.365238,
        "nauc_recall_at_20_std": 0.124124,
        "nauc_recall_at_20_diff1": 0.336437,
        "nauc_recall_at_100_max": 0.400428,
        "nauc_recall_at_100_std": 0.252535,
        "nauc_recall_at_100_diff1": 0.216987,
        "nauc_recall_at_1000_max": 0.476411,
        "nauc_recall_at_1000_std": 0.441785,
        "nauc_recall_at_1000_diff1": 0.268004,
        "nauc_precision_at_1_max": 0.332072,
        "nauc_precision_at_1_std": -0.019196,
        "nauc_precision_at_1_diff1": 0.43432,
        "nauc_precision_at_3_max": 0.334997,
        "nauc_precision_at_3_std": 0.064062,
        "nauc_precision_at_3_diff1": 0.198809,
        "nauc_precision_at_5_max": 0.35081,
        "nauc_precision_at_5_std": 0.084509,
        "nauc_precision_at_5_diff1": 0.287692,
        "nauc_precision_at_10_max": 0.389217,
        "nauc_precision_at_10_std": 0.170557,
        "nauc_precision_at_10_diff1": 0.269413,
        "nauc_precision_at_20_max": 0.365238,
        "nauc_precision_at_20_std": 0.124124,
        "nauc_precision_at_20_diff1": 0.336437,
        "nauc_precision_at_100_max": 0.400428,
        "nauc_precision_at_100_std": 0.252535,
        "nauc_precision_at_100_diff1": 0.216987,
        "nauc_precision_at_1000_max": 0.476411,
        "nauc_precision_at_1000_std": 0.441785,
        "nauc_precision_at_1000_diff1": 0.268004,
        "nauc_mrr_at_1_max": 0.332072,
        "nauc_mrr_at_1_std": -0.019196,
        "nauc_mrr_at_1_diff1": 0.43432,
        "nauc_mrr_at_3_max": 0.338234,
        "nauc_mrr_at_3_std": 0.028019,
        "nauc_mrr_at_3_diff1": 0.305731,
        "nauc_mrr_at_5_max": 0.342339,
        "nauc_mrr_at_5_std": 0.034679,
        "nauc_mrr_at_5_diff1": 0.329973,
        "nauc_mrr_at_10_max": 0.345439,
        "nauc_mrr_at_10_std": 0.048806,
        "nauc_mrr_at_10_diff1": 0.32502,
        "nauc_mrr_at_20_max": 0.344381,
        "nauc_mrr_at_20_std": 0.046407,
        "nauc_mrr_at_20_diff1": 0.329871,
        "nauc_mrr_at_100_max": 0.344047,
        "nauc_mrr_at_100_std": 0.049845,
        "nauc_mrr_at_100_diff1": 0.325057,
        "nauc_mrr_at_1000_max": 0.344493,
        "nauc_mrr_at_1000_std": 0.050788,
        "nauc_mrr_at_1000_diff1": 0.325763,
        "hit_rate_at_1": 0.13,
        "hit_rate_at_3": 0.195,
        "hit_rate_at_5": 0.255,
        "hit_rate_at_10": 0.36,
        "hit_rate_at_20": 0.43,
        "hit_rate_at_100": 0.59,
        "hit_rate_at_1000": 0.79,
        "main_score": 0.22835,
        "hf_subset": "de",
        "languages": [
          "deu-Latn"
        ],
        "mteb_version": "2.16.0"
      }
    ],
    "test": [
      {
        "ndcg_at_1": 0.16,
        "ndcg_at_3": 0.19024,
        "ndcg_at_5": 0.21261,
        "ndcg_at_10": 0.22397,
        "ndcg_at_20": 0.24589,
        "ndcg_at_100": 0.27347,
        "ndcg_at_1000": 0.31047,
        "map_at_1": 0.16,
        "map_at_3": 0.18333,
        "map_at_5": 0.19558,
        "map_at_10": 0.2003,
        "map_at_20": 0.20654,
        "map_at_100": 0.20995,
        "map_at_1000": 0.21121,
        "recall_at_1": 0.16,
        "recall_at_3": 0.21,
        "recall_at_5": 0.265,
        "recall_at_10": 0.3,
        "recall_at_20": 0.385,
        "recall_at_100": 0.54,
        "recall_at_1000": 0.84,
        "accuracy": 0.16,
        "precision_at_1": 0.16,
        "precision_at_3": 0.07,
        "precision_at_5": 0.053,
        "precision_at_10": 0.03,
        "precision_at_20": 0.01925,
        "precision_at_100": 0.0054,
        "precision_at_1000": 0.00084,
        "mrr_at_1": 0.16,
        "mrr_at_3": 0.183333,
        "mrr_at_5": 0.195583,
        "mrr_at_10": 0.200304,
        "mrr_at_20": 0.206544,
        "mrr_at_100": 0.209949,
        "mrr_at_1000": 0.211208,
        "nauc_ndcg_at_1_max": 0.210487,
        "nauc_ndcg_at_1_std": 0.045946,
        "nauc_ndcg_at_1_diff1": 0.465231,
        "nauc_ndcg_at_3_max": 0.20081,
        "nauc_ndcg_at_3_std": 0.065452,
        "nauc_ndcg_at_3_diff1": 0.408211,
        "nauc_ndcg_at_5_max": 0.228149,
        "nauc_ndcg_at_5_std": 0.100872,
        "nauc_ndcg_at_5_diff1": 0.399483,
        "nauc_ndcg_at_10_max": 0.255911,
        "nauc_ndcg_at_10_std": 0.130424,
        "nauc_ndcg_at_10_diff1": 0.407322,
        "nauc_ndcg_at_20_max": 0.262661,
        "nauc_ndcg_at_20_std": 0.152597,
        "nauc_ndcg_at_20_diff1": 0.388713,
        "nauc_ndcg_at_100_max": 0.255683,
        "nauc_ndcg_at_100_std": 0.156805,