{
  "dataset_revision": "48327de6ee192e9610f3069789719788957c7abd",
  "task_name": "GerDaLIRSmall",
  "mteb_version": "2.16.0",
  "scores": {
    "test": [
      {
        "ndcg_at_1": 0.02975,
        "ndcg_at_3": 0.03821,
        "ndcg_at_5": 0.04346,
        "ndcg_at_10": 0.05012,
        "ndcg_at_20": 0.05662,
        "ndcg_at_100": 0.07415,
        "ndcg_at_1000": 0.10735,
        "map_at_1": 0.02636,
        "map_at_3": 0.03454,
        "map_at_5": 0.03742,
        "map_at_10": 0.04012,
        "map_at_20": 0.04188,
        "map_at_100": 0.04408,
        "map_at_1000": 0.04505,
        "recall_at_1": 0.02636,
        "recall_at_3": 0.04479,
        "recall_at_5": 0.05715,
        "recall_at_10": 0.07708,
        "recall_at_20": 0.1021,
        "recall_at_100": 0.1968,
        "recall_at_1000": 0.46599,
        "accuracy": 0.02636,
        "precision_at_1": 0.02975,
        "precision_at_3": 0.01706,
        "precision_at_5": 0.01316,
        "precision_at_10": 0.00889,
        "precision_at_20": 0.00589,
        "precision_at_100": 0.00227,
        "precision_at_1000": 0.00054,
        "mrr_at_1": 0.029753,
        "mrr_at_3": 0.038772,
        "mrr_at_5": 0.041947,
        "mrr_at_10": 0.0449,
        "mrr_at_20": 0.046758,
        "mrr_at_100": 0.049041,
        "mrr_at_1000": 0.049979,
        "nauc_ndcg_at_1_max": -0.002295,
        "nauc_ndcg_at_1_std": 0.062966,
        "nauc_ndcg_at_1_diff1": 0.350817,
        "nauc_ndcg_at_3_max": -0.023317,
        "nauc_ndcg_at_3_std": 0.068127,
        "nauc_ndcg_at_3_diff1": 0.26347,
        "nauc_ndcg_at_5_max": -0.030951,
        "nauc_ndcg_at_5_std": 0.067967,
        "nauc_ndcg_at_5_diff1": 0.232263,
        "nauc_ndcg_at_10_max": -0.041683,
        "nauc_ndcg_at_10_std": 0.079346,
        "nauc_ndcg_at_10_diff1": 0.215717,
        "nauc_ndcg_at_20_max": -0.050055,
        "nauc_ndcg_at_20_std": 0.088925,
        "nauc_ndcg_at_20_diff1": 0.200415,
        "nauc_ndcg_at_100_max": -0.060487,
        "nauc_ndcg_at_100_std": 0.107251,
        "nauc_ndcg_at_100_diff1": 0.185757,
        "nauc_ndcg_at_1000_max": -0.08934,
        "nauc_ndcg_at_1000_std": 0.135946,
        "nauc_ndcg_at_1000_diff1": 0.180478,
        "nauc_map_at_1_max": 0.004803,
        "nauc_map_at_1_std": 0.059809,
        "nauc_map_at_1_diff1": 0.359029,
        "nauc_map_at_3_max": -0.016619,
        "nauc_map_at_3_std": 0.065481,
        "nauc_map_at_3_diff1": 0.282465,
        "nauc_map_at_5_max": -0.021819,
        "nauc_map_at_5_std": 0.065116,
        "nauc_map_at_5_diff1": 0.261812,
        "nauc_map_at_10_max": -0.027845,
        "nauc_map_at_10_std": 0.07056,
        "nauc_map_at_10_diff1": 0.251612,
        "nauc_map_at_20_max": -0.031452,
        "nauc_map_at_20_std": 0.074346,
        "nauc_map_at_20_diff1": 0.244598,
        "nauc_map_at_100_max": -0.034209,
        "nauc_map_at_100_std": 0.077931,
        "nauc_map_at_100_diff1": 0.240159,
        "nauc_map_at_1000_max": -0.03582,
        "nauc_map_at_1000_std": 0.079793,
        "nauc_map_at_1000_diff1": 0.239276,
        "nauc_recall_at_1_max": 0.004803,
        "nauc_recall_at_1_std": 0.059809,
        "nauc_recall_at_1_diff1": 0.359029,
        "nauc_recall_at_3_max": -0.034508,
        "nauc_recall_at_3_std": 0.070123,
        "nauc_recall_at_3_diff1": 0.224139,
        "nauc_recall_at_5_max": -0.046129,
        "nauc_recall_at_5_std": 0.070247,
        "nauc_recall_at_5_diff1": 0.175546,
        "nauc_recall_at_10_max": -0.063822,
        "nauc_recall_at_10_std": 0.094331,
        "nauc_recall_at_10_diff1": 0.157359,
        "nauc_recall_at_20_max": -0.075406,
        "nauc_recall_at_20_std": 0.109607,
        "nauc_recall_at_20_diff1": 0.134443,
        "nauc_recall_at_100_max": -0.087708,
        "nauc_recall_at_100_std": 0.142151,
        "nauc_recall_at_100_diff1": 0.125165,
        "nauc_recall_at_1000_max": -0.164661,
        "nauc_recall_at_1000_std": 0.212289,
        "nauc_recall_at_1000_diff1": 0.123012,
        "nauc_precision_at_1_max": -0.002295,
        "nauc_precision_at_1_std": 0.062966,
        "nauc_precision_at_1_diff1": 0.350817,
        "nauc_precision_at_3_max": -0.038063,
        "nauc_precision_at_3_std": 0.077772,
        "nauc_precision_at_3_diff1": 0.224033,
        "nauc_precision_at_5_max": -0.047149,
        "nauc_precision_at_5_std": 0.073967,
        "nauc_precision_at_5_diff1": 0.178579,
        "nauc_precision_at_10_max": -0.061818,
        "nauc_precision_at_10_std": 0.092312,
        "nauc_precision_at_10_diff1": 0.159905,
        "nauc_precision_at_20_max": -0.078505,
        "nauc_precision_at_20_std": 0.115679,
        "nauc_precision_at_20_diff1": 0.141731,
        "nauc_precision_at_100_max": -0.093075,
        "nauc_precision_at_100_std": 0.153773,
        "nauc_precision_at_100_diff1": 0.132219,
        "nauc_precision_at_1000_max": -0.153248,
        "nauc_precision_at_1000_std": 0.209471,
        "nauc_precision_at_1000_diff1": 0.121882,
        "nauc_mrr_at_1_max": -0.002295,
        "nauc_mrr_at_1_std": 0.062966,
        "nauc_mrr_at_1_diff1": 0.350817,
        "nauc_mrr_at_3_max": -0.021926,
        "nauc_mrr_at_3_std": 0.070195,
        "nauc_mrr_at_3_diff1": 0.277866,
        "nauc_mrr_at_5_max": -0.026836,
        "nauc_mrr_at_5_std": 0.069774,
        "nauc_mrr_at_5_diff1": 0.256642,
        "nauc_mrr_at_10_max": -0.032184,
        "nauc_mrr_at_10_std": 0.074543,
        "nauc_mrr_at_10_diff1": 0.247285,
        "nauc_mrr_at_20_max": -0.035455,
        "nauc_mrr_at_20_std": 0.077869,
        "nauc_mrr_at_20_diff1": 0.241673,
        "nauc_mrr_at_100_max": -0.037889,
        "nauc_mrr_at_100_std": 0.08131,
        "nauc_mrr_at_100_diff1": 0.23755,
        "nauc_mrr_at_1000_max": -0.039173,
        "nauc_mrr_at_1000_std": 0.082626,
        "nauc_mrr_at_1000_diff1": 0.236792,
        "hit_rate_at_1": 0.02975,
        "hit_rate_at_3": 0.05043,
        "hit_rate_at_5": 0.06441,
        "hit_rate_at_10": 0.08664,
        "hit_rate_at_20": 0.11386,
        "hit_rate_at_100": 0.21489,
        "hit_rate_at_1000": 0.48946,
        "main_score": 0.05012,
        "hf_subset": "default",
        "languages": [
          "deu-Latn"
        ],
        "mteb_version": "2.16.0"
      }
    ]
  },
  "evaluation_time": 1001.317659439519,
  "kg_co2_emissions": null,
  "date": 1782184392.187418,
  "evaluation_phases": [
    {
      "name": "Data loading",
      "start": 3.818422555923462e-06,
      "end": 10.848784662783146,
      "split": "",
      "subset": ""
    },
    {
      "name": "Dataset transform",
      "start": 10.848792253062129,
      "end": 10.848794285207987,
      "split": "",
      "subset": ""
    },
    {
      "name": "Encoding queries and documents",
      "start": 11.02388458698988,
      "end": 990.582397846505,
      "split": "test",
      "subset": "default"
    },
    {
      "name": "Scoring",
      "start": 990.5824168715626,
      "end": 1001.1294099874794,
      "split": "test",
      "subset": "default"
    }
  ]
}