{
  "dataset_revision": "f5c87ae5a2e7a5106606314eef45255f03151bb3",
  "task_name": "GermanQuAD-Retrieval",
  "mteb_version": "2.16.0",
  "scores": {
    "test": [
      {
        "ndcg_at_1": 0.77768,
        "ndcg_at_3": 0.85562,
        "ndcg_at_5": 0.8712,
        "ndcg_at_10": 0.87808,
        "ndcg_at_20": 0.88245,
        "ndcg_at_100": 0.88463,
        "ndcg_at_1000": 0.88517,
        "map_at_1": 0.77768,
        "map_at_3": 0.83742,
        "map_at_5": 0.84611,
        "map_at_10": 0.84894,
        "map_at_20": 0.85014,
        "map_at_100": 0.85044,
        "map_at_1000": 0.85046,
        "recall_at_1": 0.77768,
        "recall_at_3": 0.90789,
        "recall_at_5": 0.94555,
        "recall_at_10": 0.96688,
        "recall_at_20": 0.98412,
        "recall_at_100": 0.99592,
        "recall_at_1000": 1.0,
        "accuracy": 0.77768,
        "precision_at_1": 0.77768,
        "precision_at_3": 0.30263,
        "precision_at_5": 0.18911,
        "precision_at_10": 0.09669,
        "precision_at_20": 0.04921,
        "precision_at_100": 0.00996,
        "precision_at_1000": 0.001,
        "mrr_at_1": 0.777677,
        "mrr_at_3": 0.837417,
        "mrr_at_5": 0.846106,
        "mrr_at_10": 0.848935,
        "mrr_at_20": 0.850143,
        "mrr_at_100": 0.850439,
        "mrr_at_1000": 0.85046,
        "nauc_ndcg_at_1_max": 0.508003,
        "nauc_ndcg_at_1_std": -0.144222,
        "nauc_ndcg_at_1_diff1": 0.82082,
        "nauc_ndcg_at_3_max": 0.569368,
        "nauc_ndcg_at_3_std": -0.144498,
        "nauc_ndcg_at_3_diff1": 0.784454,
        "nauc_ndcg_at_5_max": 0.571257,
        "nauc_ndcg_at_5_std": -0.133369,
        "nauc_ndcg_at_5_diff1": 0.787044,
        "nauc_ndcg_at_10_max": 0.569593,
        "nauc_ndcg_at_10_std": -0.118834,
        "nauc_ndcg_at_10_diff1": 0.790599,
        "nauc_ndcg_at_20_max": 0.559895,
        "nauc_ndcg_at_20_std": -0.12818,
        "nauc_ndcg_at_20_diff1": 0.79249,
        "nauc_ndcg_at_100_max": 0.555349,
        "nauc_ndcg_at_100_std": -0.128985,
        "nauc_ndcg_at_100_diff1": 0.7958,
        "nauc_ndcg_at_1000_max": 0.553284,
        "nauc_ndcg_at_1000_std": -0.13333,
        "nauc_ndcg_at_1000_diff1": 0.796181,
        "nauc_map_at_1_max": 0.508003,
        "nauc_map_at_1_std": -0.144222,
        "nauc_map_at_1_diff1": 0.82082,
        "nauc_map_at_3_max": 0.549499,
        "nauc_map_at_3_std": -0.145694,
        "nauc_map_at_3_diff1": 0.794839,
        "nauc_map_at_5_max": 0.549438,
        "nauc_map_at_5_std": -0.140548,
        "nauc_map_at_5_diff1": 0.796826,
        "nauc_map_at_10_max": 0.548627,
        "nauc_map_at_10_std": -0.135576,
        "nauc_map_at_10_diff1": 0.798465,
        "nauc_map_at_20_max": 0.54637,
        "nauc_map_at_20_std": -0.13769,
        "nauc_map_at_20_diff1": 0.798985,
        "nauc_map_at_100_max": 0.545831,
        "nauc_map_at_100_std": -0.137934,
        "nauc_map_at_100_diff1": 0.799306,
        "nauc_map_at_1000_max": 0.545766,
        "nauc_map_at_1000_std": -0.138066,
        "nauc_map_at_1000_diff1": 0.79932,
        "nauc_recall_at_1_max": 0.508003,
        "nauc_recall_at_1_std": -0.144222,
        "nauc_recall_at_1_diff1": 0.82082,
        "nauc_recall_at_3_max": 0.664354,
        "nauc_recall_at_3_std": -0.137908,
        "nauc_recall_at_3_diff1": 0.735754,
        "nauc_recall_at_5_max": 0.737465,
        "nauc_recall_at_5_std": -0.073254,
        "nauc_recall_at_5_diff1": 0.714471,
        "nauc_recall_at_10_max": 0.822437,
        "nauc_recall_at_10_std": 0.115206,
        "nauc_recall_at_10_diff1": 0.699992,
        "nauc_recall_at_20_max": 0.829498,
        "nauc_recall_at_20_std": 0.109247,
        "nauc_recall_at_20_diff1": 0.65025,
        "nauc_recall_at_100_max": 0.969137,
        "nauc_recall_at_100_std": 0.744081,
        "nauc_recall_at_100_diff1": 0.72176,
        "nauc_recall_at_1000_max": NaN,
        "nauc_recall_at_1000_std": NaN,
        "nauc_recall_at_1000_diff1": NaN,
        "nauc_precision_at_1_max": 0.508003,
        "nauc_precision_at_1_std": -0.144222,
        "nauc_precision_at_1_diff1": 0.82082,
        "nauc_precision_at_3_max": 0.664354,
        "nauc_precision_at_3_std": -0.137908,
        "nauc_precision_at_3_diff1": 0.735754,
        "nauc_precision_at_5_max": 0.737465,
        "nauc_precision_at_5_std": -0.073254,
        "nauc_precision_at_5_diff1": 0.714471,
        "nauc_precision_at_10_max": 0.822437,
        "nauc_precision_at_10_std": 0.115206,
        "nauc_precision_at_10_diff1": 0.699992,
        "nauc_precision_at_20_max": 0.829498,
        "nauc_precision_at_20_std": 0.109247,
        "nauc_precision_at_20_diff1": 0.65025,
        "nauc_precision_at_100_max": 0.969137,
        "nauc_precision_at_100_std": 0.744081,
        "nauc_precision_at_100_diff1": 0.72176,
        "nauc_precision_at_1000_max": 1.0,
        "nauc_precision_at_1000_std": 1.0,
        "nauc_precision_at_1000_diff1": 1.0,
        "nauc_mrr_at_1_max": 0.508003,
        "nauc_mrr_at_1_std": -0.144222,
        "nauc_mrr_at_1_diff1": 0.82082,
        "nauc_mrr_at_3_max": 0.549499,
        "nauc_mrr_at_3_std": -0.145694,
        "nauc_mrr_at_3_diff1": 0.794839,
        "nauc_mrr_at_5_max": 0.549438,
        "nauc_mrr_at_5_std": -0.140548,
        "nauc_mrr_at_5_diff1": 0.796826,
        "nauc_mrr_at_10_max": 0.548627,
        "nauc_mrr_at_10_std": -0.135576,
        "nauc_mrr_at_10_diff1": 0.798465,
        "nauc_mrr_at_20_max": 0.54637,
        "nauc_mrr_at_20_std": -0.13769,
        "nauc_mrr_at_20_diff1": 0.798985,
        "nauc_mrr_at_100_max": 0.545831,
        "nauc_mrr_at_100_std": -0.137934,
        "nauc_mrr_at_100_diff1": 0.799306,
        "nauc_mrr_at_1000_max": 0.545766,
        "nauc_mrr_at_1000_std": -0.138066,
        "nauc_mrr_at_1000_diff1": 0.79932,
        "hit_rate_at_1": 0.77768,
        "hit_rate_at_3": 0.90789,
        "hit_rate_at_5": 0.94555,
        "hit_rate_at_10": 0.96688,
        "hit_rate_at_20": 0.98412,
        "hit_rate_at_100": 0.99592,
        "hit_rate_at_1000": 1.0,
        "main_score": 0.846106,
        "hf_subset": "default",
        "languages": [
          "deu-Latn"
        ],
        "mteb_version": "2.16.0"
      }
    ]
  },
  "evaluation_time": 35.47780748642981,
  "kg_co2_emissions": null,
  "date": 1782183390.864147,
  "evaluation_phases": [
    {
      "name": "Data loading",
      "start": 0.0,
      "end": 5.168171808123589,
      "split": "",
      "subset": ""
    },
    {
      "name": "Encoding queries and documents",
      "start": 5.208521688356996,
      "end": 34.51739614456892,
      "split": "test",
      "subset": "default"
    },
    {
      "name": "Scoring",
      "start": 34.51742908358574,
      "end": 35.455298602581024,
      "split": "test",
      "subset": "default"
    }
  ]
}