{
  "dataset_revision": "d7d94fa4b946cec4a27c84653aa0cf6b33f74a3c",
  "task_name": "MIRACLRetrievalHardNegatives",
  "mteb_version": "2.16.0",
  "scores": {
    "dev": [
      {
        "ndcg_at_1": 0.23279,
        "ndcg_at_3": 0.24261,
        "ndcg_at_5": 0.27234,
        "ndcg_at_10": 0.32424,
        "ndcg_at_20": 0.36152,
        "ndcg_at_100": 0.43863,
        "ndcg_at_1000": 0.46055,
        "map_at_1": 0.11246,
        "map_at_3": 0.17433,
        "map_at_5": 0.20235,
        "map_at_10": 0.23005,
        "map_at_20": 0.24442,
        "map_at_100": 0.26173,
        "map_at_1000": 0.26345,
        "recall_at_1": 0.11246,
        "recall_at_3": 0.23564,
        "recall_at_5": 0.31617,
        "recall_at_10": 0.44517,
        "recall_at_20": 0.55542,
        "recall_at_100": 0.86337,
        "recall_at_1000": 0.99106,
        "accuracy": 0.11246,
        "precision_at_1": 0.23279,
        "precision_at_3": 0.17596,
        "precision_at_5": 0.15082,
        "precision_at_10": 0.10852,
        "precision_at_20": 0.07016,
        "precision_at_100": 0.02279,
        "precision_at_1000": 0.00263,
        "mrr_at_1": 0.232787,
        "mrr_at_3": 0.327322,
        "mrr_at_5": 0.349126,
        "mrr_at_10": 0.368639,
        "mrr_at_20": 0.374034,
        "mrr_at_100": 0.378753,
        "mrr_at_1000": 0.379027,
        "nauc_ndcg_at_1_max": 0.064605,
        "nauc_ndcg_at_1_std": -0.050746,
        "nauc_ndcg_at_1_diff1": 0.214334,
        "nauc_ndcg_at_3_max": 0.034117,
        "nauc_ndcg_at_3_std": -0.03099,
        "nauc_ndcg_at_3_diff1": 0.135388,
        "nauc_ndcg_at_5_max": 0.041997,
        "nauc_ndcg_at_5_std": -0.046809,
        "nauc_ndcg_at_5_diff1": 0.13713,
        "nauc_ndcg_at_10_max": 0.053392,
        "nauc_ndcg_at_10_std": -0.05228,
        "nauc_ndcg_at_10_diff1": 0.117491,
        "nauc_ndcg_at_20_max": 0.066416,
        "nauc_ndcg_at_20_std": -0.05676,
        "nauc_ndcg_at_20_diff1": 0.106111,
        "nauc_ndcg_at_100_max": 0.088852,
        "nauc_ndcg_at_100_std": 0.002468,
        "nauc_ndcg_at_100_diff1": 0.094427,
        "nauc_ndcg_at_1000_max": 0.07722,
        "nauc_ndcg_at_1000_std": -0.01522,
        "nauc_ndcg_at_1000_diff1": 0.098287,
        "nauc_map_at_1_max": -0.003346,
        "nauc_map_at_1_std": -0.064562,
        "nauc_map_at_1_diff1": 0.238734,
        "nauc_map_at_3_max": 0.011043,
        "nauc_map_at_3_std": -0.05043,
        "nauc_map_at_3_diff1": 0.169819,
        "nauc_map_at_5_max": 0.020384,
        "nauc_map_at_5_std": -0.057252,
        "nauc_map_at_5_diff1": 0.157365,
        "nauc_map_at_10_max": 0.032235,
        "nauc_map_at_10_std": -0.058042,
        "nauc_map_at_10_diff1": 0.140873,
        "nauc_map_at_20_max": 0.037945,
        "nauc_map_at_20_std": -0.060446,
        "nauc_map_at_20_diff1": 0.133387,
        "nauc_map_at_100_max": 0.045836,
        "nauc_map_at_100_std": -0.048019,
        "nauc_map_at_100_diff1": 0.125534,
        "nauc_map_at_1000_max": 0.045094,
        "nauc_map_at_1000_std": -0.048195,
        "nauc_map_at_1000_diff1": 0.125339,
        "nauc_recall_at_1_max": -0.003346,
        "nauc_recall_at_1_std": -0.064562,
        "nauc_recall_at_1_diff1": 0.238734,
        "nauc_recall_at_3_max": -0.003689,
        "nauc_recall_at_3_std": -0.033731,
        "nauc_recall_at_3_diff1": 0.108983,
        "nauc_recall_at_5_max": 0.011003,
        "nauc_recall_at_5_std": -0.05554,
        "nauc_recall_at_5_diff1": 0.114201,
        "nauc_recall_at_10_max": 0.038361,
        "nauc_recall_at_10_std": -0.062159,
        "nauc_recall_at_10_diff1": 0.06529,
        "nauc_recall_at_20_max": 0.061223,
        "nauc_recall_at_20_std": -0.085004,
        "nauc_recall_at_20_diff1": 0.044586,
        "nauc_recall_at_100_max": 0.162809,
        "nauc_recall_at_100_std": 0.24166,
        "nauc_recall_at_100_diff1": -0.020557,
        "nauc_recall_at_1000_max": -0.149465,
        "nauc_recall_at_1000_std": 0.459387,
        "nauc_recall_at_1000_diff1": -0.117241,
        "nauc_precision_at_1_max": 0.064605,
        "nauc_precision_at_1_std": -0.050746,
        "nauc_precision_at_1_diff1": 0.214334,
        "nauc_precision_at_3_max": 0.062815,
        "nauc_precision_at_3_std": -0.00346,
        "nauc_precision_at_3_diff1": 0.032351,
        "nauc_precision_at_5_max": 0.117226,
        "nauc_precision_at_5_std": -0.009521,
        "nauc_precision_at_5_diff1": -0.004103,
        "nauc_precision_at_10_max": 0.147318,
        "nauc_precision_at_10_std": -0.009786,
        "nauc_precision_at_10_diff1": -0.065202,
        "nauc_precision_at_20_max": 0.152265,
        "nauc_precision_at_20_std": -0.004831,
        "nauc_precision_at_20_diff1": -0.111939,
        "nauc_precision_at_100_max": 0.202568,
        "nauc_precision_at_100_std": 0.174068,
        "nauc_precision_at_100_diff1": -0.153812,
        "nauc_precision_at_1000_max": 0.148144,
        "nauc_precision_at_1000_std": 0.113807,
        "nauc_precision_at_1000_diff1": -0.162068,
        "nauc_mrr_at_1_max": 0.064605,
        "nauc_mrr_at_1_std": -0.050746,
        "nauc_mrr_at_1_diff1": 0.214334,
        "nauc_mrr_at_3_max": 0.059127,
        "nauc_mrr_at_3_std": -0.018273,
        "nauc_mrr_at_3_diff1": 0.139789,
        "nauc_mrr_at_5_max": 0.073601,
        "nauc_mrr_at_5_std": -0.020757,
        "nauc_mrr_at_5_diff1": 0.152827,
        "nauc_mrr_at_10_max": 0.077939,
        "nauc_mrr_at_10_std": -0.020376,
        "nauc_mrr_at_10_diff1": 0.148343,
        "nauc_mrr_at_20_max": 0.079487,
        "nauc_mrr_at_20_std": -0.019829,
        "nauc_mrr_at_20_diff1": 0.149482,
        "nauc_mrr_at_100_max": 0.077589,
        "nauc_mrr_at_100_std": -0.019881,
        "nauc_mrr_at_100_diff1": 0.152112,
        "nauc_mrr_at_1000_max": 0.07751,
        "nauc_mrr_at_1000_std": -0.020146,
        "nauc_mrr_at_1000_diff1": 0.152225,
        "hit_rate_at_1": 0.23279,
        "hit_rate_at_3": 0.45574,
        "hit_rate_at_5": 0.55082,
        "hit_rate_at_10": 0.68852,
        "hit_rate_at_20": 0.77049,
        "hit_rate_at_100": 0.94426,
        "hit_rate_at_1000": 1.0,
        "main_score": 0.32424,
        "hf_subset": "de",
        "languages": [
          "deu-Latn"
        ],
        "mteb_version": "2.16.0"
      }
    ]
  },
  "evaluation_time": 1859.69713283889,
  "kg_co2_emissions": null,
  "date": 1782186251.896919,
  "evaluation_phases": [
    {
      "name": "Data loading",
      "start": 3.7960708141326904e-06,
      "end": 12.966092739254236,
      "split": "",
      "subset": ""
    },
    {
      "name": "Dataset transform",
      "start": 12.966100020334125,
      "end": 12.966101543977857,
      "split": "",
      "subset": ""
    },
    {
      "name": "Encoding queries and documents",
      "start": 12.971327530220151,
      "end": 1859.3326214887202,
      "split": "dev",
      "subset": "de"
    },
    {
      "name": "Scoring",
      "start": 1859.33263881132,
      "end": 1859.6720828767866,
      "split": "dev",
      "subset": "de"
    }
  ]
}