{
  "dataset_revision": "837028901907a7d419b4ab906f28e011ce1cc824",
  "task_name": "MultiLongDocRetrieval",
  "mteb_version": "2.16.0",
  "scores": {
    "dev": [
      {
        "ndcg_at_1": 0.12,
        "ndcg_at_3": 0.1722,
        "ndcg_at_5": 0.19071,
        "ndcg_at_10": 0.20679,
        "ndcg_at_20": 0.21907,
        "ndcg_at_100": 0.25506,
        "ndcg_at_1000": 0.2801,
        "map_at_1": 0.12,
        "map_at_3": 0.15917,
        "map_at_5": 0.16942,
        "map_at_10": 0.176,
        "map_at_20": 0.17919,
        "map_at_100": 0.18406,
        "map_at_1000": 0.18487,
        "recall_at_1": 0.12,
        "recall_at_3": 0.21,
        "recall_at_5": 0.255,
        "recall_at_10": 0.305,
        "recall_at_20": 0.355,
        "recall_at_100": 0.55,
        "recall_at_1000": 0.755,
        "accuracy": 0.12,
        "precision_at_1": 0.12,
        "precision_at_3": 0.07,
        "precision_at_5": 0.051,
        "precision_at_10": 0.0305,
        "precision_at_20": 0.01775,
        "precision_at_100": 0.0055,
        "precision_at_1000": 0.00076,
        "mrr_at_1": 0.12,
        "mrr_at_3": 0.159167,
        "mrr_at_5": 0.169417,
        "mrr_at_10": 0.176002,
        "mrr_at_20": 0.179185,
        "mrr_at_100": 0.184065,
        "mrr_at_1000": 0.184867,
        "nauc_ndcg_at_1_max": 0.371162,
        "nauc_ndcg_at_1_std": -0.033042,
        "nauc_ndcg_at_1_diff1": 0.573003,
        "nauc_ndcg_at_3_max": 0.306456,
        "nauc_ndcg_at_3_std": 0.00473,
        "nauc_ndcg_at_3_diff1": 0.406553,
        "nauc_ndcg_at_5_max": 0.343738,
        "nauc_ndcg_at_5_std": 0.063999,
        "nauc_ndcg_at_5_diff1": 0.376,
        "nauc_ndcg_at_10_max": 0.339127,
        "nauc_ndcg_at_10_std": 0.072772,
        "nauc_ndcg_at_10_diff1": 0.350019,
        "nauc_ndcg_at_20_max": 0.34375,
        "nauc_ndcg_at_20_std": 0.08121,
        "nauc_ndcg_at_20_diff1": 0.330457,
        "nauc_ndcg_at_100_max": 0.352661,
        "nauc_ndcg_at_100_std": 0.117235,
        "nauc_ndcg_at_100_diff1": 0.340196,
        "nauc_ndcg_at_1000_max": 0.362425,
        "nauc_ndcg_at_1000_std": 0.115822,
        "nauc_ndcg_at_1000_diff1": 0.363853,
        "nauc_map_at_1_max": 0.371162,
        "nauc_map_at_1_std": -0.033042,
        "nauc_map_at_1_diff1": 0.573003,
        "nauc_map_at_3_max": 0.318195,
        "nauc_map_at_3_std": -0.00606,
        "nauc_map_at_3_diff1": 0.439263,
        "nauc_map_at_5_max": 0.339886,
        "nauc_map_at_5_std": 0.030062,
        "nauc_map_at_5_diff1": 0.420067,
        "nauc_map_at_10_max": 0.33855,
        "nauc_map_at_10_std": 0.035198,
        "nauc_map_at_10_diff1": 0.407937,
        "nauc_map_at_20_max": 0.340881,
        "nauc_map_at_20_std": 0.038463,
        "nauc_map_at_20_diff1": 0.402454,
        "nauc_map_at_100_max": 0.341514,
        "nauc_map_at_100_std": 0.043757,
        "nauc_map_at_100_diff1": 0.404537,
        "nauc_map_at_1000_max": 0.341977,
        "nauc_map_at_1000_std": 0.043764,
        "nauc_map_at_1000_diff1": 0.405262,
        "nauc_recall_at_1_max": 0.371162,
        "nauc_recall_at_1_std": -0.033042,
        "nauc_recall_at_1_diff1": 0.573003,
        "nauc_recall_at_3_max": 0.279214,
        "nauc_recall_at_3_std": 0.031213,
        "nauc_recall_at_3_diff1": 0.329723,
        "nauc_recall_at_5_max": 0.357124,
        "nauc_recall_at_5_std": 0.146526,
        "nauc_recall_at_5_diff1": 0.275086,
        "nauc_recall_at_10_max": 0.342294,
        "nauc_recall_at_10_std": 0.159017,
        "nauc_recall_at_10_diff1": 0.218442,
        "nauc_recall_at_20_max": 0.351296,
        "nauc_recall_at_20_std": 0.179347,
        "nauc_recall_at_20_diff1": 0.158598,
        "nauc_recall_at_100_max": 0.397044,
        "nauc_recall_at_100_std": 0.343783,
        "nauc_recall_at_100_diff1": 0.183564,
        "nauc_recall_at_1000_max": 0.497293,
        "nauc_recall_at_1000_std": 0.431561,
        "nauc_recall_at_1000_diff1": 0.342723,
        "nauc_precision_at_1_max": 0.371162,
        "nauc_precision_at_1_std": -0.033042,
        "nauc_precision_at_1_diff1": 0.573003,
        "nauc_precision_at_3_max": 0.279214,
        "nauc_precision_at_3_std": 0.031213,
        "nauc_precision_at_3_diff1": 0.329723,
        "nauc_precision_at_5_max": 0.357124,
        "nauc_precision_at_5_std": 0.146526,
        "nauc_precision_at_5_diff1": 0.275086,
        "nauc_precision_at_10_max": 0.342294,
        "nauc_precision_at_10_std": 0.159017,
        "nauc_precision_at_10_diff1": 0.218442,
        "nauc_precision_at_20_max": 0.351296,
        "nauc_precision_at_20_std": 0.179347,
        "nauc_precision_at_20_diff1": 0.158598,
        "nauc_precision_at_100_max": 0.397044,
        "nauc_precision_at_100_std": 0.343783,
        "nauc_precision_at_100_diff1": 0.183564,
        "nauc_precision_at_1000_max": 0.497293,
        "nauc_precision_at_1000_std": 0.431561,
        "nauc_precision_at_1000_diff1": 0.342723,
        "nauc_mrr_at_1_max": 0.371162,
        "nauc_mrr_at_1_std": -0.033042,
        "nauc_mrr_at_1_diff1": 0.573003,
        "nauc_mrr_at_3_max": 0.318195,
        "nauc_mrr_at_3_std": -0.00606,
        "nauc_mrr_at_3_diff1": 0.439263,
        "nauc_mrr_at_5_max": 0.339886,
        "nauc_mrr_at_5_std": 0.030062,
        "nauc_mrr_at_5_diff1": 0.420067,
        "nauc_mrr_at_10_max": 0.33855,
        "nauc_mrr_at_10_std": 0.035198,
        "nauc_mrr_at_10_diff1": 0.407937,
        "nauc_mrr_at_20_max": 0.340881,
        "nauc_mrr_at_20_std": 0.038463,
        "nauc_mrr_at_20_diff1": 0.402454,
        "nauc_mrr_at_100_max": 0.341514,
        "nauc_mrr_at_100_std": 0.043757,
        "nauc_mrr_at_100_diff1": 0.404537,
        "nauc_mrr_at_1000_max": 0.341977,
        "nauc_mrr_at_1000_std": 0.043764,
        "nauc_mrr_at_1000_diff1": 0.405262,
        "hit_rate_at_1": 0.12,
        "hit_rate_at_3": 0.21,
        "hit_rate_at_5": 0.255,
        "hit_rate_at_10": 0.305,
        "hit_rate_at_20": 0.355,
        "hit_rate_at_100": 0.55,
        "hit_rate_at_1000": 0.755,
        "main_score": 0.20679,
        "hf_subset": "de",
        "languages": [
          "deu-Latn"
        ],
        "mteb_version": "2.16.0"
      }
    ],
    "test": [
      {
        "ndcg_at_1": 0.14,
        "ndcg_at_3": 0.16143,
        "ndcg_at_5": 0.17391,
        "ndcg_at_10": 0.19997,
        "ndcg_at_20": 0.2161,
        "ndcg_at_100": 0.24055,
        "ndcg_at_1000": 0.27684,
        "map_at_1": 0.14,
        "map_at_3": 0.15667,
        "map_at_5": 0.16367,
        "map_at_10": 0.1736,
        "map_at_20": 0.17786,
        "map_at_100": 0.18142,
        "map_at_1000": 0.18252,
        "recall_at_1": 0.14,
        "recall_at_3": 0.175,
        "recall_at_5": 0.205,
        "recall_at_10": 0.29,
        "recall_at_20": 0.355,
        "recall_at_100": 0.485,
        "recall_at_1000": 0.785,
        "accuracy": 0.14,
        "precision_at_1": 0.14,
        "precision_at_3": 0.05833,
        "precision_at_5": 0.041,
        "precision_at_10": 0.029,
        "precision_at_20": 0.01775,
        "precision_at_100": 0.00485,
        "precision_at_1000": 0.00078,
        "mrr_at_1": 0.14,
        "mrr_at_3": 0.156667,
        "mrr_at_5": 0.163667,
        "mrr_at_10": 0.173601,
        "mrr_at_20": 0.17786,
        "mrr_at_100": 0.181418,
        "mrr_at_1000": 0.182517,
        "nauc_ndcg_at_1_max": 0.173438,
        "nauc_ndcg_at_1_std": -0.103908,
        "nauc_ndcg_at_1_diff1": 0.623266,
        "nauc_ndcg_at_3_max": 0.210459,
        "nauc_ndcg_at_3_std": -0.035577,
        "nauc_ndcg_at_3_diff1": 0.554767,
        "nauc_ndcg_at_5_max": 0.185801,
        "nauc_ndcg_at_5_std": -0.044539,
        "nauc_ndcg_at_5_diff1": 0.520996,
        "nauc_ndcg_at_10_max": 0.201799,
        "nauc_ndcg_at_10_std": 0.001207,
        "nauc_ndcg_at_10_diff1": 0.490939,
        "nauc_ndcg_at_20_max": 0.223112,
        "nauc_ndcg_at_20_std": 0.032044,
        "nauc_ndcg_at_20_diff1": 0.464175,
        "nauc_ndcg_at_100_max": 0.196679,
        "nauc_ndcg_at_100_std": 0.029871,