{
  "dataset_revision": "48327de6ee192e9610f3069789719788957c7abd",
  "task_name": "GerDaLIRSmall",
  "mteb_version": "2.16.0",
  "scores": {
    "test": [
      {
        "ndcg_at_1": 0.02354,
        "ndcg_at_3": 0.03185,
        "ndcg_at_5": 0.03618,
        "ndcg_at_10": 0.04241,
        "ndcg_at_20": 0.04934,
        "ndcg_at_100": 0.06688,
        "ndcg_at_1000": 0.09778,
        "map_at_1": 0.02092,
        "map_at_3": 0.02854,
        "map_at_5": 0.0309,
        "map_at_10": 0.03338,
        "map_at_20": 0.03525,
        "map_at_100": 0.03747,
        "map_at_1000": 0.03838,
        "recall_at_1": 0.02092,
        "recall_at_3": 0.03779,
        "recall_at_5": 0.04787,
        "recall_at_10": 0.06677,
        "recall_at_20": 0.09319,
        "recall_at_100": 0.18757,
        "recall_at_1000": 0.43858,
        "accuracy": 0.02092,
        "precision_at_1": 0.02354,
        "precision_at_3": 0.0146,
        "precision_at_5": 0.01125,
        "precision_at_10": 0.00784,
        "precision_at_20": 0.0055,
        "precision_at_100": 0.0022,
        "precision_at_1000": 0.00051,
        "mrr_at_1": 0.023541,
        "mrr_at_3": 0.032246,
        "mrr_at_5": 0.034903,
        "mrr_at_10": 0.037604,
        "mrr_at_20": 0.039622,
        "mrr_at_100": 0.041915,
        "mrr_at_1000": 0.04279,
        "nauc_ndcg_at_1_max": 0.081756,
        "nauc_ndcg_at_1_std": -0.16064,
        "nauc_ndcg_at_1_diff1": 0.286949,
        "nauc_ndcg_at_3_max": 0.036746,
        "nauc_ndcg_at_3_std": -0.161653,
        "nauc_ndcg_at_3_diff1": 0.18175,
        "nauc_ndcg_at_5_max": 0.02473,
        "nauc_ndcg_at_5_std": -0.157547,
        "nauc_ndcg_at_5_diff1": 0.168516,
        "nauc_ndcg_at_10_max": -0.002168,
        "nauc_ndcg_at_10_std": -0.147853,
        "nauc_ndcg_at_10_diff1": 0.145585,
        "nauc_ndcg_at_20_max": -0.005192,
        "nauc_ndcg_at_20_std": -0.141481,
        "nauc_ndcg_at_20_diff1": 0.125343,
        "nauc_ndcg_at_100_max": -0.024311,
        "nauc_ndcg_at_100_std": -0.121243,
        "nauc_ndcg_at_100_diff1": 0.102083,
        "nauc_ndcg_at_1000_max": -0.039632,
        "nauc_ndcg_at_1000_std": -0.106174,
        "nauc_ndcg_at_1000_diff1": 0.093016,
        "nauc_map_at_1_max": 0.061578,
        "nauc_map_at_1_std": -0.162311,
        "nauc_map_at_1_diff1": 0.297193,
        "nauc_map_at_3_max": 0.037298,
        "nauc_map_at_3_std": -0.162849,
        "nauc_map_at_3_diff1": 0.205344,
        "nauc_map_at_5_max": 0.029525,
        "nauc_map_at_5_std": -0.160427,
        "nauc_map_at_5_diff1": 0.19487,
        "nauc_map_at_10_max": 0.015272,
        "nauc_map_at_10_std": -0.155484,
        "nauc_map_at_10_diff1": 0.182011,
        "nauc_map_at_20_max": 0.012917,
        "nauc_map_at_20_std": -0.152673,
        "nauc_map_at_20_diff1": 0.173015,
        "nauc_map_at_100_max": 0.00828,
        "nauc_map_at_100_std": -0.148582,
        "nauc_map_at_100_diff1": 0.166388,
        "nauc_map_at_1000_max": 0.007142,
        "nauc_map_at_1000_std": -0.147256,
        "nauc_map_at_1000_diff1": 0.165315,
        "nauc_recall_at_1_max": 0.061578,
        "nauc_recall_at_1_std": -0.162311,
        "nauc_recall_at_1_diff1": 0.297193,
        "nauc_recall_at_3_max": 0.020809,
        "nauc_recall_at_3_std": -0.160066,
        "nauc_recall_at_3_diff1": 0.140683,
        "nauc_recall_at_5_max": 0.002548,
        "nauc_recall_at_5_std": -0.152367,
        "nauc_recall_at_5_diff1": 0.12668,
        "nauc_recall_at_10_max": -0.043788,
        "nauc_recall_at_10_std": -0.135588,
        "nauc_recall_at_10_diff1": 0.094294,
        "nauc_recall_at_20_max": -0.037576,
        "nauc_recall_at_20_std": -0.125218,
        "nauc_recall_at_20_diff1": 0.066004,
        "nauc_recall_at_100_max": -0.065681,
        "nauc_recall_at_100_std": -0.086035,
        "nauc_recall_at_100_diff1": 0.039933,
        "nauc_recall_at_1000_max": -0.097576,
        "nauc_recall_at_1000_std": -0.055562,
        "nauc_recall_at_1000_diff1": 0.03066,
        "nauc_precision_at_1_max": 0.081756,
        "nauc_precision_at_1_std": -0.16064,
        "nauc_precision_at_1_diff1": 0.286949,
        "nauc_precision_at_3_max": 0.040213,
        "nauc_precision_at_3_std": -0.161977,
        "nauc_precision_at_3_diff1": 0.129961,
        "nauc_precision_at_5_max": 0.014696,
        "nauc_precision_at_5_std": -0.153552,
        "nauc_precision_at_5_diff1": 0.116824,
        "nauc_precision_at_10_max": -0.031614,
        "nauc_precision_at_10_std": -0.13467,
        "nauc_precision_at_10_diff1": 0.082625,
        "nauc_precision_at_20_max": -0.028766,
        "nauc_precision_at_20_std": -0.125784,
        "nauc_precision_at_20_diff1": 0.060292,
        "nauc_precision_at_100_max": -0.053446,
        "nauc_precision_at_100_std": -0.087248,
        "nauc_precision_at_100_diff1": 0.037331,
        "nauc_precision_at_1000_max": -0.073061,
        "nauc_precision_at_1000_std": -0.054164,
        "nauc_precision_at_1000_diff1": 0.026531,
        "nauc_mrr_at_1_max": 0.081756,
        "nauc_mrr_at_1_std": -0.16064,
        "nauc_mrr_at_1_diff1": 0.286949,
        "nauc_mrr_at_3_max": 0.058251,
        "nauc_mrr_at_3_std": -0.161159,
        "nauc_mrr_at_3_diff1": 0.191922,
        "nauc_mrr_at_5_max": 0.048495,
        "nauc_mrr_at_5_std": -0.158503,
        "nauc_mrr_at_5_diff1": 0.182348,
        "nauc_mrr_at_10_max": 0.034641,
        "nauc_mrr_at_10_std": -0.152922,
        "nauc_mrr_at_10_diff1": 0.170079,
        "nauc_mrr_at_20_max": 0.031624,
        "nauc_mrr_at_20_std": -0.150855,
        "nauc_mrr_at_20_diff1": 0.161175,
        "nauc_mrr_at_100_max": 0.026588,
        "nauc_mrr_at_100_std": -0.147111,
        "nauc_mrr_at_100_diff1": 0.155385,
        "nauc_mrr_at_1000_max": 0.025655,
        "nauc_mrr_at_1000_std": -0.146086,
        "nauc_mrr_at_1000_diff1": 0.154683,
        "hit_rate_at_1": 0.02354,
        "hit_rate_at_3": 0.04316,
        "hit_rate_at_5": 0.05485,
        "hit_rate_at_10": 0.07594,
        "hit_rate_at_20": 0.10536,
        "hit_rate_at_100": 0.20639,
        "hit_rate_at_1000": 0.46305,
        "main_score": 0.04241,
        "hf_subset": "default",
        "languages": [
          "deu-Latn"
        ],
        "mteb_version": "2.16.0"
      }
    ]
  },
  "evaluation_time": 248.32299302704632,
  "kg_co2_emissions": null,
  "date": 1782209841.076928,
  "evaluation_phases": [
    {
      "name": "Data loading",
      "start": 4.2729079723358154e-06,
      "end": 7.184966957196593,
      "split": "",
      "subset": ""
    },
    {
      "name": "Dataset transform",
      "start": 7.1849752105772495,
      "end": 7.184976864606142,
      "split": "",
      "subset": ""
    },
    {
      "name": "Encoding queries and documents",
      "start": 7.344557536765933,
      "end": 236.9639007076621,
      "split": "test",
      "subset": "default"
    },
    {
      "name": "Scoring",
      "start": 236.96392435207963,
      "end": 248.13465751707554,
      "split": "test",
      "subset": "default"
    }
  ]
}