{
  "dataset_revision": "f5c87ae5a2e7a5106606314eef45255f03151bb3",
  "task_name": "GermanQuAD-Retrieval",
  "mteb_version": "2.16.0",
  "scores": {
    "test": [
      {
        "ndcg_at_1": 0.68421,
        "ndcg_at_3": 0.77842,
        "ndcg_at_5": 0.79734,
        "ndcg_at_10": 0.81231,
        "ndcg_at_20": 0.8196,
        "ndcg_at_100": 0.82498,
        "ndcg_at_1000": 0.82592,
        "map_at_1": 0.68421,
        "map_at_3": 0.75544,
        "map_at_5": 0.76597,
        "map_at_10": 0.77223,
        "map_at_20": 0.77427,
        "map_at_100": 0.77507,
        "map_at_1000": 0.77512,
        "recall_at_1": 0.68421,
        "recall_at_3": 0.84483,
        "recall_at_5": 0.89065,
        "recall_at_10": 0.93648,
        "recall_at_20": 0.96506,
        "recall_at_100": 0.99319,
        "recall_at_1000": 1.0,
        "accuracy": 0.68421,
        "precision_at_1": 0.68421,
        "precision_at_3": 0.28161,
        "precision_at_5": 0.17813,
        "precision_at_10": 0.09365,
        "precision_at_20": 0.04825,
        "precision_at_100": 0.00993,
        "precision_at_1000": 0.001,
        "mrr_at_1": 0.684211,
        "mrr_at_3": 0.755445,
        "mrr_at_5": 0.765971,
        "mrr_at_10": 0.772233,
        "mrr_at_20": 0.774273,
        "mrr_at_100": 0.775074,
        "mrr_at_1000": 0.77512,
        "nauc_ndcg_at_1_max": 0.501813,
        "nauc_ndcg_at_1_std": -0.048114,
        "nauc_ndcg_at_1_diff1": 0.738295,
        "nauc_ndcg_at_3_max": 0.567539,
        "nauc_ndcg_at_3_std": -0.047719,
        "nauc_ndcg_at_3_diff1": 0.723022,
        "nauc_ndcg_at_5_max": 0.576425,
        "nauc_ndcg_at_5_std": -0.029048,
        "nauc_ndcg_at_5_diff1": 0.722465,
        "nauc_ndcg_at_10_max": 0.572565,
        "nauc_ndcg_at_10_std": -0.0199,
        "nauc_ndcg_at_10_diff1": 0.724917,
        "nauc_ndcg_at_20_max": 0.565995,
        "nauc_ndcg_at_20_std": -0.018518,
        "nauc_ndcg_at_20_diff1": 0.724283,
        "nauc_ndcg_at_100_max": 0.557105,
        "nauc_ndcg_at_100_std": -0.026863,
        "nauc_ndcg_at_100_diff1": 0.726179,
        "nauc_ndcg_at_1000_max": 0.554557,
        "nauc_ndcg_at_1000_std": -0.030403,
        "nauc_ndcg_at_1000_diff1": 0.726141,
        "nauc_map_at_1_max": 0.501813,
        "nauc_map_at_1_std": -0.048114,
        "nauc_map_at_1_diff1": 0.738295,
        "nauc_map_at_3_max": 0.547066,
        "nauc_map_at_3_std": -0.04666,
        "nauc_map_at_3_diff1": 0.726368,
        "nauc_map_at_5_max": 0.550448,
        "nauc_map_at_5_std": -0.037864,
        "nauc_map_at_5_diff1": 0.726373,
        "nauc_map_at_10_max": 0.548402,
        "nauc_map_at_10_std": -0.034914,
        "nauc_map_at_10_diff1": 0.727272,
        "nauc_map_at_20_max": 0.546733,
        "nauc_map_at_20_std": -0.034669,
        "nauc_map_at_20_diff1": 0.727186,
        "nauc_map_at_100_max": 0.545632,
        "nauc_map_at_100_std": -0.03572,
        "nauc_map_at_100_diff1": 0.727391,
        "nauc_map_at_1000_max": 0.545532,
        "nauc_map_at_1000_std": -0.035861,
        "nauc_map_at_1000_diff1": 0.727392,
        "nauc_recall_at_1_max": 0.501813,
        "nauc_recall_at_1_std": -0.048114,
        "nauc_recall_at_1_diff1": 0.738295,
        "nauc_recall_at_3_max": 0.654091,
        "nauc_recall_at_3_std": -0.052881,
        "nauc_recall_at_3_diff1": 0.709689,
        "nauc_recall_at_5_max": 0.72268,
        "nauc_recall_at_5_std": 0.024412,
        "nauc_recall_at_5_diff1": 0.701494,
        "nauc_recall_at_10_max": 0.792742,
        "nauc_recall_at_10_std": 0.135113,
        "nauc_recall_at_10_diff1": 0.707824,
        "nauc_recall_at_20_max": 0.852688,
        "nauc_recall_at_20_std": 0.283101,
        "nauc_recall_at_20_diff1": 0.681179,
        "nauc_recall_at_100_max": 0.973861,
        "nauc_recall_at_100_std": 0.549252,
        "nauc_recall_at_100_diff1": 0.734585,
        "nauc_recall_at_1000_max": NaN,
        "nauc_recall_at_1000_std": NaN,
        "nauc_recall_at_1000_diff1": NaN,
        "nauc_precision_at_1_max": 0.501813,
        "nauc_precision_at_1_std": -0.048114,
        "nauc_precision_at_1_diff1": 0.738295,
        "nauc_precision_at_3_max": 0.654091,
        "nauc_precision_at_3_std": -0.052881,
        "nauc_precision_at_3_diff1": 0.709689,
        "nauc_precision_at_5_max": 0.72268,
        "nauc_precision_at_5_std": 0.024412,
        "nauc_precision_at_5_diff1": 0.701494,
        "nauc_precision_at_10_max": 0.792742,
        "nauc_precision_at_10_std": 0.135113,
        "nauc_precision_at_10_diff1": 0.707824,
        "nauc_precision_at_20_max": 0.852688,
        "nauc_precision_at_20_std": 0.283101,
        "nauc_precision_at_20_diff1": 0.681179,
        "nauc_precision_at_100_max": 0.973861,
        "nauc_precision_at_100_std": 0.549252,
        "nauc_precision_at_100_diff1": 0.734585,
        "nauc_precision_at_1000_max": 1.0,
        "nauc_precision_at_1000_std": 1.0,
        "nauc_precision_at_1000_diff1": 1.0,
        "nauc_mrr_at_1_max": 0.501813,
        "nauc_mrr_at_1_std": -0.048114,
        "nauc_mrr_at_1_diff1": 0.738295,
        "nauc_mrr_at_3_max": 0.547066,
        "nauc_mrr_at_3_std": -0.04666,
        "nauc_mrr_at_3_diff1": 0.726368,
        "nauc_mrr_at_5_max": 0.550448,
        "nauc_mrr_at_5_std": -0.037864,
        "nauc_mrr_at_5_diff1": 0.726373,
        "nauc_mrr_at_10_max": 0.548402,
        "nauc_mrr_at_10_std": -0.034914,
        "nauc_mrr_at_10_diff1": 0.727272,
        "nauc_mrr_at_20_max": 0.546733,
        "nauc_mrr_at_20_std": -0.034669,
        "nauc_mrr_at_20_diff1": 0.727186,
        "nauc_mrr_at_100_max": 0.545632,
        "nauc_mrr_at_100_std": -0.03572,
        "nauc_mrr_at_100_diff1": 0.727391,
        "nauc_mrr_at_1000_max": 0.545532,
        "nauc_mrr_at_1000_std": -0.035861,
        "nauc_mrr_at_1000_diff1": 0.727392,
        "hit_rate_at_1": 0.68421,
        "hit_rate_at_3": 0.84483,
        "hit_rate_at_5": 0.89065,
        "hit_rate_at_10": 0.93648,
        "hit_rate_at_20": 0.96506,
        "hit_rate_at_100": 0.99319,
        "hit_rate_at_1000": 1.0,
        "main_score": 0.765971,
        "hf_subset": "default",
        "languages": [
          "deu-Latn"
        ],
        "mteb_version": "2.16.0"
      }
    ]
  },
  "evaluation_time": 13.213759697973728,
  "kg_co2_emissions": null,
  "date": 1782209592.746913,
  "evaluation_phases": [
    {
      "name": "Data loading",
      "start": 0.0,
      "end": 5.0207690093666315,
      "split": "",
      "subset": ""
    },
    {
      "name": "Encoding queries and documents",
      "start": 5.060338292270899,
      "end": 12.259590186178684,
      "split": "test",
      "subset": "default"
    },
    {
      "name": "Scoring",
      "start": 12.259612519294024,
      "end": 13.19336562231183,
      "split": "test",
      "subset": "default"
    }
  ]
}