{
  "dataset_revision": "d7d94fa4b946cec4a27c84653aa0cf6b33f74a3c",
  "task_name": "MIRACLRetrievalHardNegatives",
  "mteb_version": "2.16.0",
  "scores": {
    "dev": [
      {
        "ndcg_at_1": 0.22951,
        "ndcg_at_3": 0.23542,
        "ndcg_at_5": 0.25302,
        "ndcg_at_10": 0.30902,
        "ndcg_at_20": 0.34995,
        "ndcg_at_100": 0.41681,
        "ndcg_at_1000": 0.44365,
        "map_at_1": 0.0973,
        "map_at_3": 0.16009,
        "map_at_5": 0.18354,
        "map_at_10": 0.21419,
        "map_at_20": 0.22976,
        "map_at_100": 0.24429,
        "map_at_1000": 0.24624,
        "recall_at_1": 0.0973,
        "recall_at_3": 0.21872,
        "recall_at_5": 0.28795,
        "recall_at_10": 0.4261,
        "recall_at_20": 0.55187,
        "recall_at_100": 0.82164,
        "recall_at_1000": 0.97748,
        "accuracy": 0.0973,
        "precision_at_1": 0.22951,
        "precision_at_3": 0.18033,
        "precision_at_5": 0.14295,
        "precision_at_10": 0.10787,
        "precision_at_20": 0.07016,
        "precision_at_100": 0.02161,
        "precision_at_1000": 0.0026,
        "mrr_at_1": 0.229508,
        "mrr_at_3": 0.320765,
        "mrr_at_5": 0.33929,
        "mrr_at_10": 0.360229,
        "mrr_at_20": 0.36638,
        "mrr_at_100": 0.370483,
        "mrr_at_1000": 0.370921,
        "nauc_ndcg_at_1_max": 0.120166,
        "nauc_ndcg_at_1_std": 0.080435,
        "nauc_ndcg_at_1_diff1": 0.017085,
        "nauc_ndcg_at_3_max": 0.119417,
        "nauc_ndcg_at_3_std": 0.044684,
        "nauc_ndcg_at_3_diff1": 0.064358,
        "nauc_ndcg_at_5_max": 0.087953,
        "nauc_ndcg_at_5_std": 0.018781,
        "nauc_ndcg_at_5_diff1": 0.061217,
        "nauc_ndcg_at_10_max": 0.132975,
        "nauc_ndcg_at_10_std": 0.042189,
        "nauc_ndcg_at_10_diff1": 0.022477,
        "nauc_ndcg_at_20_max": 0.144139,
        "nauc_ndcg_at_20_std": 0.039161,
        "nauc_ndcg_at_20_diff1": -0.014198,
        "nauc_ndcg_at_100_max": 0.182083,
        "nauc_ndcg_at_100_std": 0.097071,
        "nauc_ndcg_at_100_diff1": 0.004029,
        "nauc_ndcg_at_1000_max": 0.167947,
        "nauc_ndcg_at_1000_std": 0.097815,
        "nauc_ndcg_at_1000_diff1": 0.000866,
        "nauc_map_at_1_max": 0.040962,
        "nauc_map_at_1_std": 0.021258,
        "nauc_map_at_1_diff1": 0.056668,
        "nauc_map_at_3_max": 0.063517,
        "nauc_map_at_3_std": 0.016277,
        "nauc_map_at_3_diff1": 0.084346,
        "nauc_map_at_5_max": 0.061823,
        "nauc_map_at_5_std": 0.003291,
        "nauc_map_at_5_diff1": 0.079827,
        "nauc_map_at_10_max": 0.091223,
        "nauc_map_at_10_std": 0.01736,
        "nauc_map_at_10_diff1": 0.052235,
        "nauc_map_at_20_max": 0.096902,
        "nauc_map_at_20_std": 0.019059,
        "nauc_map_at_20_diff1": 0.035956,
        "nauc_map_at_100_max": 0.107663,
        "nauc_map_at_100_std": 0.032454,
        "nauc_map_at_100_diff1": 0.038858,
        "nauc_map_at_1000_max": 0.108278,
        "nauc_map_at_1000_std": 0.034679,
        "nauc_map_at_1000_diff1": 0.038599,
        "nauc_recall_at_1_max": 0.040962,
        "nauc_recall_at_1_std": 0.021258,
        "nauc_recall_at_1_diff1": 0.056668,
        "nauc_recall_at_3_max": 0.078055,
        "nauc_recall_at_3_std": 0.027528,
        "nauc_recall_at_3_diff1": 0.093415,
        "nauc_recall_at_5_max": 0.051798,
        "nauc_recall_at_5_std": -0.005802,
        "nauc_recall_at_5_diff1": 0.084972,
        "nauc_recall_at_10_max": 0.138015,
        "nauc_recall_at_10_std": 0.032677,
        "nauc_recall_at_10_diff1": 0.015489,
        "nauc_recall_at_20_max": 0.152049,
        "nauc_recall_at_20_std": 0.004484,
        "nauc_recall_at_20_diff1": -0.074932,
        "nauc_recall_at_100_max": 0.328006,
        "nauc_recall_at_100_std": 0.233814,
        "nauc_recall_at_100_diff1": -0.026987,
        "nauc_recall_at_1000_max": 0.355013,
        "nauc_recall_at_1000_std": 0.786827,
        "nauc_recall_at_1000_diff1": -0.317557,
        "nauc_precision_at_1_max": 0.120166,
        "nauc_precision_at_1_std": 0.080435,
        "nauc_precision_at_1_diff1": 0.017085,
        "nauc_precision_at_3_max": 0.165989,
        "nauc_precision_at_3_std": 0.062039,
        "nauc_precision_at_3_diff1": 0.002627,
        "nauc_precision_at_5_max": 0.145648,
        "nauc_precision_at_5_std": 0.027026,
        "nauc_precision_at_5_diff1": -0.004817,
        "nauc_precision_at_10_max": 0.200935,
        "nauc_precision_at_10_std": 0.061336,
        "nauc_precision_at_10_diff1": -0.070949,
        "nauc_precision_at_20_max": 0.203097,
        "nauc_precision_at_20_std": 0.066879,
        "nauc_precision_at_20_diff1": -0.12493,
        "nauc_precision_at_100_max": 0.264721,
        "nauc_precision_at_100_std": 0.208366,
        "nauc_precision_at_100_diff1": -0.040614,
        "nauc_precision_at_1000_max": 0.223101,
        "nauc_precision_at_1000_std": 0.198014,
        "nauc_precision_at_1000_diff1": -0.037507,
        "nauc_mrr_at_1_max": 0.120166,
        "nauc_mrr_at_1_std": 0.080435,
        "nauc_mrr_at_1_diff1": 0.017085,
        "nauc_mrr_at_3_max": 0.141157,
        "nauc_mrr_at_3_std": 0.085885,
        "nauc_mrr_at_3_diff1": 0.002112,
        "nauc_mrr_at_5_max": 0.133945,
        "nauc_mrr_at_5_std": 0.079648,
        "nauc_mrr_at_5_diff1": -0.001566,
        "nauc_mrr_at_10_max": 0.153301,
        "nauc_mrr_at_10_std": 0.087684,
        "nauc_mrr_at_10_diff1": -0.003698,
        "nauc_mrr_at_20_max": 0.155934,
        "nauc_mrr_at_20_std": 0.089313,
        "nauc_mrr_at_20_diff1": -0.008996,
        "nauc_mrr_at_100_max": 0.155122,
        "nauc_mrr_at_100_std": 0.091918,
        "nauc_mrr_at_100_diff1": -0.007782,
        "nauc_mrr_at_1000_max": 0.154248,
        "nauc_mrr_at_1000_std": 0.091395,
        "nauc_mrr_at_1000_diff1": -0.007904,
        "hit_rate_at_1": 0.22951,
        "hit_rate_at_3": 0.44262,
        "hit_rate_at_5": 0.52131,
        "hit_rate_at_10": 0.67541,
        "hit_rate_at_20": 0.76721,
        "hit_rate_at_100": 0.91475,
        "hit_rate_at_1000": 0.99344,
        "main_score": 0.30902,
        "hf_subset": "de",
        "languages": [
          "deu-Latn"
        ],
        "mteb_version": "2.16.0"
      }
    ]
  },
  "evaluation_time": 252.20557174645364,
  "kg_co2_emissions": null,
  "date": 1782210093.289947,
  "evaluation_phases": [
    {
      "name": "Data loading",
      "start": 4.926696419715881e-06,
      "end": 7.691675441339612,
      "split": "",
      "subset": ""
    },
    {
      "name": "Dataset transform",
      "start": 7.691692633554339,
      "end": 7.69169669225812,
      "split": "",
      "subset": ""
    },
    {
      "name": "Encoding queries and documents",
      "start": 7.705887667834759,
      "end": 251.8460725788027,
      "split": "dev",
      "subset": "de"
    },
    {
      "name": "Scoring",
      "start": 251.846091510728,
      "end": 252.18987436778843,
      "split": "dev",
      "subset": "de"
    }
  ]
}