{
  "dataset_revision": "837028901907a7d419b4ab906f28e011ce1cc824",
  "task_name": "MultiLongDocRetrieval",
  "mteb_version": "2.16.0",
  "scores": {
    "dev": [
      {
        "ndcg_at_1": 0.065,
        "ndcg_at_3": 0.08327,
        "ndcg_at_5": 0.09404,
        "ndcg_at_10": 0.11704,
        "ndcg_at_20": 0.13951,
        "ndcg_at_100": 0.16776,
        "ndcg_at_1000": 0.20351,
        "map_at_1": 0.065,
        "map_at_3": 0.07917,
        "map_at_5": 0.08542,
        "map_at_10": 0.09514,
        "map_at_20": 0.10114,
        "map_at_100": 0.10485,
        "map_at_1000": 0.10598,
        "recall_at_1": 0.065,
        "recall_at_3": 0.095,
        "recall_at_5": 0.12,
        "recall_at_10": 0.19,
        "recall_at_20": 0.28,
        "recall_at_100": 0.435,
        "recall_at_1000": 0.73,
        "accuracy": 0.065,
        "precision_at_1": 0.065,
        "precision_at_3": 0.03167,
        "precision_at_5": 0.024,
        "precision_at_10": 0.019,
        "precision_at_20": 0.014,
        "precision_at_100": 0.00435,
        "precision_at_1000": 0.00073,
        "mrr_at_1": 0.065,
        "mrr_at_3": 0.079167,
        "mrr_at_5": 0.085417,
        "mrr_at_10": 0.095137,
        "mrr_at_20": 0.101142,
        "mrr_at_100": 0.104853,
        "mrr_at_1000": 0.105979,
        "nauc_ndcg_at_1_max": 0.327651,
        "nauc_ndcg_at_1_std": 0.097769,
        "nauc_ndcg_at_1_diff1": 0.321252,
        "nauc_ndcg_at_3_max": 0.278753,
        "nauc_ndcg_at_3_std": 0.057524,
        "nauc_ndcg_at_3_diff1": 0.2448,
        "nauc_ndcg_at_5_max": 0.263963,
        "nauc_ndcg_at_5_std": 0.038351,
        "nauc_ndcg_at_5_diff1": 0.204158,
        "nauc_ndcg_at_10_max": 0.288856,
        "nauc_ndcg_at_10_std": 0.091908,
        "nauc_ndcg_at_10_diff1": 0.190352,
        "nauc_ndcg_at_20_max": 0.237979,
        "nauc_ndcg_at_20_std": 0.092907,
        "nauc_ndcg_at_20_diff1": 0.167595,
        "nauc_ndcg_at_100_max": 0.22614,
        "nauc_ndcg_at_100_std": 0.111532,
        "nauc_ndcg_at_100_diff1": 0.173941,
        "nauc_ndcg_at_1000_max": 0.258291,
        "nauc_ndcg_at_1000_std": 0.139587,
        "nauc_ndcg_at_1000_diff1": 0.184911,
        "nauc_map_at_1_max": 0.327651,
        "nauc_map_at_1_std": 0.097769,
        "nauc_map_at_1_diff1": 0.321252,
        "nauc_map_at_3_max": 0.2878,
        "nauc_map_at_3_std": 0.065875,
        "nauc_map_at_3_diff1": 0.258407,
        "nauc_map_at_5_max": 0.277963,
        "nauc_map_at_5_std": 0.053306,
        "nauc_map_at_5_diff1": 0.231989,
        "nauc_map_at_10_max": 0.290282,
        "nauc_map_at_10_std": 0.079236,
        "nauc_map_at_10_diff1": 0.221175,
        "nauc_map_at_20_max": 0.272465,
        "nauc_map_at_20_std": 0.080435,
        "nauc_map_at_20_diff1": 0.212477,
        "nauc_map_at_100_max": 0.271507,
        "nauc_map_at_100_std": 0.083719,
        "nauc_map_at_100_diff1": 0.21463,
        "nauc_map_at_1000_max": 0.273305,
        "nauc_map_at_1000_std": 0.085359,
        "nauc_map_at_1000_diff1": 0.215819,
        "nauc_recall_at_1_max": 0.327651,
        "nauc_recall_at_1_std": 0.097769,
        "nauc_recall_at_1_diff1": 0.321252,
        "nauc_recall_at_3_max": 0.257213,
        "nauc_recall_at_3_std": 0.03731,
        "nauc_recall_at_3_diff1": 0.212602,
        "nauc_recall_at_5_max": 0.233047,
        "nauc_recall_at_5_std": 0.004739,
        "nauc_recall_at_5_diff1": 0.141847,
        "nauc_recall_at_10_max": 0.289854,
        "nauc_recall_at_10_std": 0.122249,
        "nauc_recall_at_10_diff1": 0.13781,
        "nauc_recall_at_20_max": 0.171441,
        "nauc_recall_at_20_std": 0.117381,
        "nauc_recall_at_20_diff1": 0.093993,
        "nauc_recall_at_100_max": 0.130635,
        "nauc_recall_at_100_std": 0.17194,
        "nauc_recall_at_100_diff1": 0.110286,
        "nauc_recall_at_1000_max": 0.275246,
        "nauc_recall_at_1000_std": 0.365753,
        "nauc_recall_at_1000_diff1": 0.12311,
        "nauc_precision_at_1_max": 0.327651,
        "nauc_precision_at_1_std": 0.097769,
        "nauc_precision_at_1_diff1": 0.321252,
        "nauc_precision_at_3_max": 0.257213,
        "nauc_precision_at_3_std": 0.03731,
        "nauc_precision_at_3_diff1": 0.212602,
        "nauc_precision_at_5_max": 0.233047,
        "nauc_precision_at_5_std": 0.004739,
        "nauc_precision_at_5_diff1": 0.141847,
        "nauc_precision_at_10_max": 0.289854,
        "nauc_precision_at_10_std": 0.122249,
        "nauc_precision_at_10_diff1": 0.13781,
        "nauc_precision_at_20_max": 0.171441,
        "nauc_precision_at_20_std": 0.117381,
        "nauc_precision_at_20_diff1": 0.093993,
        "nauc_precision_at_100_max": 0.130635,
        "nauc_precision_at_100_std": 0.17194,
        "nauc_precision_at_100_diff1": 0.110286,
        "nauc_precision_at_1000_max": 0.275246,
        "nauc_precision_at_1000_std": 0.365753,
        "nauc_precision_at_1000_diff1": 0.12311,
        "nauc_mrr_at_1_max": 0.327651,
        "nauc_mrr_at_1_std": 0.097769,
        "nauc_mrr_at_1_diff1": 0.321252,
        "nauc_mrr_at_3_max": 0.2878,
        "nauc_mrr_at_3_std": 0.065875,
        "nauc_mrr_at_3_diff1": 0.258407,
        "nauc_mrr_at_5_max": 0.277963,
        "nauc_mrr_at_5_std": 0.053306,
        "nauc_mrr_at_5_diff1": 0.231989,
        "nauc_mrr_at_10_max": 0.290282,
        "nauc_mrr_at_10_std": 0.079236,
        "nauc_mrr_at_10_diff1": 0.221175,
        "nauc_mrr_at_20_max": 0.272465,
        "nauc_mrr_at_20_std": 0.080435,
        "nauc_mrr_at_20_diff1": 0.212477,
        "nauc_mrr_at_100_max": 0.271507,
        "nauc_mrr_at_100_std": 0.083719,
        "nauc_mrr_at_100_diff1": 0.21463,
        "nauc_mrr_at_1000_max": 0.273305,
        "nauc_mrr_at_1000_std": 0.085359,
        "nauc_mrr_at_1000_diff1": 0.215819,
        "hit_rate_at_1": 0.065,
        "hit_rate_at_3": 0.095,
        "hit_rate_at_5": 0.12,
        "hit_rate_at_10": 0.19,
        "hit_rate_at_20": 0.28,
        "hit_rate_at_100": 0.435,
        "hit_rate_at_1000": 0.73,
        "main_score": 0.11704,
        "hf_subset": "de",
        "languages": [
          "deu-Latn"
        ],
        "mteb_version": "2.16.0"
      }
    ],
    "test": [
      {
        "ndcg_at_1": 0.065,
        "ndcg_at_3": 0.09708,
        "ndcg_at_5": 0.10526,
        "ndcg_at_10": 0.12628,
        "ndcg_at_20": 0.14279,
        "ndcg_at_100": 0.17489,
        "ndcg_at_1000": 0.21382,
        "map_at_1": 0.065,
        "map_at_3": 0.08917,
        "map_at_5": 0.09367,
        "map_at_10": 0.10235,
        "map_at_20": 0.10692,
        "map_at_100": 0.1109,
        "map_at_1000": 0.1122,
        "recall_at_1": 0.065,
        "recall_at_3": 0.12,
        "recall_at_5": 0.14,
        "recall_at_10": 0.205,
        "recall_at_20": 0.27,
        "recall_at_100": 0.45,
        "recall_at_1000": 0.765,
        "accuracy": 0.065,
        "precision_at_1": 0.065,
        "precision_at_3": 0.04,
        "precision_at_5": 0.028,
        "precision_at_10": 0.0205,
        "precision_at_20": 0.0135,
        "precision_at_100": 0.0045,
        "precision_at_1000": 0.00076,
        "mrr_at_1": 0.065,
        "mrr_at_3": 0.089167,
        "mrr_at_5": 0.093667,
        "mrr_at_10": 0.102345,
        "mrr_at_20": 0.106924,
        "mrr_at_100": 0.110899,
        "mrr_at_1000": 0.112197,
        "nauc_ndcg_at_1_max": 0.010278,
        "nauc_ndcg_at_1_std": -0.092341,
        "nauc_ndcg_at_1_diff1": 0.133042,
        "nauc_ndcg_at_3_max": 0.005365,
        "nauc_ndcg_at_3_std": -0.012101,
        "nauc_ndcg_at_3_diff1": 0.060482,
        "nauc_ndcg_at_5_max": 0.015253,
        "nauc_ndcg_at_5_std": 0.01992,
        "nauc_ndcg_at_5_diff1": 0.050607,
        "nauc_ndcg_at_10_max": 0.068918,
        "nauc_ndcg_at_10_std": 0.0958,
        "nauc_ndcg_at_10_diff1": 0.055166,
        "nauc_ndcg_at_20_max": 0.075354,
        "nauc_ndcg_at_20_std": 0.135839,
        "nauc_ndcg_at_20_diff1": 0.05222,
        "nauc_ndcg_at_100_max": 0.081281,
        "nauc_ndcg_at_100_std": 0.123499,