{
  "dataset_revision": "48327de6ee192e9610f3069789719788957c7abd",
  "task_name": "GerDaLIRSmall",
  "mteb_version": "2.16.0",
  "scores": {
    "test": [
      {
        "ndcg_at_1": 0.0998,
        "ndcg_at_3": 0.12182,
        "ndcg_at_5": 0.13529,
        "ndcg_at_10": 0.15018,
        "ndcg_at_20": 0.16435,
        "ndcg_at_100": 0.19134,
        "ndcg_at_1000": 0.22426,
        "map_at_1": 0.08894,
        "map_at_3": 0.11192,
        "map_at_5": 0.11958,
        "map_at_10": 0.12572,
        "map_at_20": 0.12965,
        "map_at_100": 0.13324,
        "map_at_1000": 0.13432,
        "recall_at_1": 0.08894,
        "recall_at_3": 0.13963,
        "recall_at_5": 0.17162,
        "recall_at_10": 0.2164,
        "recall_at_20": 0.27054,
        "recall_at_100": 0.41439,
        "recall_at_1000": 0.67615,
        "accuracy": 0.08894,
        "precision_at_1": 0.0998,
        "precision_at_3": 0.05313,
        "precision_at_5": 0.03923,
        "precision_at_10": 0.02482,
        "precision_at_20": 0.01562,
        "precision_at_100": 0.00482,
        "precision_at_1000": 0.00079,
        "mrr_at_1": 0.099804,
        "mrr_at_3": 0.123113,
        "mrr_at_5": 0.13069,
        "mrr_at_10": 0.137,
        "mrr_at_20": 0.140913,
        "mrr_at_100": 0.144353,
        "mrr_at_1000": 0.145338,
        "nauc_ndcg_at_1_max": 0.189875,
        "nauc_ndcg_at_1_std": 0.029389,
        "nauc_ndcg_at_1_diff1": 0.418856,
        "nauc_ndcg_at_3_max": 0.167278,
        "nauc_ndcg_at_3_std": 0.043898,
        "nauc_ndcg_at_3_diff1": 0.347942,
        "nauc_ndcg_at_5_max": 0.159864,
        "nauc_ndcg_at_5_std": 0.051714,
        "nauc_ndcg_at_5_diff1": 0.325579,
        "nauc_ndcg_at_10_max": 0.150994,
        "nauc_ndcg_at_10_std": 0.058571,
        "nauc_ndcg_at_10_diff1": 0.305565,
        "nauc_ndcg_at_20_max": 0.145318,
        "nauc_ndcg_at_20_std": 0.06809,
        "nauc_ndcg_at_20_diff1": 0.293785,
        "nauc_ndcg_at_100_max": 0.139198,
        "nauc_ndcg_at_100_std": 0.091928,
        "nauc_ndcg_at_100_diff1": 0.284155,
        "nauc_ndcg_at_1000_max": 0.137267,
        "nauc_ndcg_at_1000_std": 0.105791,
        "nauc_ndcg_at_1000_diff1": 0.285415,
        "nauc_map_at_1_max": 0.188891,
        "nauc_map_at_1_std": 0.023821,
        "nauc_map_at_1_diff1": 0.430713,
        "nauc_map_at_3_max": 0.171797,
        "nauc_map_at_3_std": 0.039195,
        "nauc_map_at_3_diff1": 0.364996,
        "nauc_map_at_5_max": 0.16765,
        "nauc_map_at_5_std": 0.043977,
        "nauc_map_at_5_diff1": 0.350773,
        "nauc_map_at_10_max": 0.163406,
        "nauc_map_at_10_std": 0.047274,
        "nauc_map_at_10_diff1": 0.340657,
        "nauc_map_at_20_max": 0.161443,
        "nauc_map_at_20_std": 0.05054,
        "nauc_map_at_20_diff1": 0.336554,
        "nauc_map_at_100_max": 0.160455,
        "nauc_map_at_100_std": 0.054801,
        "nauc_map_at_100_diff1": 0.334907,
        "nauc_map_at_1000_max": 0.160366,
        "nauc_map_at_1000_std": 0.055483,
        "nauc_map_at_1000_diff1": 0.335003,
        "nauc_recall_at_1_max": 0.188891,
        "nauc_recall_at_1_std": 0.023821,
        "nauc_recall_at_1_diff1": 0.430713,
        "nauc_recall_at_3_max": 0.150319,
        "nauc_recall_at_3_std": 0.051544,
        "nauc_recall_at_3_diff1": 0.302466,
        "nauc_recall_at_5_max": 0.138079,
        "nauc_recall_at_5_std": 0.065732,
        "nauc_recall_at_5_diff1": 0.265711,
        "nauc_recall_at_10_max": 0.117065,
        "nauc_recall_at_10_std": 0.077735,
        "nauc_recall_at_10_diff1": 0.221283,
        "nauc_recall_at_20_max": 0.105033,
        "nauc_recall_at_20_std": 0.100264,
        "nauc_recall_at_20_diff1": 0.19807,
        "nauc_recall_at_100_max": 0.083689,
        "nauc_recall_at_100_std": 0.175488,
        "nauc_recall_at_100_diff1": 0.165439,
        "nauc_recall_at_1000_max": 0.057642,
        "nauc_recall_at_1000_std": 0.288986,
        "nauc_recall_at_1000_diff1": 0.13758,
        "nauc_precision_at_1_max": 0.189875,
        "nauc_precision_at_1_std": 0.029389,
        "nauc_precision_at_1_diff1": 0.418856,
        "nauc_precision_at_3_max": 0.160279,
        "nauc_precision_at_3_std": 0.05885,
        "nauc_precision_at_3_diff1": 0.301443,
        "nauc_precision_at_5_max": 0.147238,
        "nauc_precision_at_5_std": 0.070941,
        "nauc_precision_at_5_diff1": 0.268024,
        "nauc_precision_at_10_max": 0.128665,
        "nauc_precision_at_10_std": 0.084916,
        "nauc_precision_at_10_diff1": 0.230616,
        "nauc_precision_at_20_max": 0.113781,
        "nauc_precision_at_20_std": 0.109941,
        "nauc_precision_at_20_diff1": 0.202047,
        "nauc_precision_at_100_max": 0.094665,
        "nauc_precision_at_100_std": 0.192154,
        "nauc_precision_at_100_diff1": 0.171641,
        "nauc_precision_at_1000_max": 0.059101,
        "nauc_precision_at_1000_std": 0.239596,
        "nauc_precision_at_1000_diff1": 0.130576,
        "nauc_mrr_at_1_max": 0.189875,
        "nauc_mrr_at_1_std": 0.029389,
        "nauc_mrr_at_1_diff1": 0.418856,
        "nauc_mrr_at_3_max": 0.174432,
        "nauc_mrr_at_3_std": 0.043255,
        "nauc_mrr_at_3_diff1": 0.361749,
        "nauc_mrr_at_5_max": 0.168968,
        "nauc_mrr_at_5_std": 0.047721,
        "nauc_mrr_at_5_diff1": 0.347568,
        "nauc_mrr_at_10_max": 0.165174,
        "nauc_mrr_at_10_std": 0.051123,
        "nauc_mrr_at_10_diff1": 0.338722,
        "nauc_mrr_at_20_max": 0.163491,
        "nauc_mrr_at_20_std": 0.054306,
        "nauc_mrr_at_20_diff1": 0.334867,
        "nauc_mrr_at_100_max": 0.16241,
        "nauc_mrr_at_100_std": 0.057559,
        "nauc_mrr_at_100_diff1": 0.333451,
        "nauc_mrr_at_1000_max": 0.162322,
        "nauc_mrr_at_1000_std": 0.058043,
        "nauc_mrr_at_1000_diff1": 0.333529,
        "hit_rate_at_1": 0.0998,
        "hit_rate_at_3": 0.15392,
        "hit_rate_at_5": 0.1871,
        "hit_rate_at_10": 0.235,
        "hit_rate_at_20": 0.29205,
        "hit_rate_at_100": 0.43935,
        "hit_rate_at_1000": 0.69838,
        "main_score": 0.15018,
        "hf_subset": "default",
        "languages": [
          "deu-Latn"
        ],
        "mteb_version": "2.16.0"
      }
    ]
  },
  "evaluation_time": 169.66803666949272,
  "kg_co2_emissions": null,
  "date": 1782187114.001119,
  "evaluation_phases": [
    {
      "name": "Data loading",
      "start": 4.595145583152771e-06,
      "end": 7.355965090915561,
      "split": "",
      "subset": ""
    },
    {
      "name": "Dataset transform",
      "start": 7.355973515659571,
      "end": 7.355975726619363,
      "split": "",
      "subset": ""
    },
    {
      "name": "Encoding queries and documents",
      "start": 7.52896417863667,
      "end": 158.04874955117702,
      "split": "test",
      "subset": "default"
    },
    {
      "name": "Scoring",
      "start": 158.04876787029207,
      "end": 169.4702189490199,
      "split": "test",
      "subset": "default"
    }
  ]
}