{
  "dataset_revision": "f5c87ae5a2e7a5106606314eef45255f03151bb3",
  "task_name": "GermanQuAD-Retrieval",
  "mteb_version": "2.16.0",
  "scores": {
    "test": [
      {
        "ndcg_at_1": 0.87432,
        "ndcg_at_3": 0.92067,
        "ndcg_at_5": 0.92701,
        "ndcg_at_10": 0.9314,
        "ndcg_at_20": 0.93375,
        "ndcg_at_100": 0.9354,
        "ndcg_at_1000": 0.93565,
        "map_at_1": 0.87432,
        "map_at_3": 0.90994,
        "map_at_5": 0.91345,
        "map_at_10": 0.91526,
        "map_at_20": 0.91593,
        "map_at_100": 0.91617,
        "map_at_1000": 0.91618,
        "recall_at_1": 0.87432,
        "recall_at_3": 0.95145,
        "recall_at_5": 0.96688,
        "recall_at_10": 0.98049,
        "recall_at_20": 0.98956,
        "recall_at_100": 0.99819,
        "recall_at_1000": 1.0,
        "accuracy": 0.87432,
        "precision_at_1": 0.87432,
        "precision_at_3": 0.31715,
        "precision_at_5": 0.19338,
        "precision_at_10": 0.09805,
        "precision_at_20": 0.04948,
        "precision_at_100": 0.00998,
        "precision_at_1000": 0.001,
        "mrr_at_1": 0.874319,
        "mrr_at_3": 0.909936,
        "mrr_at_5": 0.913453,
        "mrr_at_10": 0.915258,
        "mrr_at_20": 0.915928,
        "mrr_at_100": 0.916174,
        "mrr_at_1000": 0.916185,
        "nauc_ndcg_at_1_max": 0.763773,
        "nauc_ndcg_at_1_std": -0.144363,
        "nauc_ndcg_at_1_diff1": 0.908596,
        "nauc_ndcg_at_3_max": 0.820664,
        "nauc_ndcg_at_3_std": -0.138954,
        "nauc_ndcg_at_3_diff1": 0.903617,
        "nauc_ndcg_at_5_max": 0.820474,
        "nauc_ndcg_at_5_std": -0.12699,
        "nauc_ndcg_at_5_diff1": 0.906172,
        "nauc_ndcg_at_10_max": 0.815742,
        "nauc_ndcg_at_10_std": -0.119072,
        "nauc_ndcg_at_10_diff1": 0.906759,
        "nauc_ndcg_at_20_max": 0.810915,
        "nauc_ndcg_at_20_std": -0.121713,
        "nauc_ndcg_at_20_diff1": 0.907698,
        "nauc_ndcg_at_100_max": 0.806176,
        "nauc_ndcg_at_100_std": -0.1265,
        "nauc_ndcg_at_100_diff1": 0.906958,
        "nauc_ndcg_at_1000_max": 0.805435,
        "nauc_ndcg_at_1000_std": -0.128295,
        "nauc_ndcg_at_1000_diff1": 0.906894,
        "nauc_map_at_1_max": 0.763773,
        "nauc_map_at_1_std": -0.144363,
        "nauc_map_at_1_diff1": 0.908596,
        "nauc_map_at_3_max": 0.804589,
        "nauc_map_at_3_std": -0.137874,
        "nauc_map_at_3_diff1": 0.905222,
        "nauc_map_at_5_max": 0.803781,
        "nauc_map_at_5_std": -0.133153,
        "nauc_map_at_5_diff1": 0.906493,
        "nauc_map_at_10_max": 0.801893,
        "nauc_map_at_10_std": -0.131203,
        "nauc_map_at_10_diff1": 0.906734,
        "nauc_map_at_20_max": 0.800675,
        "nauc_map_at_20_std": -0.131607,
        "nauc_map_at_20_diff1": 0.906932,
        "nauc_map_at_100_max": 0.800107,
        "nauc_map_at_100_std": -0.132025,
        "nauc_map_at_100_diff1": 0.906837,
        "nauc_map_at_1000_max": 0.800081,
        "nauc_map_at_1000_std": -0.132099,
        "nauc_map_at_1000_diff1": 0.906839,
        "nauc_recall_at_1_max": 0.763773,
        "nauc_recall_at_1_std": -0.144363,
        "nauc_recall_at_1_diff1": 0.908596,
        "nauc_recall_at_3_max": 0.902916,
        "nauc_recall_at_3_std": -0.146797,
        "nauc_recall_at_3_diff1": 0.895234,
        "nauc_recall_at_5_max": 0.940785,
        "nauc_recall_at_5_std": -0.077595,
        "nauc_recall_at_5_diff1": 0.904694,
        "nauc_recall_at_10_max": 0.972913,
        "nauc_recall_at_10_std": 0.054416,
        "nauc_recall_at_10_diff1": 0.909091,
        "nauc_recall_at_20_max": 0.994318,
        "nauc_recall_at_20_std": 0.124853,
        "nauc_recall_at_20_diff1": 0.934446,
        "nauc_recall_at_100_max": 1.0,
        "nauc_recall_at_100_std": 0.316316,
        "nauc_recall_at_100_diff1": 0.930558,
        "nauc_recall_at_1000_max": NaN,
        "nauc_recall_at_1000_std": NaN,
        "nauc_recall_at_1000_diff1": NaN,
        "nauc_precision_at_1_max": 0.763773,
        "nauc_precision_at_1_std": -0.144363,
        "nauc_precision_at_1_diff1": 0.908596,
        "nauc_precision_at_3_max": 0.902916,
        "nauc_precision_at_3_std": -0.146797,
        "nauc_precision_at_3_diff1": 0.895234,
        "nauc_precision_at_5_max": 0.940785,
        "nauc_precision_at_5_std": -0.077595,
        "nauc_precision_at_5_diff1": 0.904694,
        "nauc_precision_at_10_max": 0.972913,
        "nauc_precision_at_10_std": 0.054416,
        "nauc_precision_at_10_diff1": 0.909091,
        "nauc_precision_at_20_max": 0.994318,
        "nauc_precision_at_20_std": 0.124853,
        "nauc_precision_at_20_diff1": 0.934446,
        "nauc_precision_at_100_max": 1.0,
        "nauc_precision_at_100_std": 0.316316,
        "nauc_precision_at_100_diff1": 0.930558,
        "nauc_precision_at_1000_max": 1.0,
        "nauc_precision_at_1000_std": 1.0,
        "nauc_precision_at_1000_diff1": 1.0,
        "nauc_mrr_at_1_max": 0.763773,
        "nauc_mrr_at_1_std": -0.144363,
        "nauc_mrr_at_1_diff1": 0.908596,
        "nauc_mrr_at_3_max": 0.804589,
        "nauc_mrr_at_3_std": -0.137874,
        "nauc_mrr_at_3_diff1": 0.905222,
        "nauc_mrr_at_5_max": 0.803781,
        "nauc_mrr_at_5_std": -0.133153,
        "nauc_mrr_at_5_diff1": 0.906493,
        "nauc_mrr_at_10_max": 0.801893,
        "nauc_mrr_at_10_std": -0.131203,
        "nauc_mrr_at_10_diff1": 0.906734,
        "nauc_mrr_at_20_max": 0.800675,
        "nauc_mrr_at_20_std": -0.131607,
        "nauc_mrr_at_20_diff1": 0.906932,
        "nauc_mrr_at_100_max": 0.800107,
        "nauc_mrr_at_100_std": -0.132025,
        "nauc_mrr_at_100_diff1": 0.906837,
        "nauc_mrr_at_1000_max": 0.800081,
        "nauc_mrr_at_1000_std": -0.132099,
        "nauc_mrr_at_1000_diff1": 0.906839,
        "hit_rate_at_1": 0.87432,
        "hit_rate_at_3": 0.95145,
        "hit_rate_at_5": 0.96688,
        "hit_rate_at_10": 0.98049,
        "hit_rate_at_20": 0.98956,
        "hit_rate_at_100": 0.99819,
        "hit_rate_at_1000": 1.0,
        "main_score": 0.913453,
        "hf_subset": "default",
        "languages": [
          "deu-Latn"
        ],
        "mteb_version": "2.16.0"
      }
    ]
  },
  "evaluation_time": 10.789842313155532,
  "kg_co2_emissions": null,
  "date": 1782186944.327071,
  "evaluation_phases": [
    {
      "name": "Data loading",
      "start": 0.0,
      "end": 5.168847655877471,
      "split": "",
      "subset": ""
    },
    {
      "name": "Encoding queries and documents",
      "start": 5.20750336907804,
      "end": 9.799345249310136,
      "split": "test",
      "subset": "default"
    },
    {
      "name": "Scoring",
      "start": 9.79936839453876,
      "end": 10.761782294139266,
      "split": "test",
      "subset": "default"
    }
  ]
}