{
  "dataset_revision": "d7d94fa4b946cec4a27c84653aa0cf6b33f74a3c",
  "task_name": "MIRACLRetrievalHardNegatives",
  "mteb_version": "2.16.0",
  "scores": {
    "dev": [
      {
        "ndcg_at_1": 0.46885,
        "ndcg_at_3": 0.45345,
        "ndcg_at_5": 0.47646,
        "ndcg_at_10": 0.5203,
        "ndcg_at_20": 0.56425,
        "ndcg_at_100": 0.61665,
        "ndcg_at_1000": 0.62226,
        "map_at_1": 0.22042,
        "map_at_3": 0.34736,
        "map_at_5": 0.38811,
        "map_at_10": 0.41813,
        "map_at_20": 0.43808,
        "map_at_100": 0.45163,
        "map_at_1000": 0.45221,
        "recall_at_1": 0.22042,
        "recall_at_3": 0.41746,
        "recall_at_5": 0.51986,
        "recall_at_10": 0.63014,
        "recall_at_20": 0.75525,
        "recall_at_100": 0.96295,
        "recall_at_1000": 0.99356,
        "accuracy": 0.22042,
        "precision_at_1": 0.46885,
        "precision_at_3": 0.3235,
        "precision_at_5": 0.24721,
        "precision_at_10": 0.15738,
        "precision_at_20": 0.09803,
        "precision_at_100": 0.02541,
        "precision_at_1000": 0.00263,
        "mrr_at_1": 0.468852,
        "mrr_at_3": 0.557377,
        "mrr_at_5": 0.577869,
        "mrr_at_10": 0.588409,
        "mrr_at_20": 0.593267,
        "mrr_at_100": 0.595481,
        "mrr_at_1000": 0.595562,
        "nauc_ndcg_at_1_max": 0.33249,
        "nauc_ndcg_at_1_std": -0.005164,
        "nauc_ndcg_at_1_diff1": 0.448023,
        "nauc_ndcg_at_3_max": 0.235657,
        "nauc_ndcg_at_3_std": -0.035334,
        "nauc_ndcg_at_3_diff1": 0.338207,
        "nauc_ndcg_at_5_max": 0.22258,
        "nauc_ndcg_at_5_std": -0.066846,
        "nauc_ndcg_at_5_diff1": 0.34681,
        "nauc_ndcg_at_10_max": 0.24146,
        "nauc_ndcg_at_10_std": -0.068837,
        "nauc_ndcg_at_10_diff1": 0.355795,
        "nauc_ndcg_at_20_max": 0.249224,
        "nauc_ndcg_at_20_std": -0.053458,
        "nauc_ndcg_at_20_diff1": 0.355882,
        "nauc_ndcg_at_100_max": 0.278432,
        "nauc_ndcg_at_100_std": -0.016435,
        "nauc_ndcg_at_100_diff1": 0.382943,
        "nauc_ndcg_at_1000_max": 0.28153,
        "nauc_ndcg_at_1000_std": -0.011795,
        "nauc_ndcg_at_1000_diff1": 0.381058,
        "nauc_map_at_1_max": 0.206327,
        "nauc_map_at_1_std": -0.06178,
        "nauc_map_at_1_diff1": 0.427361,
        "nauc_map_at_3_max": 0.181483,
        "nauc_map_at_3_std": -0.081284,
        "nauc_map_at_3_diff1": 0.349147,
        "nauc_map_at_5_max": 0.185722,
        "nauc_map_at_5_std": -0.078126,
        "nauc_map_at_5_diff1": 0.338817,
        "nauc_map_at_10_max": 0.209617,
        "nauc_map_at_10_std": -0.076278,
        "nauc_map_at_10_diff1": 0.350298,
        "nauc_map_at_20_max": 0.21685,
        "nauc_map_at_20_std": -0.066138,
        "nauc_map_at_20_diff1": 0.35146,
        "nauc_map_at_100_max": 0.226971,
        "nauc_map_at_100_std": -0.05426,
        "nauc_map_at_100_diff1": 0.35919,
        "nauc_map_at_1000_max": 0.227219,
        "nauc_map_at_1000_std": -0.053927,
        "nauc_map_at_1000_diff1": 0.359215,
        "nauc_recall_at_1_max": 0.206327,
        "nauc_recall_at_1_std": -0.06178,
        "nauc_recall_at_1_diff1": 0.427361,
        "nauc_recall_at_3_max": 0.136571,
        "nauc_recall_at_3_std": -0.102654,
        "nauc_recall_at_3_diff1": 0.261825,
        "nauc_recall_at_5_max": 0.101764,
        "nauc_recall_at_5_std": -0.125681,
        "nauc_recall_at_5_diff1": 0.206855,
        "nauc_recall_at_10_max": 0.128326,
        "nauc_recall_at_10_std": -0.142982,
        "nauc_recall_at_10_diff1": 0.233956,
        "nauc_recall_at_20_max": 0.11473,
        "nauc_recall_at_20_std": -0.14283,
        "nauc_recall_at_20_diff1": 0.207737,
        "nauc_recall_at_100_max": 0.148959,
        "nauc_recall_at_100_std": -0.066586,
        "nauc_recall_at_100_diff1": 0.381213,
        "nauc_recall_at_1000_max": 0.541007,
        "nauc_recall_at_1000_std": 0.679152,
        "nauc_recall_at_1000_diff1": 0.234203,
        "nauc_precision_at_1_max": 0.33249,
        "nauc_precision_at_1_std": -0.005164,
        "nauc_precision_at_1_diff1": 0.448023,
        "nauc_precision_at_3_max": 0.248718,
        "nauc_precision_at_3_std": 0.032372,
        "nauc_precision_at_3_diff1": 0.191857,
        "nauc_precision_at_5_max": 0.227928,
        "nauc_precision_at_5_std": 0.052942,
        "nauc_precision_at_5_diff1": 0.147652,
        "nauc_precision_at_10_max": 0.242428,
        "nauc_precision_at_10_std": 0.08657,
        "nauc_precision_at_10_diff1": 0.122282,
        "nauc_precision_at_20_max": 0.203338,
        "nauc_precision_at_20_std": 0.139199,
        "nauc_precision_at_20_diff1": 0.063024,
        "nauc_precision_at_100_max": 0.194334,
        "nauc_precision_at_100_std": 0.237524,
        "nauc_precision_at_100_diff1": 0.019574,
        "nauc_precision_at_1000_max": 0.17901,
        "nauc_precision_at_1000_std": 0.237566,
        "nauc_precision_at_1000_diff1": 0.000436,
        "nauc_mrr_at_1_max": 0.33249,
        "nauc_mrr_at_1_std": -0.005164,
        "nauc_mrr_at_1_diff1": 0.448023,
        "nauc_mrr_at_3_max": 0.348997,
        "nauc_mrr_at_3_std": -0.001375,
        "nauc_mrr_at_3_diff1": 0.420699,
        "nauc_mrr_at_5_max": 0.347061,
        "nauc_mrr_at_5_std": -0.006155,
        "nauc_mrr_at_5_diff1": 0.422105,
        "nauc_mrr_at_10_max": 0.343991,
        "nauc_mrr_at_10_std": 0.000791,
        "nauc_mrr_at_10_diff1": 0.423212,
        "nauc_mrr_at_20_max": 0.340375,
        "nauc_mrr_at_20_std": -0.000568,
        "nauc_mrr_at_20_diff1": 0.422232,
        "nauc_mrr_at_100_max": 0.340985,
        "nauc_mrr_at_100_std": -0.000938,
        "nauc_mrr_at_100_diff1": 0.424126,
        "nauc_mrr_at_1000_max": 0.341209,
        "nauc_mrr_at_1000_std": -0.000711,
        "nauc_mrr_at_1000_diff1": 0.424086,
        "hit_rate_at_1": 0.46885,
        "hit_rate_at_3": 0.66885,
        "hit_rate_at_5": 0.76066,
        "hit_rate_at_10": 0.84262,
        "hit_rate_at_20": 0.91148,
        "hit_rate_at_100": 0.98689,
        "hit_rate_at_1000": 1.0,
        "main_score": 0.5203,
        "hf_subset": "de",
        "languages": [
          "deu-Latn"
        ],
        "mteb_version": "2.16.0"
      }
    ]
  },
  "evaluation_time": 154.46283895894885,
  "kg_co2_emissions": null,
  "date": 1782187268.471468,
  "evaluation_phases": [
    {
      "name": "Data loading",
      "start": 4.604458808898926e-06,
      "end": 6.991445301100612,
      "split": "",
      "subset": ""
    },
    {
      "name": "Dataset transform",
      "start": 6.991452977061272,
      "end": 6.991454428061843,
      "split": "",
      "subset": ""
    },
    {
      "name": "Encoding queries and documents",
      "start": 6.9970909878611565,
      "end": 154.1039155740291,
      "split": "dev",
      "subset": "de"
    },
    {
      "name": "Scoring",
      "start": 154.10393798351288,
      "end": 154.43918037600815,
      "split": "dev",
      "subset": "de"
    }
  ]
}