{
  "dataset_revision": "837028901907a7d419b4ab906f28e011ce1cc824",
  "task_name": "MultiLongDocRetrieval",
  "mteb_version": "2.16.0",
  "scores": {
    "dev": [
      {
        "ndcg_at_1": 0.17,
        "ndcg_at_3": 0.20708,
        "ndcg_at_5": 0.22537,
        "ndcg_at_10": 0.2417,
        "ndcg_at_20": 0.26028,
        "ndcg_at_100": 0.279,
        "ndcg_at_1000": 0.3113,
        "map_at_1": 0.17,
        "map_at_3": 0.1975,
        "map_at_5": 0.2075,
        "map_at_10": 0.21433,
        "map_at_20": 0.21924,
        "map_at_100": 0.22187,
        "map_at_1000": 0.2229,
        "recall_at_1": 0.17,
        "recall_at_3": 0.235,
        "recall_at_5": 0.28,
        "recall_at_10": 0.33,
        "recall_at_20": 0.405,
        "recall_at_100": 0.505,
        "recall_at_1000": 0.77,
        "accuracy": 0.17,
        "precision_at_1": 0.17,
        "precision_at_3": 0.07833,
        "precision_at_5": 0.056,
        "precision_at_10": 0.033,
        "precision_at_20": 0.02025,
        "precision_at_100": 0.00505,
        "precision_at_1000": 0.00077,
        "mrr_at_1": 0.17,
        "mrr_at_3": 0.1975,
        "mrr_at_5": 0.2075,
        "mrr_at_10": 0.214329,
        "mrr_at_20": 0.219236,
        "mrr_at_100": 0.221874,
        "mrr_at_1000": 0.222901,
        "nauc_ndcg_at_1_max": 0.533691,
        "nauc_ndcg_at_1_std": 0.124251,
        "nauc_ndcg_at_1_diff1": 0.663571,
        "nauc_ndcg_at_3_max": 0.477523,
        "nauc_ndcg_at_3_std": 0.145805,
        "nauc_ndcg_at_3_diff1": 0.547307,
        "nauc_ndcg_at_5_max": 0.470173,
        "nauc_ndcg_at_5_std": 0.154037,
        "nauc_ndcg_at_5_diff1": 0.519149,
        "nauc_ndcg_at_10_max": 0.467156,
        "nauc_ndcg_at_10_std": 0.178632,
        "nauc_ndcg_at_10_diff1": 0.506987,
        "nauc_ndcg_at_20_max": 0.467266,
        "nauc_ndcg_at_20_std": 0.193266,
        "nauc_ndcg_at_20_diff1": 0.478122,
        "nauc_ndcg_at_100_max": 0.460328,
        "nauc_ndcg_at_100_std": 0.200256,
        "nauc_ndcg_at_100_diff1": 0.4774,
        "nauc_ndcg_at_1000_max": 0.467369,
        "nauc_ndcg_at_1000_std": 0.211273,
        "nauc_ndcg_at_1000_diff1": 0.474756,
        "nauc_map_at_1_max": 0.533691,
        "nauc_map_at_1_std": 0.124251,
        "nauc_map_at_1_diff1": 0.663571,
        "nauc_map_at_3_max": 0.490596,
        "nauc_map_at_3_std": 0.139849,
        "nauc_map_at_3_diff1": 0.575622,
        "nauc_map_at_5_max": 0.485704,
        "nauc_map_at_5_std": 0.144339,
        "nauc_map_at_5_diff1": 0.558479,
        "nauc_map_at_10_max": 0.483005,
        "nauc_map_at_10_std": 0.154112,
        "nauc_map_at_10_diff1": 0.552095,
        "nauc_map_at_20_max": 0.482733,
        "nauc_map_at_20_std": 0.158297,
        "nauc_map_at_20_diff1": 0.543219,
        "nauc_map_at_100_max": 0.481999,
        "nauc_map_at_100_std": 0.159883,
        "nauc_map_at_100_diff1": 0.54356,
        "nauc_map_at_1000_max": 0.48226,
        "nauc_map_at_1000_std": 0.160113,
        "nauc_map_at_1000_diff1": 0.543324,
        "nauc_recall_at_1_max": 0.533691,
        "nauc_recall_at_1_std": 0.124251,
        "nauc_recall_at_1_diff1": 0.663571,
        "nauc_recall_at_3_max": 0.443191,
        "nauc_recall_at_3_std": 0.161779,
        "nauc_recall_at_3_diff1": 0.472504,
        "nauc_recall_at_5_max": 0.431274,
        "nauc_recall_at_5_std": 0.179717,
        "nauc_recall_at_5_diff1": 0.418424,
        "nauc_recall_at_10_max": 0.43049,
        "nauc_recall_at_10_std": 0.248519,
        "nauc_recall_at_10_diff1": 0.394043,
        "nauc_recall_at_20_max": 0.433709,
        "nauc_recall_at_20_std": 0.296157,
        "nauc_recall_at_20_diff1": 0.303417,
        "nauc_recall_at_100_max": 0.397019,
        "nauc_recall_at_100_std": 0.324992,
        "nauc_recall_at_100_diff1": 0.289059,
        "nauc_recall_at_1000_max": 0.435219,
        "nauc_recall_at_1000_std": 0.533997,
        "nauc_recall_at_1000_diff1": 0.156364,
        "nauc_precision_at_1_max": 0.533691,
        "nauc_precision_at_1_std": 0.124251,
        "nauc_precision_at_1_diff1": 0.663571,
        "nauc_precision_at_3_max": 0.443191,
        "nauc_precision_at_3_std": 0.161779,
        "nauc_precision_at_3_diff1": 0.472504,
        "nauc_precision_at_5_max": 0.431274,
        "nauc_precision_at_5_std": 0.179717,
        "nauc_precision_at_5_diff1": 0.418424,
        "nauc_precision_at_10_max": 0.43049,
        "nauc_precision_at_10_std": 0.248519,
        "nauc_precision_at_10_diff1": 0.394043,
        "nauc_precision_at_20_max": 0.433709,
        "nauc_precision_at_20_std": 0.296157,
        "nauc_precision_at_20_diff1": 0.303417,
        "nauc_precision_at_100_max": 0.397019,
        "nauc_precision_at_100_std": 0.324992,
        "nauc_precision_at_100_diff1": 0.289059,
        "nauc_precision_at_1000_max": 0.435219,
        "nauc_precision_at_1000_std": 0.533997,
        "nauc_precision_at_1000_diff1": 0.156364,
        "nauc_mrr_at_1_max": 0.533691,
        "nauc_mrr_at_1_std": 0.124251,
        "nauc_mrr_at_1_diff1": 0.663571,
        "nauc_mrr_at_3_max": 0.490596,
        "nauc_mrr_at_3_std": 0.139849,
        "nauc_mrr_at_3_diff1": 0.575622,
        "nauc_mrr_at_5_max": 0.485704,
        "nauc_mrr_at_5_std": 0.144339,
        "nauc_mrr_at_5_diff1": 0.558479,
        "nauc_mrr_at_10_max": 0.483005,
        "nauc_mrr_at_10_std": 0.154112,
        "nauc_mrr_at_10_diff1": 0.552095,
        "nauc_mrr_at_20_max": 0.482733,
        "nauc_mrr_at_20_std": 0.158297,
        "nauc_mrr_at_20_diff1": 0.543219,
        "nauc_mrr_at_100_max": 0.481999,
        "nauc_mrr_at_100_std": 0.159883,
        "nauc_mrr_at_100_diff1": 0.54356,
        "nauc_mrr_at_1000_max": 0.48226,
        "nauc_mrr_at_1000_std": 0.160113,
        "nauc_mrr_at_1000_diff1": 0.543324,
        "hit_rate_at_1": 0.17,
        "hit_rate_at_3": 0.235,
        "hit_rate_at_5": 0.28,
        "hit_rate_at_10": 0.33,
        "hit_rate_at_20": 0.405,
        "hit_rate_at_100": 0.505,
        "hit_rate_at_1000": 0.77,
        "main_score": 0.2417,
        "hf_subset": "de",
        "languages": [
          "deu-Latn"
        ],
        "mteb_version": "2.16.0"
      }
    ],
    "test": [
      {
        "ndcg_at_1": 0.15,
        "ndcg_at_3": 0.20036,
        "ndcg_at_5": 0.21736,
        "ndcg_at_10": 0.23222,
        "ndcg_at_20": 0.25007,
        "ndcg_at_100": 0.28087,
        "ndcg_at_1000": 0.30882,
        "map_at_1": 0.15,
        "map_at_3": 0.18833,
        "map_at_5": 0.19808,
        "map_at_10": 0.2044,
        "map_at_20": 0.20939,
        "map_at_100": 0.21335,
        "map_at_1000": 0.21414,
        "recall_at_1": 0.15,
        "recall_at_3": 0.235,
        "recall_at_5": 0.275,
        "recall_at_10": 0.32,
        "recall_at_20": 0.39,
        "recall_at_100": 0.56,
        "recall_at_1000": 0.795,
        "accuracy": 0.15,
        "precision_at_1": 0.15,
        "precision_at_3": 0.07833,
        "precision_at_5": 0.055,
        "precision_at_10": 0.032,
        "precision_at_20": 0.0195,
        "precision_at_100": 0.0056,
        "precision_at_1000": 0.0008,
        "mrr_at_1": 0.15,
        "mrr_at_3": 0.188333,
        "mrr_at_5": 0.198083,
        "mrr_at_10": 0.204401,
        "mrr_at_20": 0.209386,
        "mrr_at_100": 0.213352,
        "mrr_at_1000": 0.214143,
        "nauc_ndcg_at_1_max": 0.371142,
        "nauc_ndcg_at_1_std": -0.090838,
        "nauc_ndcg_at_1_diff1": 0.661506,
        "nauc_ndcg_at_3_max": 0.378724,
        "nauc_ndcg_at_3_std": 0.003097,
        "nauc_ndcg_at_3_diff1": 0.498477,
        "nauc_ndcg_at_5_max": 0.365936,
        "nauc_ndcg_at_5_std": -0.010347,
        "nauc_ndcg_at_5_diff1": 0.484466,
        "nauc_ndcg_at_10_max": 0.38712,
        "nauc_ndcg_at_10_std": 0.007558,
        "nauc_ndcg_at_10_diff1": 0.481133,
        "nauc_ndcg_at_20_max": 0.369465,
        "nauc_ndcg_at_20_std": 0.006367,
        "nauc_ndcg_at_20_diff1": 0.45975,
        "nauc_ndcg_at_100_max": 0.368258,
        "nauc_ndcg_at_100_std": 0.01321,