{
  "dataset_revision": "48327de6ee192e9610f3069789719788957c7abd",
  "task_name": "GerDaLIRSmall",
  "mteb_version": "2.16.0",
  "scores": {
    "test": [
      {
        "ndcg_at_1": 0.07046,
        "ndcg_at_3": 0.08693,
        "ndcg_at_5": 0.09632,
        "ndcg_at_10": 0.10711,
        "ndcg_at_20": 0.11784,
        "ndcg_at_100": 0.14127,
        "ndcg_at_1000": 0.17107,
        "map_at_1": 0.06272,
        "map_at_3": 0.07961,
        "map_at_5": 0.08487,
        "map_at_10": 0.08925,
        "map_at_20": 0.0922,
        "map_at_100": 0.09533,
        "map_at_1000": 0.09625,
        "recall_at_1": 0.06272,
        "recall_at_3": 0.10001,
        "recall_at_5": 0.12231,
        "recall_at_10": 0.15466,
        "recall_at_20": 0.19569,
        "recall_at_100": 0.3203,
        "recall_at_1000": 0.55979,
        "accuracy": 0.06272,
        "precision_at_1": 0.07046,
        "precision_at_3": 0.03823,
        "precision_at_5": 0.02804,
        "precision_at_10": 0.01784,
        "precision_at_20": 0.01132,
        "precision_at_100": 0.00372,
        "precision_at_1000": 0.00065,
        "mrr_at_1": 0.070459,
        "mrr_at_3": 0.08802,
        "mrr_at_5": 0.093468,
        "mrr_at_10": 0.098133,
        "mrr_at_20": 0.101163,
        "mrr_at_100": 0.104242,
        "mrr_at_1000": 0.105106,
        "nauc_ndcg_at_1_max": 0.108498,
        "nauc_ndcg_at_1_std": 0.049398,
        "nauc_ndcg_at_1_diff1": 0.406207,
        "nauc_ndcg_at_3_max": 0.075631,
        "nauc_ndcg_at_3_std": 0.055826,
        "nauc_ndcg_at_3_diff1": 0.324047,
        "nauc_ndcg_at_5_max": 0.065082,
        "nauc_ndcg_at_5_std": 0.066682,
        "nauc_ndcg_at_5_diff1": 0.302377,
        "nauc_ndcg_at_10_max": 0.055828,
        "nauc_ndcg_at_10_std": 0.073191,
        "nauc_ndcg_at_10_diff1": 0.28737,
        "nauc_ndcg_at_20_max": 0.045707,
        "nauc_ndcg_at_20_std": 0.086441,
        "nauc_ndcg_at_20_diff1": 0.273081,
        "nauc_ndcg_at_100_max": 0.029836,
        "nauc_ndcg_at_100_std": 0.111714,
        "nauc_ndcg_at_100_diff1": 0.260192,
        "nauc_ndcg_at_1000_max": 0.020278,
        "nauc_ndcg_at_1000_std": 0.12467,
        "nauc_ndcg_at_1000_diff1": 0.256551,
        "nauc_map_at_1_max": 0.106245,
        "nauc_map_at_1_std": 0.041567,
        "nauc_map_at_1_diff1": 0.40751,
        "nauc_map_at_3_max": 0.079395,
        "nauc_map_at_3_std": 0.052854,
        "nauc_map_at_3_diff1": 0.340511,
        "nauc_map_at_5_max": 0.072947,
        "nauc_map_at_5_std": 0.059272,
        "nauc_map_at_5_diff1": 0.326712,
        "nauc_map_at_10_max": 0.0687,
        "nauc_map_at_10_std": 0.06219,
        "nauc_map_at_10_diff1": 0.318916,
        "nauc_map_at_20_max": 0.06493,
        "nauc_map_at_20_std": 0.06693,
        "nauc_map_at_20_diff1": 0.313643,
        "nauc_map_at_100_max": 0.062021,
        "nauc_map_at_100_std": 0.071927,
        "nauc_map_at_100_diff1": 0.311122,
        "nauc_map_at_1000_max": 0.0615,
        "nauc_map_at_1000_std": 0.072738,
        "nauc_map_at_1000_diff1": 0.310987,
        "nauc_recall_at_1_max": 0.106245,
        "nauc_recall_at_1_std": 0.041567,
        "nauc_recall_at_1_diff1": 0.40751,
        "nauc_recall_at_3_max": 0.061695,
        "nauc_recall_at_3_std": 0.059198,
        "nauc_recall_at_3_diff1": 0.280233,
        "nauc_recall_at_5_max": 0.042235,
        "nauc_recall_at_5_std": 0.0788,
        "nauc_recall_at_5_diff1": 0.241077,
        "nauc_recall_at_10_max": 0.025349,
        "nauc_recall_at_10_std": 0.09077,
        "nauc_recall_at_10_diff1": 0.217658,
        "nauc_recall_at_20_max": 0.004773,
        "nauc_recall_at_20_std": 0.120476,
        "nauc_recall_at_20_diff1": 0.190893,
        "nauc_recall_at_100_max": -0.036321,
        "nauc_recall_at_100_std": 0.184193,
        "nauc_recall_at_100_diff1": 0.161408,
        "nauc_recall_at_1000_max": -0.082841,
        "nauc_recall_at_1000_std": 0.240124,
        "nauc_recall_at_1000_diff1": 0.134969,
        "nauc_precision_at_1_max": 0.108498,
        "nauc_precision_at_1_std": 0.049398,
        "nauc_precision_at_1_diff1": 0.406207,
        "nauc_precision_at_3_max": 0.065704,
        "nauc_precision_at_3_std": 0.063694,
        "nauc_precision_at_3_diff1": 0.287425,
        "nauc_precision_at_5_max": 0.047683,
        "nauc_precision_at_5_std": 0.084601,
        "nauc_precision_at_5_diff1": 0.253527,
        "nauc_precision_at_10_max": 0.028495,
        "nauc_precision_at_10_std": 0.099367,
        "nauc_precision_at_10_diff1": 0.228251,
        "nauc_precision_at_20_max": 0.008235,
        "nauc_precision_at_20_std": 0.129095,
        "nauc_precision_at_20_diff1": 0.201739,
        "nauc_precision_at_100_max": -0.028598,
        "nauc_precision_at_100_std": 0.19334,
        "nauc_precision_at_100_diff1": 0.172467,
        "nauc_precision_at_1000_max": -0.064475,
        "nauc_precision_at_1000_std": 0.23252,
        "nauc_precision_at_1000_diff1": 0.143465,
        "nauc_mrr_at_1_max": 0.108498,
        "nauc_mrr_at_1_std": 0.049398,
        "nauc_mrr_at_1_diff1": 0.406207,
        "nauc_mrr_at_3_max": 0.085526,
        "nauc_mrr_at_3_std": 0.056966,
        "nauc_mrr_at_3_diff1": 0.343011,
        "nauc_mrr_at_5_max": 0.079006,
        "nauc_mrr_at_5_std": 0.063958,
        "nauc_mrr_at_5_diff1": 0.329536,
        "nauc_mrr_at_10_max": 0.073856,
        "nauc_mrr_at_10_std": 0.067644,
        "nauc_mrr_at_10_diff1": 0.321614,
        "nauc_mrr_at_20_max": 0.070233,
        "nauc_mrr_at_20_std": 0.071909,
        "nauc_mrr_at_20_diff1": 0.316356,
        "nauc_mrr_at_100_max": 0.067551,
        "nauc_mrr_at_100_std": 0.075992,
        "nauc_mrr_at_100_diff1": 0.313862,
        "nauc_mrr_at_1000_max": 0.067171,
        "nauc_mrr_at_1000_std": 0.076558,
        "nauc_mrr_at_1000_diff1": 0.313775,
        "hit_rate_at_1": 0.07046,
        "hit_rate_at_3": 0.11108,
        "hit_rate_at_5": 0.13495,
        "hit_rate_at_10": 0.17059,
        "hit_rate_at_20": 0.21457,
        "hit_rate_at_100": 0.34371,
        "hit_rate_at_1000": 0.58337,
        "main_score": 0.10711,
        "hf_subset": "default",
        "languages": [
          "deu-Latn"
        ],
        "mteb_version": "2.16.0"
      }
    ]
  },
  "evaluation_time": 186.45891135558486,
  "kg_co2_emissions": null,
  "date": 1782384168.9257,
  "evaluation_phases": [
    {
      "name": "Data loading",
      "start": 4.474073648452759e-06,
      "end": 7.469186605885625,
      "split": "",
      "subset": ""
    },
    {
      "name": "Dataset transform",
      "start": 7.46919472515583,
      "end": 7.469197256490588,
      "split": "",
      "subset": ""
    },
    {
      "name": "Encoding queries and documents",
      "start": 7.635277098044753,
      "end": 175.56474460475147,
      "split": "test",
      "subset": "default"
    },
    {
      "name": "Scoring",
      "start": 175.5647635012865,
      "end": 186.26708434522152,
      "split": "test",
      "subset": "default"
    }
  ]
}