{
  "dataset_revision": "f5c87ae5a2e7a5106606314eef45255f03151bb3",
  "task_name": "GermanQuAD-Retrieval",
  "mteb_version": "2.16.0",
  "scores": {
    "test": [
      {
        "ndcg_at_1": 0.8294,
        "ndcg_at_3": 0.89014,
        "ndcg_at_5": 0.90026,
        "ndcg_at_10": 0.90754,
        "ndcg_at_20": 0.91021,
        "ndcg_at_100": 0.9123,
        "ndcg_at_1000": 0.91249,
        "map_at_1": 0.8294,
        "map_at_3": 0.87591,
        "map_at_5": 0.88165,
        "map_at_10": 0.8847,
        "map_at_20": 0.88545,
        "map_at_100": 0.88577,
        "map_at_1000": 0.88578,
        "recall_at_1": 0.8294,
        "recall_at_3": 0.93103,
        "recall_at_5": 0.95508,
        "recall_at_10": 0.97731,
        "recall_at_20": 0.98775,
        "recall_at_100": 0.99864,
        "recall_at_1000": 1.0,
        "accuracy": 0.8294,
        "precision_at_1": 0.8294,
        "precision_at_3": 0.31034,
        "precision_at_5": 0.19102,
        "precision_at_10": 0.09773,
        "precision_at_20": 0.04939,
        "precision_at_100": 0.00999,
        "precision_at_1000": 0.001,
        "mrr_at_1": 0.829401,
        "mrr_at_3": 0.875907,
        "mrr_at_5": 0.881647,
        "mrr_at_10": 0.884704,
        "mrr_at_20": 0.885454,
        "mrr_at_100": 0.885772,
        "mrr_at_1000": 0.885782,
        "nauc_ndcg_at_1_max": 0.563553,
        "nauc_ndcg_at_1_std": -0.277879,
        "nauc_ndcg_at_1_diff1": 0.828255,
        "nauc_ndcg_at_3_max": 0.612208,
        "nauc_ndcg_at_3_std": -0.322159,
        "nauc_ndcg_at_3_diff1": 0.800509,
        "nauc_ndcg_at_5_max": 0.620789,
        "nauc_ndcg_at_5_std": -0.282915,
        "nauc_ndcg_at_5_diff1": 0.796495,
        "nauc_ndcg_at_10_max": 0.616828,
        "nauc_ndcg_at_10_std": -0.295658,
        "nauc_ndcg_at_10_diff1": 0.810253,
        "nauc_ndcg_at_20_max": 0.611813,
        "nauc_ndcg_at_20_std": -0.284205,
        "nauc_ndcg_at_20_diff1": 0.810397,
        "nauc_ndcg_at_100_max": 0.604246,
        "nauc_ndcg_at_100_std": -0.286743,
        "nauc_ndcg_at_100_diff1": 0.809741,
        "nauc_ndcg_at_1000_max": 0.603347,
        "nauc_ndcg_at_1000_std": -0.289447,
        "nauc_ndcg_at_1000_diff1": 0.809638,
        "nauc_map_at_1_max": 0.563553,
        "nauc_map_at_1_std": -0.277879,
        "nauc_map_at_1_diff1": 0.828255,
        "nauc_map_at_3_max": 0.597018,
        "nauc_map_at_3_std": -0.308752,
        "nauc_map_at_3_diff1": 0.807638,
        "nauc_map_at_5_max": 0.600459,
        "nauc_map_at_5_std": -0.289413,
        "nauc_map_at_5_diff1": 0.805945,
        "nauc_map_at_10_max": 0.598911,
        "nauc_map_at_10_std": -0.293669,
        "nauc_map_at_10_diff1": 0.810922,
        "nauc_map_at_20_max": 0.597686,
        "nauc_map_at_20_std": -0.291241,
        "nauc_map_at_20_diff1": 0.811009,
        "nauc_map_at_100_max": 0.596814,
        "nauc_map_at_100_std": -0.291203,
        "nauc_map_at_100_diff1": 0.81094,
        "nauc_map_at_1000_max": 0.596778,
        "nauc_map_at_1000_std": -0.291309,
        "nauc_map_at_1000_diff1": 0.810934,
        "nauc_recall_at_1_max": 0.563553,
        "nauc_recall_at_1_std": -0.277879,
        "nauc_recall_at_1_diff1": 0.828255,
        "nauc_recall_at_3_max": 0.687674,
        "nauc_recall_at_3_std": -0.388455,
        "nauc_recall_at_3_diff1": 0.766232,
        "nauc_recall_at_5_max": 0.770923,
        "nauc_recall_at_5_std": -0.221898,
        "nauc_recall_at_5_diff1": 0.728732,
        "nauc_recall_at_10_max": 0.861588,
        "nauc_recall_at_10_std": -0.320739,
        "nauc_recall_at_10_diff1": 0.825746,
        "nauc_recall_at_20_max": 0.93188,
        "nauc_recall_at_20_std": -0.018274,
        "nauc_recall_at_20_diff1": 0.839558,
        "nauc_recall_at_100_max": 1.0,
        "nauc_recall_at_100_std": 0.907411,
        "nauc_recall_at_100_diff1": 0.851395,
        "nauc_recall_at_1000_max": NaN,
        "nauc_recall_at_1000_std": NaN,
        "nauc_recall_at_1000_diff1": NaN,
        "nauc_precision_at_1_max": 0.563553,
        "nauc_precision_at_1_std": -0.277879,
        "nauc_precision_at_1_diff1": 0.828255,
        "nauc_precision_at_3_max": 0.687674,
        "nauc_precision_at_3_std": -0.388455,
        "nauc_precision_at_3_diff1": 0.766232,
        "nauc_precision_at_5_max": 0.770923,
        "nauc_precision_at_5_std": -0.221898,
        "nauc_precision_at_5_diff1": 0.728732,
        "nauc_precision_at_10_max": 0.861588,
        "nauc_precision_at_10_std": -0.320739,
        "nauc_precision_at_10_diff1": 0.825746,
        "nauc_precision_at_20_max": 0.93188,
        "nauc_precision_at_20_std": -0.018274,
        "nauc_precision_at_20_diff1": 0.839558,
        "nauc_precision_at_100_max": 1.0,
        "nauc_precision_at_100_std": 0.907411,
        "nauc_precision_at_100_diff1": 0.851395,
        "nauc_precision_at_1000_max": 1.0,
        "nauc_precision_at_1000_std": 1.0,
        "nauc_precision_at_1000_diff1": 1.0,
        "nauc_mrr_at_1_max": 0.563553,
        "nauc_mrr_at_1_std": -0.277879,
        "nauc_mrr_at_1_diff1": 0.828255,
        "nauc_mrr_at_3_max": 0.597018,
        "nauc_mrr_at_3_std": -0.308752,
        "nauc_mrr_at_3_diff1": 0.807638,
        "nauc_mrr_at_5_max": 0.600459,
        "nauc_mrr_at_5_std": -0.289413,
        "nauc_mrr_at_5_diff1": 0.805945,
        "nauc_mrr_at_10_max": 0.598911,
        "nauc_mrr_at_10_std": -0.293669,
        "nauc_mrr_at_10_diff1": 0.810922,
        "nauc_mrr_at_20_max": 0.597686,
        "nauc_mrr_at_20_std": -0.291241,
        "nauc_mrr_at_20_diff1": 0.811009,
        "nauc_mrr_at_100_max": 0.596814,
        "nauc_mrr_at_100_std": -0.291203,
        "nauc_mrr_at_100_diff1": 0.81094,
        "nauc_mrr_at_1000_max": 0.596778,
        "nauc_mrr_at_1000_std": -0.291309,
        "nauc_mrr_at_1000_diff1": 0.810934,
        "hit_rate_at_1": 0.8294,
        "hit_rate_at_3": 0.93103,
        "hit_rate_at_5": 0.95508,
        "hit_rate_at_10": 0.97731,
        "hit_rate_at_20": 0.98775,
        "hit_rate_at_100": 0.99864,
        "hit_rate_at_1000": 1.0,
        "main_score": 0.881647,
        "hf_subset": "default",
        "languages": [
          "deu-Latn"
        ],
        "mteb_version": "2.16.0"
      }
    ]
  },
  "evaluation_time": 12.257163530215621,
  "kg_co2_emissions": null,
  "date": 1782383982.460714,
  "evaluation_phases": [
    {
      "name": "Data loading",
      "start": 0.0,
      "end": 5.5573828257620335,
      "split": "",
      "subset": ""
    },
    {
      "name": "Encoding queries and documents",
      "start": 5.602499607950449,
      "end": 11.155512979254127,
      "split": "test",
      "subset": "default"
    },
    {
      "name": "Scoring",
      "start": 11.15553574450314,
      "end": 12.234885165467858,
      "split": "test",
      "subset": "default"
    }
  ]
}