{
  "dataset_revision": "d7d94fa4b946cec4a27c84653aa0cf6b33f74a3c",
  "task_name": "MIRACLRetrievalHardNegatives",
  "mteb_version": "2.16.0",
  "scores": {
    "dev": [
      {
        "ndcg_at_1": 0.27541,
        "ndcg_at_3": 0.29123,
        "ndcg_at_5": 0.31993,
        "ndcg_at_10": 0.37049,
        "ndcg_at_20": 0.41676,
        "ndcg_at_100": 0.48593,
        "ndcg_at_1000": 0.50021,
        "map_at_1": 0.1303,
        "map_at_3": 0.21086,
        "map_at_5": 0.24242,
        "map_at_10": 0.27107,
        "map_at_20": 0.28977,
        "map_at_100": 0.30551,
        "map_at_1000": 0.30671,
        "recall_at_1": 0.1303,
        "recall_at_3": 0.27473,
        "recall_at_5": 0.36557,
        "recall_at_10": 0.49401,
        "recall_at_20": 0.62954,
        "recall_at_100": 0.90991,
        "recall_at_1000": 0.99192,
        "accuracy": 0.1303,
        "precision_at_1": 0.27541,
        "precision_at_3": 0.21639,
        "precision_at_5": 0.17639,
        "precision_at_10": 0.12131,
        "precision_at_20": 0.08066,
        "precision_at_100": 0.02407,
        "precision_at_1000": 0.00262,
        "mrr_at_1": 0.27541,
        "mrr_at_3": 0.38306,
        "mrr_at_5": 0.408962,
        "mrr_at_10": 0.42367,
        "mrr_at_20": 0.429539,
        "mrr_at_100": 0.433065,
        "mrr_at_1000": 0.433329,
        "nauc_ndcg_at_1_max": 0.220707,
        "nauc_ndcg_at_1_std": 0.023057,
        "nauc_ndcg_at_1_diff1": 0.233759,
        "nauc_ndcg_at_3_max": 0.160299,
        "nauc_ndcg_at_3_std": -0.002631,
        "nauc_ndcg_at_3_diff1": 0.122473,
        "nauc_ndcg_at_5_max": 0.156917,
        "nauc_ndcg_at_5_std": -0.001589,
        "nauc_ndcg_at_5_diff1": 0.102603,
        "nauc_ndcg_at_10_max": 0.166869,
        "nauc_ndcg_at_10_std": -0.00818,
        "nauc_ndcg_at_10_diff1": 0.118792,
        "nauc_ndcg_at_20_max": 0.170361,
        "nauc_ndcg_at_20_std": -0.020121,
        "nauc_ndcg_at_20_diff1": 0.10864,
        "nauc_ndcg_at_100_max": 0.20336,
        "nauc_ndcg_at_100_std": 0.017175,
        "nauc_ndcg_at_100_diff1": 0.122328,
        "nauc_ndcg_at_1000_max": 0.205032,
        "nauc_ndcg_at_1000_std": 0.019956,
        "nauc_ndcg_at_1000_diff1": 0.123249,
        "nauc_map_at_1_max": 0.111054,
        "nauc_map_at_1_std": -0.009018,
        "nauc_map_at_1_diff1": 0.21674,
        "nauc_map_at_3_max": 0.11537,
        "nauc_map_at_3_std": -0.022382,
        "nauc_map_at_3_diff1": 0.14345,
        "nauc_map_at_5_max": 0.122305,
        "nauc_map_at_5_std": -0.026445,
        "nauc_map_at_5_diff1": 0.116376,
        "nauc_map_at_10_max": 0.137275,
        "nauc_map_at_10_std": -0.028812,
        "nauc_map_at_10_diff1": 0.123801,
        "nauc_map_at_20_max": 0.139922,
        "nauc_map_at_20_std": -0.03564,
        "nauc_map_at_20_diff1": 0.117888,
        "nauc_map_at_100_max": 0.152228,
        "nauc_map_at_100_std": -0.023034,
        "nauc_map_at_100_diff1": 0.12012,
        "nauc_map_at_1000_max": 0.152713,
        "nauc_map_at_1000_std": -0.022317,
        "nauc_map_at_1000_diff1": 0.120317,
        "nauc_recall_at_1_max": 0.111054,
        "nauc_recall_at_1_std": -0.009018,
        "nauc_recall_at_1_diff1": 0.21674,
        "nauc_recall_at_3_max": 0.075296,
        "nauc_recall_at_3_std": -0.011899,
        "nauc_recall_at_3_diff1": 0.081109,
        "nauc_recall_at_5_max": 0.083788,
        "nauc_recall_at_5_std": 0.005422,
        "nauc_recall_at_5_diff1": 0.032627,
        "nauc_recall_at_10_max": 0.102597,
        "nauc_recall_at_10_std": -0.013567,
        "nauc_recall_at_10_diff1": 0.04472,
        "nauc_recall_at_20_max": 0.088228,
        "nauc_recall_at_20_std": -0.062166,
        "nauc_recall_at_20_diff1": 0.020944,
        "nauc_recall_at_100_max": 0.156213,
        "nauc_recall_at_100_std": 0.044745,
        "nauc_recall_at_100_diff1": 0.04974,
        "nauc_recall_at_1000_max": 0.63246,
        "nauc_recall_at_1000_std": 0.60783,
        "nauc_recall_at_1000_diff1": 0.092439,
        "nauc_precision_at_1_max": 0.220707,
        "nauc_precision_at_1_std": 0.023057,
        "nauc_precision_at_1_diff1": 0.233759,
        "nauc_precision_at_3_max": 0.196372,
        "nauc_precision_at_3_std": 0.005212,
        "nauc_precision_at_3_diff1": 0.049467,
        "nauc_precision_at_5_max": 0.223496,
        "nauc_precision_at_5_std": 0.003838,
        "nauc_precision_at_5_diff1": -0.003169,
        "nauc_precision_at_10_max": 0.22263,
        "nauc_precision_at_10_std": 0.019998,
        "nauc_precision_at_10_diff1": 0.031288,
        "nauc_precision_at_20_max": 0.21188,
        "nauc_precision_at_20_std": 0.008279,
        "nauc_precision_at_20_diff1": -0.016617,
        "nauc_precision_at_100_max": 0.257745,
        "nauc_precision_at_100_std": 0.144544,
        "nauc_precision_at_100_diff1": -0.015493,
        "nauc_precision_at_1000_max": 0.234956,
        "nauc_precision_at_1000_std": 0.137393,
        "nauc_precision_at_1000_diff1": -0.030534,
        "nauc_mrr_at_1_max": 0.220707,
        "nauc_mrr_at_1_std": 0.023057,
        "nauc_mrr_at_1_diff1": 0.233759,
        "nauc_mrr_at_3_max": 0.224552,
        "nauc_mrr_at_3_std": 0.03468,
        "nauc_mrr_at_3_diff1": 0.16184,
        "nauc_mrr_at_5_max": 0.238859,
        "nauc_mrr_at_5_std": 0.044988,
        "nauc_mrr_at_5_diff1": 0.158079,
        "nauc_mrr_at_10_max": 0.238589,
        "nauc_mrr_at_10_std": 0.041676,
        "nauc_mrr_at_10_diff1": 0.164137,
        "nauc_mrr_at_20_max": 0.238948,
        "nauc_mrr_at_20_std": 0.043798,
        "nauc_mrr_at_20_diff1": 0.164846,
        "nauc_mrr_at_100_max": 0.237507,
        "nauc_mrr_at_100_std": 0.042006,
        "nauc_mrr_at_100_diff1": 0.165876,
        "nauc_mrr_at_1000_max": 0.237518,
        "nauc_mrr_at_1000_std": 0.042117,
        "nauc_mrr_at_1000_diff1": 0.165945,
        "hit_rate_at_1": 0.27541,
        "hit_rate_at_3": 0.51475,
        "hit_rate_at_5": 0.62623,
        "hit_rate_at_10": 0.73443,
        "hit_rate_at_20": 0.82295,
        "hit_rate_at_100": 0.96066,
        "hit_rate_at_1000": 1.0,
        "main_score": 0.37049,
        "hf_subset": "de",
        "languages": [
          "deu-Latn"
        ],
        "mteb_version": "2.16.0"
      }
    ]
  },
  "evaluation_time": 198.73449237458408,
  "kg_co2_emissions": null,
  "date": 1782384367.667494,
  "evaluation_phases": [
    {
      "name": "Data loading",
      "start": 4.2729079723358154e-06,
      "end": 7.653435105457902,
      "split": "",
      "subset": ""
    },
    {
      "name": "Dataset transform",
      "start": 7.653442304581404,
      "end": 7.65344431437552,
      "split": "",
      "subset": ""
    },
    {
      "name": "Encoding queries and documents",
      "start": 7.658909805119038,
      "end": 198.39656800031662,
      "split": "dev",
      "subset": "de"
    },
    {
      "name": "Scoring",
      "start": 198.39658676087856,
      "end": 198.7208945080638,
      "split": "dev",
      "subset": "de"
    }
  ]
}