{
  "dataset_revision": "837028901907a7d419b4ab906f28e011ce1cc824",
  "task_name": "MultiLongDocRetrieval",
  "mteb_version": "2.16.0",
  "scores": {
    "dev": [
      {
        "ndcg_at_1": 0.155,
        "ndcg_at_3": 0.20589,
        "ndcg_at_5": 0.22655,
        "ndcg_at_10": 0.24463,
        "ndcg_at_20": 0.25987,
        "ndcg_at_100": 0.28608,
        "ndcg_at_1000": 0.31492,
        "map_at_1": 0.155,
        "map_at_3": 0.1925,
        "map_at_5": 0.204,
        "map_at_10": 0.21164,
        "map_at_20": 0.21586,
        "map_at_100": 0.21921,
        "map_at_1000": 0.22023,
        "recall_at_1": 0.155,
        "recall_at_3": 0.245,
        "recall_at_5": 0.295,
        "recall_at_10": 0.35,
        "recall_at_20": 0.41,
        "recall_at_100": 0.555,
        "recall_at_1000": 0.785,
        "accuracy": 0.155,
        "precision_at_1": 0.155,
        "precision_at_3": 0.08167,
        "precision_at_5": 0.059,
        "precision_at_10": 0.035,
        "precision_at_20": 0.0205,
        "precision_at_100": 0.00555,
        "precision_at_1000": 0.00078,
        "mrr_at_1": 0.155,
        "mrr_at_3": 0.1925,
        "mrr_at_5": 0.204,
        "mrr_at_10": 0.211637,
        "mrr_at_20": 0.215856,
        "mrr_at_100": 0.219209,
        "mrr_at_1000": 0.220231,
        "nauc_ndcg_at_1_max": 0.301445,
        "nauc_ndcg_at_1_std": 0.027361,
        "nauc_ndcg_at_1_diff1": 0.523668,
        "nauc_ndcg_at_3_max": 0.292145,
        "nauc_ndcg_at_3_std": 0.045401,
        "nauc_ndcg_at_3_diff1": 0.451479,
        "nauc_ndcg_at_5_max": 0.308625,
        "nauc_ndcg_at_5_std": 0.069868,
        "nauc_ndcg_at_5_diff1": 0.411808,
        "nauc_ndcg_at_10_max": 0.325143,
        "nauc_ndcg_at_10_std": 0.074852,
        "nauc_ndcg_at_10_diff1": 0.419138,
        "nauc_ndcg_at_20_max": 0.329327,
        "nauc_ndcg_at_20_std": 0.081886,
        "nauc_ndcg_at_20_diff1": 0.423724,
        "nauc_ndcg_at_100_max": 0.339884,
        "nauc_ndcg_at_100_std": 0.110483,
        "nauc_ndcg_at_100_diff1": 0.416355,
        "nauc_ndcg_at_1000_max": 0.330259,
        "nauc_ndcg_at_1000_std": 0.123594,
        "nauc_ndcg_at_1000_diff1": 0.3965,
        "nauc_map_at_1_max": 0.301445,
        "nauc_map_at_1_std": 0.027361,
        "nauc_map_at_1_diff1": 0.523668,
        "nauc_map_at_3_max": 0.289728,
        "nauc_map_at_3_std": 0.036903,
        "nauc_map_at_3_diff1": 0.464388,
        "nauc_map_at_5_max": 0.299782,
        "nauc_map_at_5_std": 0.051985,
        "nauc_map_at_5_diff1": 0.440868,
        "nauc_map_at_10_max": 0.307366,
        "nauc_map_at_10_std": 0.054732,
        "nauc_map_at_10_diff1": 0.442986,
        "nauc_map_at_20_max": 0.308682,
        "nauc_map_at_20_std": 0.057063,
        "nauc_map_at_20_diff1": 0.44346,
        "nauc_map_at_100_max": 0.311534,
        "nauc_map_at_100_std": 0.062024,
        "nauc_map_at_100_diff1": 0.442719,
        "nauc_map_at_1000_max": 0.31134,
        "nauc_map_at_1000_std": 0.062545,
        "nauc_map_at_1000_diff1": 0.442046,
        "nauc_recall_at_1_max": 0.301445,
        "nauc_recall_at_1_std": 0.027361,
        "nauc_recall_at_1_diff1": 0.523668,
        "nauc_recall_at_3_max": 0.299734,
        "nauc_recall_at_3_std": 0.068263,
        "nauc_recall_at_3_diff1": 0.420118,
        "nauc_recall_at_5_max": 0.332396,
        "nauc_recall_at_5_std": 0.115664,
        "nauc_recall_at_5_diff1": 0.339718,
        "nauc_recall_at_10_max": 0.373373,
        "nauc_recall_at_10_std": 0.125209,
        "nauc_recall_at_10_diff1": 0.364922,
        "nauc_recall_at_20_max": 0.386175,
        "nauc_recall_at_20_std": 0.146324,
        "nauc_recall_at_20_diff1": 0.385852,
        "nauc_recall_at_100_max": 0.427239,
        "nauc_recall_at_100_std": 0.279494,
        "nauc_recall_at_100_diff1": 0.343689,
        "nauc_recall_at_1000_max": 0.361174,
        "nauc_recall_at_1000_std": 0.522846,
        "nauc_recall_at_1000_diff1": 0.072839,
        "nauc_precision_at_1_max": 0.301445,
        "nauc_precision_at_1_std": 0.027361,
        "nauc_precision_at_1_diff1": 0.523668,
        "nauc_precision_at_3_max": 0.299734,
        "nauc_precision_at_3_std": 0.068263,
        "nauc_precision_at_3_diff1": 0.420118,
        "nauc_precision_at_5_max": 0.332396,
        "nauc_precision_at_5_std": 0.115664,
        "nauc_precision_at_5_diff1": 0.339718,
        "nauc_precision_at_10_max": 0.373373,
        "nauc_precision_at_10_std": 0.125209,
        "nauc_precision_at_10_diff1": 0.364922,
        "nauc_precision_at_20_max": 0.386175,
        "nauc_precision_at_20_std": 0.146324,
        "nauc_precision_at_20_diff1": 0.385852,
        "nauc_precision_at_100_max": 0.427239,
        "nauc_precision_at_100_std": 0.279494,
        "nauc_precision_at_100_diff1": 0.343689,
        "nauc_precision_at_1000_max": 0.361174,
        "nauc_precision_at_1000_std": 0.522846,
        "nauc_precision_at_1000_diff1": 0.072839,
        "nauc_mrr_at_1_max": 0.301445,
        "nauc_mrr_at_1_std": 0.027361,
        "nauc_mrr_at_1_diff1": 0.523668,
        "nauc_mrr_at_3_max": 0.289728,
        "nauc_mrr_at_3_std": 0.036903,
        "nauc_mrr_at_3_diff1": 0.464388,
        "nauc_mrr_at_5_max": 0.299782,
        "nauc_mrr_at_5_std": 0.051985,
        "nauc_mrr_at_5_diff1": 0.440868,
        "nauc_mrr_at_10_max": 0.307366,
        "nauc_mrr_at_10_std": 0.054732,
        "nauc_mrr_at_10_diff1": 0.442986,
        "nauc_mrr_at_20_max": 0.308682,
        "nauc_mrr_at_20_std": 0.057063,
        "nauc_mrr_at_20_diff1": 0.44346,
        "nauc_mrr_at_100_max": 0.311534,
        "nauc_mrr_at_100_std": 0.062024,
        "nauc_mrr_at_100_diff1": 0.442719,
        "nauc_mrr_at_1000_max": 0.31134,
        "nauc_mrr_at_1000_std": 0.062545,
        "nauc_mrr_at_1000_diff1": 0.442046,
        "hit_rate_at_1": 0.155,
        "hit_rate_at_3": 0.245,
        "hit_rate_at_5": 0.295,
        "hit_rate_at_10": 0.35,
        "hit_rate_at_20": 0.41,
        "hit_rate_at_100": 0.555,
        "hit_rate_at_1000": 0.785,
        "main_score": 0.24463,
        "hf_subset": "de",
        "languages": [
          "deu-Latn"
        ],
        "mteb_version": "2.16.0"
      }
    ],
    "test": [
      {
        "ndcg_at_1": 0.185,
        "ndcg_at_3": 0.23536,
        "ndcg_at_5": 0.2459,
        "ndcg_at_10": 0.26011,
        "ndcg_at_20": 0.27189,
        "ndcg_at_100": 0.30389,
        "ndcg_at_1000": 0.33942,
        "map_at_1": 0.185,
        "map_at_3": 0.22333,
        "map_at_5": 0.22933,
        "map_at_10": 0.235,
        "map_at_20": 0.23845,
        "map_at_100": 0.24271,
        "map_at_1000": 0.24396,
        "recall_at_1": 0.185,
        "recall_at_3": 0.27,
        "recall_at_5": 0.295,
        "recall_at_10": 0.34,
        "recall_at_20": 0.385,
        "recall_at_100": 0.56,
        "recall_at_1000": 0.845,
        "accuracy": 0.185,
        "precision_at_1": 0.185,
        "precision_at_3": 0.09,
        "precision_at_5": 0.059,
        "precision_at_10": 0.034,
        "precision_at_20": 0.01925,
        "precision_at_100": 0.0056,
        "precision_at_1000": 0.00085,
        "mrr_at_1": 0.185,
        "mrr_at_3": 0.223333,
        "mrr_at_5": 0.229333,
        "mrr_at_10": 0.235,
        "mrr_at_20": 0.23845,
        "mrr_at_100": 0.242705,
        "mrr_at_1000": 0.24396,
        "nauc_ndcg_at_1_max": 0.179079,
        "nauc_ndcg_at_1_std": 0.017806,
        "nauc_ndcg_at_1_diff1": 0.417629,
        "nauc_ndcg_at_3_max": 0.145049,
        "nauc_ndcg_at_3_std": 0.015627,
        "nauc_ndcg_at_3_diff1": 0.351295,
        "nauc_ndcg_at_5_max": 0.151111,
        "nauc_ndcg_at_5_std": 0.022012,
        "nauc_ndcg_at_5_diff1": 0.353761,
        "nauc_ndcg_at_10_max": 0.163717,
        "nauc_ndcg_at_10_std": 0.052063,
        "nauc_ndcg_at_10_diff1": 0.353033,
        "nauc_ndcg_at_20_max": 0.164624,
        "nauc_ndcg_at_20_std": 0.065131,
        "nauc_ndcg_at_20_diff1": 0.344505,
        "nauc_ndcg_at_100_max": 0.186161,
        "nauc_ndcg_at_100_std": 0.085407,