{
  "dataset_revision": "48327de6ee192e9610f3069789719788957c7abd",
  "task_name": "GerDaLIRSmall",
  "mteb_version": "2.16.0",
  "scores": {
    "test": [
      {
        "ndcg_at_1": 0.02771,
        "ndcg_at_3": 0.03496,
        "ndcg_at_5": 0.03943,
        "ndcg_at_10": 0.04615,
        "ndcg_at_20": 0.0528,
        "ndcg_at_100": 0.06904,
        "ndcg_at_1000": 0.10307,
        "map_at_1": 0.02467,
        "map_at_3": 0.03181,
        "map_at_5": 0.03428,
        "map_at_10": 0.03696,
        "map_at_20": 0.03875,
        "map_at_100": 0.04077,
        "map_at_1000": 0.04177,
        "recall_at_1": 0.02467,
        "recall_at_3": 0.04038,
        "recall_at_5": 0.05092,
        "recall_at_10": 0.07127,
        "recall_at_20": 0.09683,
        "recall_at_100": 0.18463,
        "recall_at_1000": 0.46086,
        "accuracy": 0.02467,
        "precision_at_1": 0.02771,
        "precision_at_3": 0.01545,
        "precision_at_5": 0.01169,
        "precision_at_10": 0.00817,
        "precision_at_20": 0.00557,
        "precision_at_100": 0.00214,
        "precision_at_1000": 0.00054,
        "mrr_at_1": 0.02771,
        "mrr_at_3": 0.035652,
        "mrr_at_5": 0.038337,
        "mrr_at_10": 0.04129,
        "mrr_at_20": 0.043203,
        "mrr_at_100": 0.045319,
        "mrr_at_1000": 0.046282,
        "nauc_ndcg_at_1_max": -0.006598,
        "nauc_ndcg_at_1_std": 0.070774,
        "nauc_ndcg_at_1_diff1": 0.332006,
        "nauc_ndcg_at_3_max": -0.020545,
        "nauc_ndcg_at_3_std": 0.082955,
        "nauc_ndcg_at_3_diff1": 0.265462,
        "nauc_ndcg_at_5_max": -0.028375,
        "nauc_ndcg_at_5_std": 0.076346,
        "nauc_ndcg_at_5_diff1": 0.244483,
        "nauc_ndcg_at_10_max": -0.042319,
        "nauc_ndcg_at_10_std": 0.084636,
        "nauc_ndcg_at_10_diff1": 0.216944,
        "nauc_ndcg_at_20_max": -0.048026,
        "nauc_ndcg_at_20_std": 0.093071,
        "nauc_ndcg_at_20_diff1": 0.200528,
        "nauc_ndcg_at_100_max": -0.05525,
        "nauc_ndcg_at_100_std": 0.104072,
        "nauc_ndcg_at_100_diff1": 0.175061,
        "nauc_ndcg_at_1000_max": -0.086312,
        "nauc_ndcg_at_1000_std": 0.138137,
        "nauc_ndcg_at_1000_diff1": 0.1682,
        "nauc_map_at_1_max": 0.003123,
        "nauc_map_at_1_std": 0.067332,
        "nauc_map_at_1_diff1": 0.347651,
        "nauc_map_at_3_max": -0.01371,
        "nauc_map_at_3_std": 0.079169,
        "nauc_map_at_3_diff1": 0.282629,
        "nauc_map_at_5_max": -0.019411,
        "nauc_map_at_5_std": 0.075483,
        "nauc_map_at_5_diff1": 0.268123,
        "nauc_map_at_10_max": -0.027189,
        "nauc_map_at_10_std": 0.07988,
        "nauc_map_at_10_diff1": 0.253079,
        "nauc_map_at_20_max": -0.029836,
        "nauc_map_at_20_std": 0.082979,
        "nauc_map_at_20_diff1": 0.245392,
        "nauc_map_at_100_max": -0.031816,
        "nauc_map_at_100_std": 0.085368,
        "nauc_map_at_100_diff1": 0.238794,
        "nauc_map_at_1000_max": -0.033552,
        "nauc_map_at_1000_std": 0.08745,
        "nauc_map_at_1000_diff1": 0.237614,
        "nauc_recall_at_1_max": 0.003123,
        "nauc_recall_at_1_std": 0.067332,
        "nauc_recall_at_1_diff1": 0.347651,
        "nauc_recall_at_3_max": -0.026689,
        "nauc_recall_at_3_std": 0.085227,
        "nauc_recall_at_3_diff1": 0.231088,
        "nauc_recall_at_5_max": -0.039616,
        "nauc_recall_at_5_std": 0.072595,
        "nauc_recall_at_5_diff1": 0.200842,
        "nauc_recall_at_10_max": -0.064267,
        "nauc_recall_at_10_std": 0.090128,
        "nauc_recall_at_10_diff1": 0.159207,
        "nauc_recall_at_20_max": -0.070831,
        "nauc_recall_at_20_std": 0.106128,
        "nauc_recall_at_20_diff1": 0.137908,
        "nauc_recall_at_100_max": -0.077472,
        "nauc_recall_at_100_std": 0.123354,
        "nauc_recall_at_100_diff1": 0.103315,
        "nauc_recall_at_1000_max": -0.156394,
        "nauc_recall_at_1000_std": 0.206937,
        "nauc_recall_at_1000_diff1": 0.102583,
        "nauc_precision_at_1_max": -0.006598,
        "nauc_precision_at_1_std": 0.070774,
        "nauc_precision_at_1_diff1": 0.332006,
        "nauc_precision_at_3_max": -0.03507,
        "nauc_precision_at_3_std": 0.09241,
        "nauc_precision_at_3_diff1": 0.22796,
        "nauc_precision_at_5_max": -0.045192,
        "nauc_precision_at_5_std": 0.078345,
        "nauc_precision_at_5_diff1": 0.198163,
        "nauc_precision_at_10_max": -0.06627,
        "nauc_precision_at_10_std": 0.093292,
        "nauc_precision_at_10_diff1": 0.157589,
        "nauc_precision_at_20_max": -0.074058,
        "nauc_precision_at_20_std": 0.112276,
        "nauc_precision_at_20_diff1": 0.140623,
        "nauc_precision_at_100_max": -0.079756,
        "nauc_precision_at_100_std": 0.133722,
        "nauc_precision_at_100_diff1": 0.107757,
        "nauc_precision_at_1000_max": -0.147318,
        "nauc_precision_at_1000_std": 0.207911,
        "nauc_precision_at_1000_diff1": 0.100324,
        "nauc_mrr_at_1_max": -0.006598,
        "nauc_mrr_at_1_std": 0.070774,
        "nauc_mrr_at_1_diff1": 0.332006,
        "nauc_mrr_at_3_max": -0.025375,
        "nauc_mrr_at_3_std": 0.086319,
        "nauc_mrr_at_3_diff1": 0.274477,
        "nauc_mrr_at_5_max": -0.029715,
        "nauc_mrr_at_5_std": 0.082096,
        "nauc_mrr_at_5_diff1": 0.260427,
        "nauc_mrr_at_10_max": -0.035921,
        "nauc_mrr_at_10_std": 0.085253,
        "nauc_mrr_at_10_diff1": 0.245038,
        "nauc_mrr_at_20_max": -0.037752,
        "nauc_mrr_at_20_std": 0.088004,
        "nauc_mrr_at_20_diff1": 0.238451,
        "nauc_mrr_at_100_max": -0.039276,
        "nauc_mrr_at_100_std": 0.090015,
        "nauc_mrr_at_100_diff1": 0.232766,
        "nauc_mrr_at_1000_max": -0.04067,
        "nauc_mrr_at_1000_std": 0.091609,
        "nauc_mrr_at_1000_diff1": 0.231852,
        "hit_rate_at_1": 0.02771,
        "hit_rate_at_3": 0.04553,
        "hit_rate_at_5": 0.05722,
        "hit_rate_at_10": 0.07986,
        "hit_rate_at_20": 0.10798,
        "hit_rate_at_100": 0.20255,
        "hit_rate_at_1000": 0.48496,
        "main_score": 0.04615,
        "hf_subset": "default",
        "languages": [
          "deu-Latn"
        ],
        "mteb_version": "2.16.0"
      }
    ]
  },
  "evaluation_time": 136.98464760370553,
  "kg_co2_emissions": null,
  "date": 1782187836.262578,
  "evaluation_phases": [
    {
      "name": "Data loading",
      "start": 8.009374141693115e-06,
      "end": 7.489686967805028,
      "split": "",
      "subset": ""
    },
    {
      "name": "Dataset transform",
      "start": 7.489706821739674,
      "end": 7.489709105342627,
      "split": "",
      "subset": ""
    },
    {
      "name": "Encoding queries and documents",
      "start": 7.6656509675085545,
      "end": 126.2634794190526,
      "split": "test",
      "subset": "default"
    },
    {
      "name": "Scoring",
      "start": 126.26349923945963,
      "end": 136.8013256471604,
      "split": "test",
      "subset": "default"
    }
  ]
}