{
  "dataset_revision": "f5c87ae5a2e7a5106606314eef45255f03151bb3",
  "task_name": "GermanQuAD-Retrieval",
  "mteb_version": "2.16.0",
  "scores": {
    "test": [
      {
        "ndcg_at_1": 0.77541,
        "ndcg_at_3": 0.85219,
        "ndcg_at_5": 0.86836,
        "ndcg_at_10": 0.87655,
        "ndcg_at_20": 0.87979,
        "ndcg_at_100": 0.88255,
        "ndcg_at_1000": 0.88307,
        "map_at_1": 0.77541,
        "map_at_3": 0.83409,
        "map_at_5": 0.84301,
        "map_at_10": 0.84646,
        "map_at_20": 0.84736,
        "map_at_100": 0.84776,
        "map_at_1000": 0.84778,
        "recall_at_1": 0.77541,
        "recall_at_3": 0.90426,
        "recall_at_5": 0.94374,
        "recall_at_10": 0.96869,
        "recall_at_20": 0.9814,
        "recall_at_100": 0.99592,
        "recall_at_1000": 1.0,
        "accuracy": 0.77541,
        "precision_at_1": 0.77541,
        "precision_at_3": 0.30142,
        "precision_at_5": 0.18875,
        "precision_at_10": 0.09687,
        "precision_at_20": 0.04907,
        "precision_at_100": 0.00996,
        "precision_at_1000": 0.001,
        "mrr_at_1": 0.775408,
        "mrr_at_3": 0.83409,
        "mrr_at_5": 0.843005,
        "mrr_at_10": 0.84646,
        "mrr_at_20": 0.847363,
        "mrr_at_100": 0.847761,
        "mrr_at_1000": 0.847781,
        "nauc_ndcg_at_1_max": 0.514274,
        "nauc_ndcg_at_1_std": -0.11403,
        "nauc_ndcg_at_1_diff1": 0.813412,
        "nauc_ndcg_at_3_max": 0.574701,
        "nauc_ndcg_at_3_std": -0.113906,
        "nauc_ndcg_at_3_diff1": 0.781654,
        "nauc_ndcg_at_5_max": 0.574929,
        "nauc_ndcg_at_5_std": -0.10588,
        "nauc_ndcg_at_5_diff1": 0.782374,
        "nauc_ndcg_at_10_max": 0.573846,
        "nauc_ndcg_at_10_std": -0.091462,
        "nauc_ndcg_at_10_diff1": 0.784061,
        "nauc_ndcg_at_20_max": 0.567524,
        "nauc_ndcg_at_20_std": -0.096205,
        "nauc_ndcg_at_20_diff1": 0.785465,
        "nauc_ndcg_at_100_max": 0.561394,
        "nauc_ndcg_at_100_std": -0.099603,
        "nauc_ndcg_at_100_diff1": 0.789572,
        "nauc_ndcg_at_1000_max": 0.559516,
        "nauc_ndcg_at_1000_std": -0.103509,
        "nauc_ndcg_at_1000_diff1": 0.789738,
        "nauc_map_at_1_max": 0.514274,
        "nauc_map_at_1_std": -0.11403,
        "nauc_map_at_1_diff1": 0.813412,
        "nauc_map_at_3_max": 0.55667,
        "nauc_map_at_3_std": -0.11434,
        "nauc_map_at_3_diff1": 0.790896,
        "nauc_map_at_5_max": 0.555861,
        "nauc_map_at_5_std": -0.110373,
        "nauc_map_at_5_diff1": 0.791646,
        "nauc_map_at_10_max": 0.555067,
        "nauc_map_at_10_std": -0.105499,
        "nauc_map_at_10_diff1": 0.792504,
        "nauc_map_at_20_max": 0.553457,
        "nauc_map_at_20_std": -0.106874,
        "nauc_map_at_20_diff1": 0.792761,
        "nauc_map_at_100_max": 0.552669,
        "nauc_map_at_100_std": -0.107514,
        "nauc_map_at_100_diff1": 0.793141,
        "nauc_map_at_1000_max": 0.552617,
        "nauc_map_at_1000_std": -0.107615,
        "nauc_map_at_1000_diff1": 0.793157,
        "nauc_recall_at_1_max": 0.514274,
        "nauc_recall_at_1_std": -0.11403,
        "nauc_recall_at_1_diff1": 0.813412,
        "nauc_recall_at_3_max": 0.658317,
        "nauc_recall_at_3_std": -0.111606,
        "nauc_recall_at_3_diff1": 0.738962,
        "nauc_recall_at_5_max": 0.716242,
        "nauc_recall_at_5_std": -0.069587,
        "nauc_recall_at_5_diff1": 0.714478,
        "nauc_recall_at_10_max": 0.815772,
        "nauc_recall_at_10_std": 0.119923,
        "nauc_recall_at_10_diff1": 0.678095,
        "nauc_recall_at_20_max": 0.836689,
        "nauc_recall_at_20_std": 0.165389,
        "nauc_recall_at_20_diff1": 0.644961,
        "nauc_recall_at_100_max": 0.954615,
        "nauc_recall_at_100_std": 0.725409,
        "nauc_recall_at_100_diff1": 0.769474,
        "nauc_recall_at_1000_max": NaN,
        "nauc_recall_at_1000_std": NaN,
        "nauc_recall_at_1000_diff1": NaN,
        "nauc_precision_at_1_max": 0.514274,
        "nauc_precision_at_1_std": -0.11403,
        "nauc_precision_at_1_diff1": 0.813412,
        "nauc_precision_at_3_max": 0.658317,
        "nauc_precision_at_3_std": -0.111606,
        "nauc_precision_at_3_diff1": 0.738962,
        "nauc_precision_at_5_max": 0.716242,
        "nauc_precision_at_5_std": -0.069587,
        "nauc_precision_at_5_diff1": 0.714478,
        "nauc_precision_at_10_max": 0.815772,
        "nauc_precision_at_10_std": 0.119923,
        "nauc_precision_at_10_diff1": 0.678095,
        "nauc_precision_at_20_max": 0.836689,
        "nauc_precision_at_20_std": 0.165389,
        "nauc_precision_at_20_diff1": 0.644961,
        "nauc_precision_at_100_max": 0.954615,
        "nauc_precision_at_100_std": 0.725409,
        "nauc_precision_at_100_diff1": 0.769474,
        "nauc_precision_at_1000_max": 1.0,
        "nauc_precision_at_1000_std": 1.0,
        "nauc_precision_at_1000_diff1": 1.0,
        "nauc_mrr_at_1_max": 0.514274,
        "nauc_mrr_at_1_std": -0.11403,
        "nauc_mrr_at_1_diff1": 0.813412,
        "nauc_mrr_at_3_max": 0.55667,
        "nauc_mrr_at_3_std": -0.11434,
        "nauc_mrr_at_3_diff1": 0.790896,
        "nauc_mrr_at_5_max": 0.555861,
        "nauc_mrr_at_5_std": -0.110373,
        "nauc_mrr_at_5_diff1": 0.791646,
        "nauc_mrr_at_10_max": 0.555067,
        "nauc_mrr_at_10_std": -0.105499,
        "nauc_mrr_at_10_diff1": 0.792504,
        "nauc_mrr_at_20_max": 0.553457,
        "nauc_mrr_at_20_std": -0.106874,
        "nauc_mrr_at_20_diff1": 0.792761,
        "nauc_mrr_at_100_max": 0.552669,
        "nauc_mrr_at_100_std": -0.107514,
        "nauc_mrr_at_100_diff1": 0.793141,
        "nauc_mrr_at_1000_max": 0.552617,
        "nauc_mrr_at_1000_std": -0.107615,
        "nauc_mrr_at_1000_diff1": 0.793157,
        "hit_rate_at_1": 0.77541,
        "hit_rate_at_3": 0.90426,
        "hit_rate_at_5": 0.94374,
        "hit_rate_at_10": 0.96869,
        "hit_rate_at_20": 0.9814,
        "hit_rate_at_100": 0.99592,
        "hit_rate_at_1000": 1.0,
        "main_score": 0.843005,
        "hf_subset": "default",
        "languages": [
          "deu-Latn"
        ],
        "mteb_version": "2.16.0"
      }
    ]
  },
  "evaluation_time": 36.679730946198106,
  "kg_co2_emissions": null,
  "date": 1782187373.797084,
  "evaluation_phases": [
    {
      "name": "Data loading",
      "start": 0.0,
      "end": 5.383108519017696,
      "split": "",
      "subset": ""
    },
    {
      "name": "Encoding queries and documents",
      "start": 5.424303336068988,
      "end": 35.51805611886084,
      "split": "test",
      "subset": "default"
    },
    {
      "name": "Scoring",
      "start": 35.51807904057205,
      "end": 36.65852427855134,
      "split": "test",
      "subset": "default"
    }
  ]
}