{
  "dataset_revision": "d7d94fa4b946cec4a27c84653aa0cf6b33f74a3c",
  "task_name": "MIRACLRetrievalHardNegatives",
  "mteb_version": "2.16.0",
  "scores": {
    "dev": [
      {
        "ndcg_at_1": 0.25246,
        "ndcg_at_3": 0.25245,
        "ndcg_at_5": 0.28203,
        "ndcg_at_10": 0.3319,
        "ndcg_at_20": 0.3722,
        "ndcg_at_100": 0.44386,
        "ndcg_at_1000": 0.46655,
        "map_at_1": 0.11383,
        "map_at_3": 0.18201,
        "map_at_5": 0.20936,
        "map_at_10": 0.23706,
        "map_at_20": 0.25293,
        "map_at_100": 0.26879,
        "map_at_1000": 0.27054,
        "recall_at_1": 0.11383,
        "recall_at_3": 0.24485,
        "recall_at_5": 0.32717,
        "recall_at_10": 0.45339,
        "recall_at_20": 0.57014,
        "recall_at_100": 0.85614,
        "recall_at_1000": 0.99106,
        "accuracy": 0.11383,
        "precision_at_1": 0.25246,
        "precision_at_3": 0.18142,
        "precision_at_5": 0.15344,
        "precision_at_10": 0.10984,
        "precision_at_20": 0.07262,
        "precision_at_100": 0.02272,
        "precision_at_1000": 0.00262,
        "mrr_at_1": 0.252459,
        "mrr_at_3": 0.344262,
        "mrr_at_5": 0.367869,
        "mrr_at_10": 0.384231,
        "mrr_at_20": 0.390524,
        "mrr_at_100": 0.394752,
        "mrr_at_1000": 0.395021,
        "nauc_ndcg_at_1_max": 0.183733,
        "nauc_ndcg_at_1_std": -0.087406,
        "nauc_ndcg_at_1_diff1": 0.208889,
        "nauc_ndcg_at_3_max": 0.124518,
        "nauc_ndcg_at_3_std": -0.055763,
        "nauc_ndcg_at_3_diff1": 0.15781,
        "nauc_ndcg_at_5_max": 0.11864,
        "nauc_ndcg_at_5_std": -0.041265,
        "nauc_ndcg_at_5_diff1": 0.148304,
        "nauc_ndcg_at_10_max": 0.142705,
        "nauc_ndcg_at_10_std": -0.048092,
        "nauc_ndcg_at_10_diff1": 0.16488,
        "nauc_ndcg_at_20_max": 0.145777,
        "nauc_ndcg_at_20_std": -0.047248,
        "nauc_ndcg_at_20_diff1": 0.15961,
        "nauc_ndcg_at_100_max": 0.1694,
        "nauc_ndcg_at_100_std": -0.004237,
        "nauc_ndcg_at_100_diff1": 0.144982,
        "nauc_ndcg_at_1000_max": 0.161743,
        "nauc_ndcg_at_1000_std": -0.016996,
        "nauc_ndcg_at_1000_diff1": 0.150045,
        "nauc_map_at_1_max": 0.108458,
        "nauc_map_at_1_std": -0.101627,
        "nauc_map_at_1_diff1": 0.310945,
        "nauc_map_at_3_max": 0.086566,
        "nauc_map_at_3_std": -0.066977,
        "nauc_map_at_3_diff1": 0.198289,
        "nauc_map_at_5_max": 0.090878,
        "nauc_map_at_5_std": -0.056547,
        "nauc_map_at_5_diff1": 0.1809,
        "nauc_map_at_10_max": 0.11323,
        "nauc_map_at_10_std": -0.057341,
        "nauc_map_at_10_diff1": 0.178065,
        "nauc_map_at_20_max": 0.116443,
        "nauc_map_at_20_std": -0.057666,
        "nauc_map_at_20_diff1": 0.180829,
        "nauc_map_at_100_max": 0.123721,
        "nauc_map_at_100_std": -0.046977,
        "nauc_map_at_100_diff1": 0.174618,
        "nauc_map_at_1000_max": 0.123441,
        "nauc_map_at_1000_std": -0.046678,
        "nauc_map_at_1000_diff1": 0.174374,
        "nauc_recall_at_1_max": 0.108458,
        "nauc_recall_at_1_std": -0.101627,
        "nauc_recall_at_1_diff1": 0.310945,
        "nauc_recall_at_3_max": 0.053878,
        "nauc_recall_at_3_std": -0.053966,
        "nauc_recall_at_3_diff1": 0.117186,
        "nauc_recall_at_5_max": 0.063255,
        "nauc_recall_at_5_std": -0.022923,
        "nauc_recall_at_5_diff1": 0.092618,
        "nauc_recall_at_10_max": 0.115856,
        "nauc_recall_at_10_std": -0.039194,
        "nauc_recall_at_10_diff1": 0.135307,
        "nauc_recall_at_20_max": 0.104307,
        "nauc_recall_at_20_std": -0.038813,
        "nauc_recall_at_20_diff1": 0.110776,
        "nauc_recall_at_100_max": 0.197895,
        "nauc_recall_at_100_std": 0.194003,
        "nauc_recall_at_100_diff1": 0.026028,
        "nauc_recall_at_1000_max": -0.068802,
        "nauc_recall_at_1000_std": 0.43202,
        "nauc_recall_at_1000_diff1": 0.239552,
        "nauc_precision_at_1_max": 0.183733,
        "nauc_precision_at_1_std": -0.087406,
        "nauc_precision_at_1_diff1": 0.208889,
        "nauc_precision_at_3_max": 0.159315,
        "nauc_precision_at_3_std": -0.033824,
        "nauc_precision_at_3_diff1": 0.057412,
        "nauc_precision_at_5_max": 0.166933,
        "nauc_precision_at_5_std": 0.02117,
        "nauc_precision_at_5_diff1": 0.015019,
        "nauc_precision_at_10_max": 0.206252,
        "nauc_precision_at_10_std": 0.027154,
        "nauc_precision_at_10_diff1": -0.001827,
        "nauc_precision_at_20_max": 0.193228,
        "nauc_precision_at_20_std": 0.039803,
        "nauc_precision_at_20_diff1": -0.01729,
        "nauc_precision_at_100_max": 0.220881,
        "nauc_precision_at_100_std": 0.16947,
        "nauc_precision_at_100_diff1": -0.087304,
        "nauc_precision_at_1000_max": 0.16698,
        "nauc_precision_at_1000_std": 0.122089,
        "nauc_precision_at_1000_diff1": -0.100153,
        "nauc_mrr_at_1_max": 0.183733,
        "nauc_mrr_at_1_std": -0.087406,
        "nauc_mrr_at_1_diff1": 0.208889,
        "nauc_mrr_at_3_max": 0.164457,
        "nauc_mrr_at_3_std": -0.069445,
        "nauc_mrr_at_3_diff1": 0.158062,
        "nauc_mrr_at_5_max": 0.171324,
        "nauc_mrr_at_5_std": -0.047733,
        "nauc_mrr_at_5_diff1": 0.156841,
        "nauc_mrr_at_10_max": 0.180737,
        "nauc_mrr_at_10_std": -0.047809,
        "nauc_mrr_at_10_diff1": 0.159987,
        "nauc_mrr_at_20_max": 0.177011,
        "nauc_mrr_at_20_std": -0.049334,
        "nauc_mrr_at_20_diff1": 0.158485,
        "nauc_mrr_at_100_max": 0.17678,
        "nauc_mrr_at_100_std": -0.049318,
        "nauc_mrr_at_100_diff1": 0.159356,
        "nauc_mrr_at_1000_max": 0.176767,
        "nauc_mrr_at_1000_std": -0.049452,
        "nauc_mrr_at_1000_diff1": 0.159304,
        "hit_rate_at_1": 0.25246,
        "hit_rate_at_3": 0.46557,
        "hit_rate_at_5": 0.56721,
        "hit_rate_at_10": 0.6918,
        "hit_rate_at_20": 0.78033,
        "hit_rate_at_100": 0.9377,
        "hit_rate_at_1000": 0.99672,
        "main_score": 0.3319,
        "hf_subset": "de",
        "languages": [
          "deu-Latn"
        ],
        "mteb_version": "2.16.0"
      }
    ]
  },
  "evaluation_time": 174.7644863985479,
  "kg_co2_emissions": null,
  "date": 1782188011.034376,
  "evaluation_phases": [
    {
      "name": "Data loading",
      "start": 4.518777132034302e-06,
      "end": 7.341588918119669,
      "split": "",
      "subset": ""
    },
    {
      "name": "Dataset transform",
      "start": 7.341604908928275,
      "end": 7.341608077287674,
      "split": "",
      "subset": ""
    },
    {
      "name": "Encoding queries and documents",
      "start": 7.3534486927092075,
      "end": 174.42078316956758,
      "split": "dev",
      "subset": "de"
    },
    {
      "name": "Scoring",
      "start": 174.4208025597036,
      "end": 174.74867179617286,
      "split": "dev",
      "subset": "de"
    }
  ]
}