{
  "dataset_revision": "837028901907a7d419b4ab906f28e011ce1cc824",
  "task_name": "MultiLongDocRetrieval",
  "mteb_version": "2.16.0",
  "scores": {
    "dev": [
      {
        "ndcg_at_1": 0.11,
        "ndcg_at_3": 0.16601,
        "ndcg_at_5": 0.18043,
        "ndcg_at_10": 0.19874,
        "ndcg_at_20": 0.21887,
        "ndcg_at_100": 0.25096,
        "ndcg_at_1000": 0.27668,
        "map_at_1": 0.11,
        "map_at_3": 0.1525,
        "map_at_5": 0.1605,
        "map_at_10": 0.16835,
        "map_at_20": 0.17382,
        "map_at_100": 0.17809,
        "map_at_1000": 0.17893,
        "recall_at_1": 0.11,
        "recall_at_3": 0.205,
        "recall_at_5": 0.24,
        "recall_at_10": 0.295,
        "recall_at_20": 0.375,
        "recall_at_100": 0.55,
        "recall_at_1000": 0.76,
        "accuracy": 0.11,
        "precision_at_1": 0.11,
        "precision_at_3": 0.06833,
        "precision_at_5": 0.048,
        "precision_at_10": 0.0295,
        "precision_at_20": 0.01875,
        "precision_at_100": 0.0055,
        "precision_at_1000": 0.00076,
        "mrr_at_1": 0.11,
        "mrr_at_3": 0.1525,
        "mrr_at_5": 0.1605,
        "mrr_at_10": 0.168347,
        "mrr_at_20": 0.173821,
        "mrr_at_100": 0.178089,
        "mrr_at_1000": 0.178931,
        "nauc_ndcg_at_1_max": 0.404598,
        "nauc_ndcg_at_1_std": -0.006455,
        "nauc_ndcg_at_1_diff1": 0.56543,
        "nauc_ndcg_at_3_max": 0.271608,
        "nauc_ndcg_at_3_std": 0.007884,
        "nauc_ndcg_at_3_diff1": 0.360619,
        "nauc_ndcg_at_5_max": 0.32235,
        "nauc_ndcg_at_5_std": 0.062132,
        "nauc_ndcg_at_5_diff1": 0.328731,
        "nauc_ndcg_at_10_max": 0.319649,
        "nauc_ndcg_at_10_std": 0.0701,
        "nauc_ndcg_at_10_diff1": 0.304664,
        "nauc_ndcg_at_20_max": 0.329605,
        "nauc_ndcg_at_20_std": 0.095554,
        "nauc_ndcg_at_20_diff1": 0.293736,
        "nauc_ndcg_at_100_max": 0.33388,
        "nauc_ndcg_at_100_std": 0.114661,
        "nauc_ndcg_at_100_diff1": 0.305999,
        "nauc_ndcg_at_1000_max": 0.338113,
        "nauc_ndcg_at_1000_std": 0.106715,
        "nauc_ndcg_at_1000_diff1": 0.316183,
        "nauc_map_at_1_max": 0.404598,
        "nauc_map_at_1_std": -0.006455,
        "nauc_map_at_1_diff1": 0.56543,
        "nauc_map_at_3_max": 0.291611,
        "nauc_map_at_3_std": 0.00201,
        "nauc_map_at_3_diff1": 0.397193,
        "nauc_map_at_5_max": 0.321758,
        "nauc_map_at_5_std": 0.03461,
        "nauc_map_at_5_diff1": 0.37777,
        "nauc_map_at_10_max": 0.320156,
        "nauc_map_at_10_std": 0.038455,
        "nauc_map_at_10_diff1": 0.364826,
        "nauc_map_at_20_max": 0.323458,
        "nauc_map_at_20_std": 0.046221,
        "nauc_map_at_20_diff1": 0.361422,
        "nauc_map_at_100_max": 0.323445,
        "nauc_map_at_100_std": 0.048078,
        "nauc_map_at_100_diff1": 0.364542,
        "nauc_map_at_1000_max": 0.323758,
        "nauc_map_at_1000_std": 0.047865,
        "nauc_map_at_1000_diff1": 0.365095,
        "nauc_recall_at_1_max": 0.404598,
        "nauc_recall_at_1_std": -0.006455,
        "nauc_recall_at_1_diff1": 0.56543,
        "nauc_recall_at_3_max": 0.227258,
        "nauc_recall_at_3_std": 0.022472,
        "nauc_recall_at_3_diff1": 0.277103,
        "nauc_recall_at_5_max": 0.331012,
        "nauc_recall_at_5_std": 0.129928,
        "nauc_recall_at_5_diff1": 0.217514,
        "nauc_recall_at_10_max": 0.324964,
        "nauc_recall_at_10_std": 0.143809,
        "nauc_recall_at_10_diff1": 0.173813,
        "nauc_recall_at_20_max": 0.352894,
        "nauc_recall_at_20_std": 0.217294,
        "nauc_recall_at_20_diff1": 0.145566,
        "nauc_recall_at_100_max": 0.377856,
        "nauc_recall_at_100_std": 0.316197,
        "nauc_recall_at_100_diff1": 0.174928,
        "nauc_recall_at_1000_max": 0.424159,
        "nauc_recall_at_1000_std": 0.332288,
        "nauc_recall_at_1000_diff1": 0.190588,
        "nauc_precision_at_1_max": 0.404598,
        "nauc_precision_at_1_std": -0.006455,
        "nauc_precision_at_1_diff1": 0.56543,
        "nauc_precision_at_3_max": 0.227258,
        "nauc_precision_at_3_std": 0.022472,
        "nauc_precision_at_3_diff1": 0.277103,
        "nauc_precision_at_5_max": 0.331012,
        "nauc_precision_at_5_std": 0.129928,
        "nauc_precision_at_5_diff1": 0.217514,
        "nauc_precision_at_10_max": 0.324964,
        "nauc_precision_at_10_std": 0.143809,
        "nauc_precision_at_10_diff1": 0.173813,
        "nauc_precision_at_20_max": 0.352894,
        "nauc_precision_at_20_std": 0.217294,
        "nauc_precision_at_20_diff1": 0.145566,
        "nauc_precision_at_100_max": 0.377856,
        "nauc_precision_at_100_std": 0.316197,
        "nauc_precision_at_100_diff1": 0.174928,
        "nauc_precision_at_1000_max": 0.424159,
        "nauc_precision_at_1000_std": 0.332288,
        "nauc_precision_at_1000_diff1": 0.190588,
        "nauc_mrr_at_1_max": 0.404598,
        "nauc_mrr_at_1_std": -0.006455,
        "nauc_mrr_at_1_diff1": 0.56543,
        "nauc_mrr_at_3_max": 0.291611,
        "nauc_mrr_at_3_std": 0.00201,
        "nauc_mrr_at_3_diff1": 0.397193,
        "nauc_mrr_at_5_max": 0.321758,
        "nauc_mrr_at_5_std": 0.03461,
        "nauc_mrr_at_5_diff1": 0.37777,
        "nauc_mrr_at_10_max": 0.320156,
        "nauc_mrr_at_10_std": 0.038455,
        "nauc_mrr_at_10_diff1": 0.364826,
        "nauc_mrr_at_20_max": 0.323458,
        "nauc_mrr_at_20_std": 0.046221,
        "nauc_mrr_at_20_diff1": 0.361422,
        "nauc_mrr_at_100_max": 0.323445,
        "nauc_mrr_at_100_std": 0.048078,
        "nauc_mrr_at_100_diff1": 0.364542,
        "nauc_mrr_at_1000_max": 0.323758,
        "nauc_mrr_at_1000_std": 0.047865,
        "nauc_mrr_at_1000_diff1": 0.365095,
        "hit_rate_at_1": 0.11,
        "hit_rate_at_3": 0.205,
        "hit_rate_at_5": 0.24,
        "hit_rate_at_10": 0.295,
        "hit_rate_at_20": 0.375,
        "hit_rate_at_100": 0.55,
        "hit_rate_at_1000": 0.76,
        "main_score": 0.19874,
        "hf_subset": "de",
        "languages": [
          "deu-Latn"
        ],
        "mteb_version": "2.16.0"
      }
    ],
    "test": [
      {
        "ndcg_at_1": 0.14,
        "ndcg_at_3": 0.15696,
        "ndcg_at_5": 0.17116,
        "ndcg_at_10": 0.19475,
        "ndcg_at_20": 0.20855,
        "ndcg_at_100": 0.23564,
        "ndcg_at_1000": 0.2685,
        "map_at_1": 0.14,
        "map_at_3": 0.1525,
        "map_at_5": 0.16025,
        "map_at_10": 0.1696,
        "map_at_20": 0.17332,
        "map_at_100": 0.17746,
        "map_at_1000": 0.17849,
        "recall_at_1": 0.14,
        "recall_at_3": 0.17,
        "recall_at_5": 0.205,
        "recall_at_10": 0.28,
        "recall_at_20": 0.335,
        "recall_at_100": 0.475,
        "recall_at_1000": 0.745,
        "accuracy": 0.14,
        "precision_at_1": 0.14,
        "precision_at_3": 0.05667,
        "precision_at_5": 0.041,
        "precision_at_10": 0.028,
        "precision_at_20": 0.01675,
        "precision_at_100": 0.00475,
        "precision_at_1000": 0.00075,
        "mrr_at_1": 0.14,
        "mrr_at_3": 0.1525,
        "mrr_at_5": 0.16025,
        "mrr_at_10": 0.169595,
        "mrr_at_20": 0.173321,
        "mrr_at_100": 0.177457,
        "mrr_at_1000": 0.178486,
        "nauc_ndcg_at_1_max": 0.171062,
        "nauc_ndcg_at_1_std": -0.111598,
        "nauc_ndcg_at_1_diff1": 0.605255,
        "nauc_ndcg_at_3_max": 0.171783,
        "nauc_ndcg_at_3_std": -0.096173,
        "nauc_ndcg_at_3_diff1": 0.573657,
        "nauc_ndcg_at_5_max": 0.161473,
        "nauc_ndcg_at_5_std": -0.082214,
        "nauc_ndcg_at_5_diff1": 0.523519,
        "nauc_ndcg_at_10_max": 0.180085,
        "nauc_ndcg_at_10_std": -0.029602,
        "nauc_ndcg_at_10_diff1": 0.489649,
        "nauc_ndcg_at_20_max": 0.194887,
        "nauc_ndcg_at_20_std": -0.011144,
        "nauc_ndcg_at_20_diff1": 0.465384,
        "nauc_ndcg_at_100_max": 0.175551,
        "nauc_ndcg_at_100_std": -0.012681,