{
  "dataset_revision": "48327de6ee192e9610f3069789719788957c7abd",
  "task_name": "GerDaLIRSmall",
  "mteb_version": "2.16.0",
  "scores": {
    "test": [
      {
        "ndcg_at_1": 0.00188,
        "ndcg_at_3": 0.0025,
        "ndcg_at_5": 0.00286,
        "ndcg_at_10": 0.00328,
        "ndcg_at_20": 0.00404,
        "ndcg_at_100": 0.00651,
        "ndcg_at_1000": 0.02183,
        "map_at_1": 0.00144,
        "map_at_3": 0.00214,
        "map_at_5": 0.00234,
        "map_at_10": 0.00251,
        "map_at_20": 0.00271,
        "map_at_100": 0.00298,
        "map_at_1000": 0.00332,
        "recall_at_1": 0.00144,
        "recall_at_3": 0.00292,
        "recall_at_5": 0.00386,
        "recall_at_10": 0.00513,
        "recall_at_20": 0.00806,
        "recall_at_100": 0.02165,
        "recall_at_1000": 0.15119,
        "accuracy": 0.00144,
        "precision_at_1": 0.00188,
        "precision_at_3": 0.00125,
        "precision_at_5": 0.00095,
        "precision_at_10": 0.00061,
        "precision_at_20": 0.00048,
        "precision_at_100": 0.00026,
        "precision_at_1000": 0.00018,
        "mrr_at_1": 0.00188,
        "mrr_at_3": 0.002766,
        "mrr_at_5": 0.00297,
        "mrr_at_10": 0.003153,
        "mrr_at_20": 0.003388,
        "mrr_at_100": 0.003709,
        "mrr_at_1000": 0.004097,
        "nauc_ndcg_at_1_max": 0.091808,
        "nauc_ndcg_at_1_std": -0.165198,
        "nauc_ndcg_at_1_diff1": 0.07558,
        "nauc_ndcg_at_3_max": 0.086901,
        "nauc_ndcg_at_3_std": -0.119042,
        "nauc_ndcg_at_3_diff1": 0.007953,
        "nauc_ndcg_at_5_max": 0.062999,
        "nauc_ndcg_at_5_std": -0.116058,
        "nauc_ndcg_at_5_diff1": 0.025508,
        "nauc_ndcg_at_10_max": 0.053565,
        "nauc_ndcg_at_10_std": -0.118572,
        "nauc_ndcg_at_10_diff1": 0.001506,
        "nauc_ndcg_at_20_max": 0.045017,
        "nauc_ndcg_at_20_std": -0.136569,
        "nauc_ndcg_at_20_diff1": -0.012994,
        "nauc_ndcg_at_100_max": 0.029467,
        "nauc_ndcg_at_100_std": -0.135091,
        "nauc_ndcg_at_100_diff1": -0.013171,
        "nauc_ndcg_at_1000_max": -0.035248,
        "nauc_ndcg_at_1000_std": -0.092668,
        "nauc_ndcg_at_1000_diff1": 0.007262,
        "nauc_map_at_1_max": 0.133708,
        "nauc_map_at_1_std": -0.207268,
        "nauc_map_at_1_diff1": 0.061399,
        "nauc_map_at_3_max": 0.096635,
        "nauc_map_at_3_std": -0.135518,
        "nauc_map_at_3_diff1": 0.009544,
        "nauc_map_at_5_max": 0.079912,
        "nauc_map_at_5_std": -0.132748,
        "nauc_map_at_5_diff1": 0.021785,
        "nauc_map_at_10_max": 0.072437,
        "nauc_map_at_10_std": -0.131084,
        "nauc_map_at_10_diff1": 0.010208,
        "nauc_map_at_20_max": 0.069003,
        "nauc_map_at_20_std": -0.13709,
        "nauc_map_at_20_diff1": 0.00411,
        "nauc_map_at_100_max": 0.063277,
        "nauc_map_at_100_std": -0.133533,
        "nauc_map_at_100_diff1": 0.003088,
        "nauc_map_at_1000_max": 0.050951,
        "nauc_map_at_1000_std": -0.128654,
        "nauc_map_at_1000_diff1": 0.004328,
        "nauc_recall_at_1_max": 0.133708,
        "nauc_recall_at_1_std": -0.207268,
        "nauc_recall_at_1_diff1": 0.061399,
        "nauc_recall_at_3_max": 0.072761,
        "nauc_recall_at_3_std": -0.092129,
        "nauc_recall_at_3_diff1": -0.021978,
        "nauc_recall_at_5_max": 0.031957,
        "nauc_recall_at_5_std": -0.093158,
        "nauc_recall_at_5_diff1": 0.021523,
        "nauc_recall_at_10_max": 0.023646,
        "nauc_recall_at_10_std": -0.106047,
        "nauc_recall_at_10_diff1": -0.022825,
        "nauc_recall_at_20_max": 0.013482,
        "nauc_recall_at_20_std": -0.145736,
        "nauc_recall_at_20_diff1": -0.046576,
        "nauc_recall_at_100_max": 0.007256,
        "nauc_recall_at_100_std": -0.141421,
        "nauc_recall_at_100_diff1": -0.03038,
        "nauc_recall_at_1000_max": -0.055799,
        "nauc_recall_at_1000_std": -0.080959,
        "nauc_recall_at_1000_diff1": 0.010051,
        "nauc_precision_at_1_max": 0.091808,
        "nauc_precision_at_1_std": -0.165198,
        "nauc_precision_at_1_diff1": 0.07558,
        "nauc_precision_at_3_max": 0.07137,
        "nauc_precision_at_3_std": -0.089177,
        "nauc_precision_at_3_diff1": 0.010683,
        "nauc_precision_at_5_max": 0.046386,
        "nauc_precision_at_5_std": -0.093411,
        "nauc_precision_at_5_diff1": 0.04237,
        "nauc_precision_at_10_max": 0.038691,
        "nauc_precision_at_10_std": -0.110312,
        "nauc_precision_at_10_diff1": -0.009838,
        "nauc_precision_at_20_max": 0.029092,
        "nauc_precision_at_20_std": -0.147695,
        "nauc_precision_at_20_diff1": -0.023993,
        "nauc_precision_at_100_max": 0.014609,
        "nauc_precision_at_100_std": -0.15351,
        "nauc_precision_at_100_diff1": -0.008197,
        "nauc_precision_at_1000_max": -0.050919,
        "nauc_precision_at_1000_std": -0.082011,
        "nauc_precision_at_1000_diff1": 0.01196,
        "nauc_mrr_at_1_max": 0.091808,
        "nauc_mrr_at_1_std": -0.165198,
        "nauc_mrr_at_1_diff1": 0.07558,
        "nauc_mrr_at_3_max": 0.081058,
        "nauc_mrr_at_3_std": -0.118572,
        "nauc_mrr_at_3_diff1": 0.035211,
        "nauc_mrr_at_5_max": 0.071434,
        "nauc_mrr_at_5_std": -0.118324,
        "nauc_mrr_at_5_diff1": 0.043959,
        "nauc_mrr_at_10_max": 0.06592,
        "nauc_mrr_at_10_std": -0.119204,
        "nauc_mrr_at_10_diff1": 0.030617,
        "nauc_mrr_at_20_max": 0.063808,
        "nauc_mrr_at_20_std": -0.125781,
        "nauc_mrr_at_20_diff1": 0.025761,
        "nauc_mrr_at_100_max": 0.058143,
        "nauc_mrr_at_100_std": -0.124099,
        "nauc_mrr_at_100_diff1": 0.023272,
        "nauc_mrr_at_1000_max": 0.048224,
        "nauc_mrr_at_1000_std": -0.120565,
        "nauc_mrr_at_1000_diff1": 0.022676,
        "hit_rate_at_1": 0.00188,
        "hit_rate_at_3": 0.00376,
        "hit_rate_at_5": 0.00474,
        "hit_rate_at_10": 0.00613,
        "hit_rate_at_20": 0.00956,
        "hit_rate_at_100": 0.02558,
        "hit_rate_at_1000": 0.171,
        "main_score": 0.00328,
        "hf_subset": "default",
        "languages": [
          "deu-Latn"
        ],
        "mteb_version": "2.16.0"
      }
    ]
  },
  "evaluation_time": 247.78429051302373,
  "kg_co2_emissions": null,
  "date": 1782206951.469664,
  "evaluation_phases": [
    {
      "name": "Data loading",
      "start": 4.278495907783508e-06,
      "end": 7.665188802406192,
      "split": "",
      "subset": ""
    },
    {
      "name": "Dataset transform",
      "start": 7.665195867419243,
      "end": 7.665197258815169,
      "split": "",
      "subset": ""
    },
    {
      "name": "Encoding queries and documents",
      "start": 7.827059457078576,
      "end": 236.3450530320406,
      "split": "test",
      "subset": "default"
    },
    {
      "name": "Scoring",
      "start": 236.34507169947028,
      "end": 247.5943682268262,
      "split": "test",
      "subset": "default"
    }
  ]
}