{
  "dataset_revision": "f5c87ae5a2e7a5106606314eef45255f03151bb3",
  "task_name": "GermanQuAD-Retrieval",
  "mteb_version": "2.16.0",
  "scores": {
    "test": [
      {
        "ndcg_at_1": 0.02949,
        "ndcg_at_3": 0.04739,
        "ndcg_at_5": 0.05741,
        "ndcg_at_10": 0.07287,
        "ndcg_at_20": 0.08824,
        "ndcg_at_100": 0.13904,
        "ndcg_at_1000": 0.20623,
        "map_at_1": 0.02949,
        "map_at_3": 0.04265,
        "map_at_5": 0.04816,
        "map_at_10": 0.05441,
        "map_at_20": 0.0585,
        "map_at_100": 0.06487,
        "map_at_1000": 0.06745,
        "recall_at_1": 0.02949,
        "recall_at_3": 0.06125,
        "recall_at_5": 0.08575,
        "recall_at_10": 0.1343,
        "recall_at_20": 0.19601,
        "recall_at_100": 0.47958,
        "recall_at_1000": 1.0,
        "accuracy": 0.02949,
        "precision_at_1": 0.02949,
        "precision_at_3": 0.02042,
        "precision_at_5": 0.01715,
        "precision_at_10": 0.01343,
        "precision_at_20": 0.0098,
        "precision_at_100": 0.0048,
        "precision_at_1000": 0.001,
        "mrr_at_1": 0.029492,
        "mrr_at_3": 0.04265,
        "mrr_at_5": 0.048162,
        "mrr_at_10": 0.054406,
        "mrr_at_20": 0.058503,
        "mrr_at_100": 0.064867,
        "mrr_at_1000": 0.06745,
        "nauc_ndcg_at_1_max": 0.270656,
        "nauc_ndcg_at_1_std": 0.163853,
        "nauc_ndcg_at_1_diff1": 0.30173,
        "nauc_ndcg_at_3_max": 0.189349,
        "nauc_ndcg_at_3_std": 0.096449,
        "nauc_ndcg_at_3_diff1": 0.204566,
        "nauc_ndcg_at_5_max": 0.177155,
        "nauc_ndcg_at_5_std": 0.096541,
        "nauc_ndcg_at_5_diff1": 0.162212,
        "nauc_ndcg_at_10_max": 0.153671,
        "nauc_ndcg_at_10_std": 0.085432,
        "nauc_ndcg_at_10_diff1": 0.12548,
        "nauc_ndcg_at_20_max": 0.13991,
        "nauc_ndcg_at_20_std": 0.074671,
        "nauc_ndcg_at_20_diff1": 0.122827,
        "nauc_ndcg_at_100_max": 0.126008,
        "nauc_ndcg_at_100_std": 0.073646,
        "nauc_ndcg_at_100_diff1": 0.122765,
        "nauc_ndcg_at_1000_max": 0.146563,
        "nauc_ndcg_at_1000_std": 0.080958,
        "nauc_ndcg_at_1000_diff1": 0.137877,
        "nauc_map_at_1_max": 0.270656,
        "nauc_map_at_1_std": 0.163853,
        "nauc_map_at_1_diff1": 0.30173,
        "nauc_map_at_3_max": 0.203799,
        "nauc_map_at_3_std": 0.106821,
        "nauc_map_at_3_diff1": 0.223017,
        "nauc_map_at_5_max": 0.194562,
        "nauc_map_at_5_std": 0.106018,
        "nauc_map_at_5_diff1": 0.192652,
        "nauc_map_at_10_max": 0.179392,
        "nauc_map_at_10_std": 0.098942,
        "nauc_map_at_10_diff1": 0.170328,
        "nauc_map_at_20_max": 0.172757,
        "nauc_map_at_20_std": 0.093827,
        "nauc_map_at_20_diff1": 0.167628,
        "nauc_map_at_100_max": 0.168102,
        "nauc_map_at_100_std": 0.092046,
        "nauc_map_at_100_diff1": 0.165114,
        "nauc_map_at_1000_max": 0.169779,
        "nauc_map_at_1000_std": 0.092805,
        "nauc_map_at_1000_diff1": 0.166384,
        "nauc_recall_at_1_max": 0.270656,
        "nauc_recall_at_1_std": 0.163853,
        "nauc_recall_at_1_diff1": 0.30173,
        "nauc_recall_at_3_max": 0.160055,
        "nauc_recall_at_3_std": 0.075857,
        "nauc_recall_at_3_diff1": 0.166845,
        "nauc_recall_at_5_max": 0.147484,
        "nauc_recall_at_5_std": 0.081138,
        "nauc_recall_at_5_diff1": 0.10934,
        "nauc_recall_at_10_max": 0.117487,
        "nauc_recall_at_10_std": 0.066892,
        "nauc_recall_at_10_diff1": 0.060358,
        "nauc_recall_at_20_max": 0.100086,
        "nauc_recall_at_20_std": 0.051523,
        "nauc_recall_at_20_diff1": 0.070269,
        "nauc_recall_at_100_max": 0.079294,
        "nauc_recall_at_100_std": 0.058398,
        "nauc_recall_at_100_diff1": 0.086764,
        "nauc_recall_at_1000_max": NaN,
        "nauc_recall_at_1000_std": NaN,
        "nauc_recall_at_1000_diff1": NaN,
        "nauc_precision_at_1_max": 0.270656,
        "nauc_precision_at_1_std": 0.163853,
        "nauc_precision_at_1_diff1": 0.30173,
        "nauc_precision_at_3_max": 0.160055,
        "nauc_precision_at_3_std": 0.075857,
        "nauc_precision_at_3_diff1": 0.166845,
        "nauc_precision_at_5_max": 0.147484,
        "nauc_precision_at_5_std": 0.081138,
        "nauc_precision_at_5_diff1": 0.10934,
        "nauc_precision_at_10_max": 0.117487,
        "nauc_precision_at_10_std": 0.066892,
        "nauc_precision_at_10_diff1": 0.060358,
        "nauc_precision_at_20_max": 0.100086,
        "nauc_precision_at_20_std": 0.051523,
        "nauc_precision_at_20_diff1": 0.070269,
        "nauc_precision_at_100_max": 0.079294,
        "nauc_precision_at_100_std": 0.058398,
        "nauc_precision_at_100_diff1": 0.086764,
        "nauc_precision_at_1000_max": 1.0,
        "nauc_precision_at_1000_std": 1.0,
        "nauc_precision_at_1000_diff1": 1.0,
        "nauc_mrr_at_1_max": 0.270656,
        "nauc_mrr_at_1_std": 0.163853,
        "nauc_mrr_at_1_diff1": 0.30173,
        "nauc_mrr_at_3_max": 0.203799,
        "nauc_mrr_at_3_std": 0.106821,
        "nauc_mrr_at_3_diff1": 0.223017,
        "nauc_mrr_at_5_max": 0.194562,
        "nauc_mrr_at_5_std": 0.106018,
        "nauc_mrr_at_5_diff1": 0.192652,
        "nauc_mrr_at_10_max": 0.179392,
        "nauc_mrr_at_10_std": 0.098942,
        "nauc_mrr_at_10_diff1": 0.170328,
        "nauc_mrr_at_20_max": 0.172757,
        "nauc_mrr_at_20_std": 0.093827,
        "nauc_mrr_at_20_diff1": 0.167628,
        "nauc_mrr_at_100_max": 0.168102,
        "nauc_mrr_at_100_std": 0.092046,
        "nauc_mrr_at_100_diff1": 0.165114,
        "nauc_mrr_at_1000_max": 0.169779,
        "nauc_mrr_at_1000_std": 0.092805,
        "nauc_mrr_at_1000_diff1": 0.166384,
        "hit_rate_at_1": 0.02949,
        "hit_rate_at_3": 0.06125,
        "hit_rate_at_5": 0.08575,
        "hit_rate_at_10": 0.1343,
        "hit_rate_at_20": 0.19601,
        "hit_rate_at_100": 0.47958,
        "hit_rate_at_1000": 1.0,
        "main_score": 0.048162,
        "hf_subset": "default",
        "languages": [
          "deu-Latn"
        ],
        "mteb_version": "2.16.0"
      }
    ]
  },
  "evaluation_time": 14.205294270068407,
  "kg_co2_emissions": null,
  "date": 1782206703.678986,
  "evaluation_phases": [
    {
      "name": "Data loading",
      "start": 0.0,
      "end": 5.8488682601600885,
      "split": "",
      "subset": ""
    },
    {
      "name": "Encoding queries and documents",
      "start": 5.891123153269291,
      "end": 13.249439410865307,
      "split": "test",
      "subset": "default"
    },
    {
      "name": "Scoring",
      "start": 13.249460492283106,
      "end": 14.18366383574903,
      "split": "test",
      "subset": "default"
    }
  ]
}