{
  "dataset_revision": "d7d94fa4b946cec4a27c84653aa0cf6b33f74a3c",
  "task_name": "MIRACLRetrievalHardNegatives",
  "mteb_version": "2.16.0",
  "scores": {
    "dev": [
      {
        "ndcg_at_1": 0.00328,
        "ndcg_at_3": 0.00425,
        "ndcg_at_5": 0.00441,
        "ndcg_at_10": 0.00519,
        "ndcg_at_20": 0.00754,
        "ndcg_at_100": 0.02052,
        "ndcg_at_1000": 0.05816,
        "map_at_1": 0.00164,
        "map_at_3": 0.00279,
        "map_at_5": 0.00292,
        "map_at_10": 0.00313,
        "map_at_20": 0.00358,
        "map_at_100": 0.00483,
        "map_at_1000": 0.00599,
        "recall_at_1": 0.00164,
        "recall_at_3": 0.00393,
        "recall_at_5": 0.00459,
        "recall_at_10": 0.00596,
        "recall_at_20": 0.0124,
        "recall_at_100": 0.0714,
        "recall_at_1000": 0.30908,
        "accuracy": 0.00164,
        "precision_at_1": 0.00328,
        "precision_at_3": 0.00328,
        "precision_at_5": 0.00262,
        "precision_at_10": 0.00197,
        "precision_at_20": 0.00213,
        "precision_at_100": 0.00187,
        "precision_at_1000": 0.00085,
        "mrr_at_1": 0.003279,
        "mrr_at_3": 0.006557,
        "mrr_at_5": 0.007213,
        "mrr_at_10": 0.008228,
        "mrr_at_20": 0.009557,
        "mrr_at_100": 0.011814,
        "mrr_at_1000": 0.013062,
        "nauc_ndcg_at_1_max": -0.577361,
        "nauc_ndcg_at_1_std": 0.326229,
        "nauc_ndcg_at_1_diff1": -0.41712,
        "nauc_ndcg_at_3_max": -0.194537,
        "nauc_ndcg_at_3_std": 0.156416,
        "nauc_ndcg_at_3_diff1": -0.195246,
        "nauc_ndcg_at_5_max": -0.304778,
        "nauc_ndcg_at_5_std": 0.119848,
        "nauc_ndcg_at_5_diff1": -0.211628,
        "nauc_ndcg_at_10_max": -0.304361,
        "nauc_ndcg_at_10_std": 0.106874,
        "nauc_ndcg_at_10_diff1": -0.21896,
        "nauc_ndcg_at_20_max": -0.157667,
        "nauc_ndcg_at_20_std": 0.160335,
        "nauc_ndcg_at_20_diff1": -0.2008,
        "nauc_ndcg_at_100_max": 0.044358,
        "nauc_ndcg_at_100_std": 0.216922,
        "nauc_ndcg_at_100_diff1": -0.006621,
        "nauc_ndcg_at_1000_max": 0.176158,
        "nauc_ndcg_at_1000_std": 0.235466,
        "nauc_ndcg_at_1000_diff1": 0.063923,
        "nauc_map_at_1_max": -0.577361,
        "nauc_map_at_1_std": 0.326229,
        "nauc_map_at_1_diff1": -0.41712,
        "nauc_map_at_3_max": -0.369632,
        "nauc_map_at_3_std": 0.238776,
        "nauc_map_at_3_diff1": -0.198488,
        "nauc_map_at_5_max": -0.378968,
        "nauc_map_at_5_std": 0.202096,
        "nauc_map_at_5_diff1": -0.21213,
        "nauc_map_at_10_max": -0.373625,
        "nauc_map_at_10_std": 0.19154,
        "nauc_map_at_10_diff1": -0.215704,
        "nauc_map_at_20_max": -0.308714,
        "nauc_map_at_20_std": 0.197903,
        "nauc_map_at_20_diff1": -0.212406,
        "nauc_map_at_100_max": -0.175074,
        "nauc_map_at_100_std": 0.232383,
        "nauc_map_at_100_diff1": -0.126287,
        "nauc_map_at_1000_max": -0.119187,
        "nauc_map_at_1000_std": 0.236451,
        "nauc_map_at_1000_diff1": -0.096194,
        "nauc_recall_at_1_max": -0.577361,
        "nauc_recall_at_1_std": 0.326229,
        "nauc_recall_at_1_diff1": -0.41712,
        "nauc_recall_at_3_max": -0.283078,
        "nauc_recall_at_3_std": 0.202338,
        "nauc_recall_at_3_diff1": -0.107391,
        "nauc_recall_at_5_max": -0.325119,
        "nauc_recall_at_5_std": 0.090952,
        "nauc_recall_at_5_diff1": -0.163768,
        "nauc_recall_at_10_max": -0.317256,
        "nauc_recall_at_10_std": 0.085641,
        "nauc_recall_at_10_diff1": -0.190144,
        "nauc_recall_at_20_max": -0.10017,
        "nauc_recall_at_20_std": 0.145953,
        "nauc_recall_at_20_diff1": -0.185303,
        "nauc_recall_at_100_max": 0.090153,
        "nauc_recall_at_100_std": 0.224543,
        "nauc_recall_at_100_diff1": 0.045172,
        "nauc_recall_at_1000_max": 0.22988,
        "nauc_recall_at_1000_std": 0.233557,
        "nauc_recall_at_1000_diff1": 0.099057,
        "nauc_precision_at_1_max": -0.577361,
        "nauc_precision_at_1_std": 0.326229,
        "nauc_precision_at_1_diff1": -0.41712,
        "nauc_precision_at_3_max": -0.026463,
        "nauc_precision_at_3_std": 0.078446,
        "nauc_precision_at_3_diff1": -0.169337,
        "nauc_precision_at_5_max": -0.164187,
        "nauc_precision_at_5_std": -0.085506,
        "nauc_precision_at_5_diff1": -0.25251,
        "nauc_precision_at_10_max": -0.21342,
        "nauc_precision_at_10_std": -0.055942,
        "nauc_precision_at_10_diff1": -0.249734,
        "nauc_precision_at_20_max": 0.056377,
        "nauc_precision_at_20_std": 0.205689,
        "nauc_precision_at_20_diff1": -0.187157,
        "nauc_precision_at_100_max": 0.164747,
        "nauc_precision_at_100_std": 0.215185,
        "nauc_precision_at_100_diff1": 0.049487,
        "nauc_precision_at_1000_max": 0.21751,
        "nauc_precision_at_1000_std": 0.182275,
        "nauc_precision_at_1000_diff1": 0.090798,
        "nauc_mrr_at_1_max": -0.577361,
        "nauc_mrr_at_1_std": 0.326229,
        "nauc_mrr_at_1_diff1": -0.41712,
        "nauc_mrr_at_3_max": -0.164187,
        "nauc_mrr_at_3_std": 0.140392,
        "nauc_mrr_at_3_diff1": -0.231283,
        "nauc_mrr_at_5_max": -0.201749,
        "nauc_mrr_at_5_std": 0.075142,
        "nauc_mrr_at_5_diff1": -0.255896,
        "nauc_mrr_at_10_max": -0.216331,
        "nauc_mrr_at_10_std": 0.063202,
        "nauc_mrr_at_10_diff1": -0.25281,
        "nauc_mrr_at_20_max": -0.154376,
        "nauc_mrr_at_20_std": 0.099897,
        "nauc_mrr_at_20_diff1": -0.228638,
        "nauc_mrr_at_100_max": -0.079614,
        "nauc_mrr_at_100_std": 0.128475,
        "nauc_mrr_at_100_diff1": -0.162813,
        "nauc_mrr_at_1000_max": -0.060078,
        "nauc_mrr_at_1000_std": 0.133626,
        "nauc_mrr_at_1000_diff1": -0.147091,
        "hit_rate_at_1": 0.00328,
        "hit_rate_at_3": 0.00984,
        "hit_rate_at_5": 0.01311,
        "hit_rate_at_10": 0.01967,
        "hit_rate_at_20": 0.03934,
        "hit_rate_at_100": 0.1541,
        "hit_rate_at_1000": 0.48525,
        "main_score": 0.00519,
        "hf_subset": "de",
        "languages": [
          "deu-Latn"
        ],
        "mteb_version": "2.16.0"
      }
    ]
  },
  "evaluation_time": 251.3036251384765,
  "kg_co2_emissions": null,
  "date": 1782207202.78053,
  "evaluation_phases": [
    {
      "name": "Data loading",
      "start": 4.6174973249435425e-06,
      "end": 7.623160500079393,
      "split": "",
      "subset": ""
    },
    {
      "name": "Dataset transform",
      "start": 7.6231677159667015,
      "end": 7.623169099912047,
      "split": "",
      "subset": ""
    },
    {
      "name": "Encoding queries and documents",
      "start": 7.6287821829319,
      "end": 250.95319685153663,
      "split": "dev",
      "subset": "de"
    },
    {
      "name": "Scoring",
      "start": 250.9532164875418,
      "end": 251.29025346413255,
      "split": "dev",
      "subset": "de"
    }
  ]
}