{
  "dataset_revision": "48327de6ee192e9610f3069789719788957c7abd",
  "task_name": "GerDaLIRSmall",
  "mteb_version": "2.16.0",
  "scores": {
    "test": [
      {
        "ndcg_at_1": 0.04888,
        "ndcg_at_3": 0.06108,
        "ndcg_at_5": 0.06821,
        "ndcg_at_10": 0.07651,
        "ndcg_at_20": 0.08436,
        "ndcg_at_100": 0.10141,
        "ndcg_at_1000": 0.13058,
        "map_at_1": 0.04327,
        "map_at_3": 0.05559,
        "map_at_5": 0.05957,
        "map_at_10": 0.06297,
        "map_at_20": 0.0651,
        "map_at_100": 0.0673,
        "map_at_1000": 0.06817,
        "recall_at_1": 0.04327,
        "recall_at_3": 0.0707,
        "recall_at_5": 0.08754,
        "recall_at_10": 0.11255,
        "recall_at_20": 0.14265,
        "recall_at_100": 0.23433,
        "recall_at_1000": 0.47022,
        "accuracy": 0.04327,
        "precision_at_1": 0.04888,
        "precision_at_3": 0.02722,
        "precision_at_5": 0.0203,
        "precision_at_10": 0.01304,
        "precision_at_20": 0.00827,
        "precision_at_100": 0.00271,
        "precision_at_1000": 0.00055,
        "mrr_at_1": 0.04888,
        "mrr_at_3": 0.062067,
        "mrr_at_5": 0.066277,
        "mrr_at_10": 0.069804,
        "mrr_at_20": 0.072039,
        "mrr_at_100": 0.074261,
        "mrr_at_1000": 0.075106,
        "nauc_ndcg_at_1_max": 0.106283,
        "nauc_ndcg_at_1_std": 0.053812,
        "nauc_ndcg_at_1_diff1": 0.433762,
        "nauc_ndcg_at_3_max": 0.080544,
        "nauc_ndcg_at_3_std": 0.039644,
        "nauc_ndcg_at_3_diff1": 0.319093,
        "nauc_ndcg_at_5_max": 0.071241,
        "nauc_ndcg_at_5_std": 0.046795,
        "nauc_ndcg_at_5_diff1": 0.284407,
        "nauc_ndcg_at_10_max": 0.057121,
        "nauc_ndcg_at_10_std": 0.051805,
        "nauc_ndcg_at_10_diff1": 0.261804,
        "nauc_ndcg_at_20_max": 0.050647,
        "nauc_ndcg_at_20_std": 0.057712,
        "nauc_ndcg_at_20_diff1": 0.246785,
        "nauc_ndcg_at_100_max": 0.038234,
        "nauc_ndcg_at_100_std": 0.06986,
        "nauc_ndcg_at_100_diff1": 0.223633,
        "nauc_ndcg_at_1000_max": 0.0291,
        "nauc_ndcg_at_1000_std": 0.077039,
        "nauc_ndcg_at_1000_diff1": 0.215282,
        "nauc_map_at_1_max": 0.10801,
        "nauc_map_at_1_std": 0.043762,
        "nauc_map_at_1_diff1": 0.430327,
        "nauc_map_at_3_max": 0.085663,
        "nauc_map_at_3_std": 0.039326,
        "nauc_map_at_3_diff1": 0.340415,
        "nauc_map_at_5_max": 0.079717,
        "nauc_map_at_5_std": 0.043669,
        "nauc_map_at_5_diff1": 0.317777,
        "nauc_map_at_10_max": 0.072327,
        "nauc_map_at_10_std": 0.046033,
        "nauc_map_at_10_diff1": 0.305005,
        "nauc_map_at_20_max": 0.069972,
        "nauc_map_at_20_std": 0.048032,
        "nauc_map_at_20_diff1": 0.298776,
        "nauc_map_at_100_max": 0.067306,
        "nauc_map_at_100_std": 0.050326,
        "nauc_map_at_100_diff1": 0.293424,
        "nauc_map_at_1000_max": 0.066778,
        "nauc_map_at_1000_std": 0.050852,
        "nauc_map_at_1000_diff1": 0.292617,
        "nauc_recall_at_1_max": 0.10801,
        "nauc_recall_at_1_std": 0.043762,
        "nauc_recall_at_1_diff1": 0.430327,
        "nauc_recall_at_3_max": 0.067263,
        "nauc_recall_at_3_std": 0.035431,
        "nauc_recall_at_3_diff1": 0.269311,
        "nauc_recall_at_5_max": 0.052126,
        "nauc_recall_at_5_std": 0.050749,
        "nauc_recall_at_5_diff1": 0.214794,
        "nauc_recall_at_10_max": 0.02494,
        "nauc_recall_at_10_std": 0.059659,
        "nauc_recall_at_10_diff1": 0.174486,
        "nauc_recall_at_20_max": 0.014644,
        "nauc_recall_at_20_std": 0.072846,
        "nauc_recall_at_20_diff1": 0.152923,
        "nauc_recall_at_100_max": -0.009838,
        "nauc_recall_at_100_std": 0.099612,
        "nauc_recall_at_100_diff1": 0.113416,
        "nauc_recall_at_1000_max": -0.036609,
        "nauc_recall_at_1000_std": 0.116799,
        "nauc_recall_at_1000_diff1": 0.099584,
        "nauc_precision_at_1_max": 0.106283,
        "nauc_precision_at_1_std": 0.053812,
        "nauc_precision_at_1_diff1": 0.433762,
        "nauc_precision_at_3_max": 0.068519,
        "nauc_precision_at_3_std": 0.041367,
        "nauc_precision_at_3_diff1": 0.269376,
        "nauc_precision_at_5_max": 0.053816,
        "nauc_precision_at_5_std": 0.052769,
        "nauc_precision_at_5_diff1": 0.216292,
        "nauc_precision_at_10_max": 0.029644,
        "nauc_precision_at_10_std": 0.064902,
        "nauc_precision_at_10_diff1": 0.182836,
        "nauc_precision_at_20_max": 0.018157,
        "nauc_precision_at_20_std": 0.077177,
        "nauc_precision_at_20_diff1": 0.16021,
        "nauc_precision_at_100_max": -0.006103,
        "nauc_precision_at_100_std": 0.106817,
        "nauc_precision_at_100_diff1": 0.122761,
        "nauc_precision_at_1000_max": -0.029569,
        "nauc_precision_at_1000_std": 0.12505,
        "nauc_precision_at_1000_diff1": 0.104566,
        "nauc_mrr_at_1_max": 0.106283,
        "nauc_mrr_at_1_std": 0.053812,
        "nauc_mrr_at_1_diff1": 0.433762,
        "nauc_mrr_at_3_max": 0.087761,
        "nauc_mrr_at_3_std": 0.04595,
        "nauc_mrr_at_3_diff1": 0.342551,
        "nauc_mrr_at_5_max": 0.081003,
        "nauc_mrr_at_5_std": 0.049641,
        "nauc_mrr_at_5_diff1": 0.319431,
        "nauc_mrr_at_10_max": 0.074198,
        "nauc_mrr_at_10_std": 0.051539,
        "nauc_mrr_at_10_diff1": 0.308742,
        "nauc_mrr_at_20_max": 0.071406,
        "nauc_mrr_at_20_std": 0.053522,
        "nauc_mrr_at_20_diff1": 0.302773,
        "nauc_mrr_at_100_max": 0.069324,
        "nauc_mrr_at_100_std": 0.055444,
        "nauc_mrr_at_100_diff1": 0.297574,
        "nauc_mrr_at_1000_max": 0.068896,
        "nauc_mrr_at_1000_std": 0.055771,
        "nauc_mrr_at_1000_diff1": 0.296958,
        "hit_rate_at_1": 0.04888,
        "hit_rate_at_3": 0.07953,
        "hit_rate_at_5": 0.09801,
        "hit_rate_at_10": 0.1249,
        "hit_rate_at_20": 0.15743,
        "hit_rate_at_100": 0.25364,
        "hit_rate_at_1000": 0.49518,
        "main_score": 0.07651,
        "hf_subset": "default",
        "languages": [
          "deu-Latn"
        ],
        "mteb_version": "2.16.0"
      }
    ]
  },
  "evaluation_time": 187.3489389475435,
  "kg_co2_emissions": null,
  "date": 1782325449.079162,
  "evaluation_phases": [
    {
      "name": "Data loading",
      "start": 3.863126039505005e-06,
      "end": 8.705370275303721,
      "split": "",
      "subset": ""
    },
    {
      "name": "Dataset transform",
      "start": 8.705377331003547,
      "end": 8.70537868514657,
      "split": "",
      "subset": ""
    },
    {
      "name": "Encoding queries and documents",
      "start": 8.86725202202797,
      "end": 176.3537958804518,
      "split": "test",
      "subset": "default"
    },
    {
      "name": "Scoring",
      "start": 176.3538139667362,
      "end": 187.16062512248755,
      "split": "test",
      "subset": "default"
    }
  ]
}