{
  "dataset_revision": "f5c87ae5a2e7a5106606314eef45255f03151bb3",
  "task_name": "GermanQuAD-Retrieval",
  "mteb_version": "2.16.0",
  "scores": {
    "test": [
      {
        "ndcg_at_1": 0.83031,
        "ndcg_at_3": 0.89913,
        "ndcg_at_5": 0.90669,
        "ndcg_at_10": 0.91261,
        "ndcg_at_20": 0.91526,
        "ndcg_at_100": 0.91661,
        "ndcg_at_1000": 0.91686,
        "map_at_1": 0.83031,
        "map_at_3": 0.88339,
        "map_at_5": 0.88764,
        "map_at_10": 0.89011,
        "map_at_20": 0.89084,
        "map_at_100": 0.89103,
        "map_at_1000": 0.89104,
        "recall_at_1": 0.83031,
        "recall_at_3": 0.94419,
        "recall_at_5": 0.96234,
        "recall_at_10": 0.98049,
        "recall_at_20": 0.99093,
        "recall_at_100": 0.99819,
        "recall_at_1000": 1.0,
        "accuracy": 0.83031,
        "precision_at_1": 0.83031,
        "precision_at_3": 0.31473,
        "precision_at_5": 0.19247,
        "precision_at_10": 0.09805,
        "precision_at_20": 0.04955,
        "precision_at_100": 0.00998,
        "precision_at_1000": 0.001,
        "mrr_at_1": 0.830309,
        "mrr_at_3": 0.883394,
        "mrr_at_5": 0.887636,
        "mrr_at_10": 0.890108,
        "mrr_at_20": 0.89084,
        "mrr_at_100": 0.891031,
        "mrr_at_1000": 0.891043,
        "nauc_ndcg_at_1_max": 0.55831,
        "nauc_ndcg_at_1_std": -0.15666,
        "nauc_ndcg_at_1_diff1": 0.84846,
        "nauc_ndcg_at_3_max": 0.629085,
        "nauc_ndcg_at_3_std": -0.161533,
        "nauc_ndcg_at_3_diff1": 0.819854,
        "nauc_ndcg_at_5_max": 0.625886,
        "nauc_ndcg_at_5_std": -0.152179,
        "nauc_ndcg_at_5_diff1": 0.824044,
        "nauc_ndcg_at_10_max": 0.617919,
        "nauc_ndcg_at_10_std": -0.154947,
        "nauc_ndcg_at_10_diff1": 0.827741,
        "nauc_ndcg_at_20_max": 0.608815,
        "nauc_ndcg_at_20_std": -0.146772,
        "nauc_ndcg_at_20_diff1": 0.828146,
        "nauc_ndcg_at_100_max": 0.605525,
        "nauc_ndcg_at_100_std": -0.151983,
        "nauc_ndcg_at_100_diff1": 0.830999,
        "nauc_ndcg_at_1000_max": 0.604291,
        "nauc_ndcg_at_1000_std": -0.155481,
        "nauc_ndcg_at_1000_diff1": 0.830571,
        "nauc_map_at_1_max": 0.55831,
        "nauc_map_at_1_std": -0.15666,
        "nauc_map_at_1_diff1": 0.84846,
        "nauc_map_at_3_max": 0.605006,
        "nauc_map_at_3_std": -0.162843,
        "nauc_map_at_3_diff1": 0.827935,
        "nauc_map_at_5_max": 0.602693,
        "nauc_map_at_5_std": -0.159011,
        "nauc_map_at_5_diff1": 0.830162,
        "nauc_map_at_10_max": 0.599599,
        "nauc_map_at_10_std": -0.160641,
        "nauc_map_at_10_diff1": 0.831525,
        "nauc_map_at_20_max": 0.597526,
        "nauc_map_at_20_std": -0.158819,
        "nauc_map_at_20_diff1": 0.831645,
        "nauc_map_at_100_max": 0.597309,
        "nauc_map_at_100_std": -0.159203,
        "nauc_map_at_100_diff1": 0.832131,
        "nauc_map_at_1000_max": 0.597263,
        "nauc_map_at_1000_std": -0.159331,
        "nauc_map_at_1000_diff1": 0.832116,
        "nauc_recall_at_1_max": 0.55831,
        "nauc_recall_at_1_std": -0.15666,
        "nauc_recall_at_1_diff1": 0.84846,
        "nauc_recall_at_3_max": 0.768274,
        "nauc_recall_at_3_std": -0.151461,
        "nauc_recall_at_3_diff1": 0.774529,
        "nauc_recall_at_5_max": 0.815431,
        "nauc_recall_at_5_std": -0.087065,
        "nauc_recall_at_5_diff1": 0.777364,
        "nauc_recall_at_10_max": 0.883472,
        "nauc_recall_at_10_std": -0.047758,
        "nauc_recall_at_10_diff1": 0.783135,
        "nauc_recall_at_20_max": 0.866288,
        "nauc_recall_at_20_std": 0.355998,
        "nauc_recall_at_20_diff1": 0.74568,
        "nauc_recall_at_100_max": 1.0,
        "nauc_recall_at_100_std": 0.967327,
        "nauc_recall_at_100_diff1": 0.967327,
        "nauc_recall_at_1000_max": NaN,
        "nauc_recall_at_1000_std": NaN,
        "nauc_recall_at_1000_diff1": NaN,
        "nauc_precision_at_1_max": 0.55831,
        "nauc_precision_at_1_std": -0.15666,
        "nauc_precision_at_1_diff1": 0.84846,
        "nauc_precision_at_3_max": 0.768274,
        "nauc_precision_at_3_std": -0.151461,
        "nauc_precision_at_3_diff1": 0.774529,
        "nauc_precision_at_5_max": 0.815431,
        "nauc_precision_at_5_std": -0.087065,
        "nauc_precision_at_5_diff1": 0.777364,
        "nauc_precision_at_10_max": 0.883472,
        "nauc_precision_at_10_std": -0.047758,
        "nauc_precision_at_10_diff1": 0.783135,
        "nauc_precision_at_20_max": 0.866288,
        "nauc_precision_at_20_std": 0.355998,
        "nauc_precision_at_20_diff1": 0.74568,
        "nauc_precision_at_100_max": 1.0,
        "nauc_precision_at_100_std": 0.967327,
        "nauc_precision_at_100_diff1": 0.967327,
        "nauc_precision_at_1000_max": 1.0,
        "nauc_precision_at_1000_std": 1.0,
        "nauc_precision_at_1000_diff1": 1.0,
        "nauc_mrr_at_1_max": 0.55831,
        "nauc_mrr_at_1_std": -0.15666,
        "nauc_mrr_at_1_diff1": 0.84846,
        "nauc_mrr_at_3_max": 0.605006,
        "nauc_mrr_at_3_std": -0.162843,
        "nauc_mrr_at_3_diff1": 0.827935,
        "nauc_mrr_at_5_max": 0.602693,
        "nauc_mrr_at_5_std": -0.159011,
        "nauc_mrr_at_5_diff1": 0.830162,
        "nauc_mrr_at_10_max": 0.599599,
        "nauc_mrr_at_10_std": -0.160641,
        "nauc_mrr_at_10_diff1": 0.831525,
        "nauc_mrr_at_20_max": 0.597526,
        "nauc_mrr_at_20_std": -0.158819,
        "nauc_mrr_at_20_diff1": 0.831645,
        "nauc_mrr_at_100_max": 0.597309,
        "nauc_mrr_at_100_std": -0.159203,
        "nauc_mrr_at_100_diff1": 0.832131,
        "nauc_mrr_at_1000_max": 0.597263,
        "nauc_mrr_at_1000_std": -0.159331,
        "nauc_mrr_at_1000_diff1": 0.832116,
        "hit_rate_at_1": 0.83031,
        "hit_rate_at_3": 0.94419,
        "hit_rate_at_5": 0.96234,
        "hit_rate_at_10": 0.98049,
        "hit_rate_at_20": 0.99093,
        "hit_rate_at_100": 0.99819,
        "hit_rate_at_1000": 1.0,
        "main_score": 0.887636,
        "hf_subset": "default",
        "languages": [
          "deu-Latn"
        ],
        "mteb_version": "2.16.0"
      }
    ]
  },
  "evaluation_time": 14.569585289806128,
  "kg_co2_emissions": null,
  "date": 1782325261.724666,
  "evaluation_phases": [
    {
      "name": "Data loading",
      "start": 0.0,
      "end": 6.313462112098932,
      "split": "",
      "subset": ""
    },
    {
      "name": "Encoding queries and documents",
      "start": 6.3574219308793545,
      "end": 13.627579851076007,
      "split": "test",
      "subset": "default"
    },
    {
      "name": "Scoring",
      "start": 13.627601912245154,
      "end": 14.544684074819088,
      "split": "test",
      "subset": "default"
    }
  ]
}