{
  "dataset_revision": "d7d94fa4b946cec4a27c84653aa0cf6b33f74a3c",
  "task_name": "MIRACLRetrievalHardNegatives",
  "mteb_version": "2.16.0",
  "scores": {
    "dev": [
      {
        "ndcg_at_1": 0.31475,
        "ndcg_at_3": 0.28829,
        "ndcg_at_5": 0.32711,
        "ndcg_at_10": 0.38,
        "ndcg_at_20": 0.42191,
        "ndcg_at_100": 0.49523,
        "ndcg_at_1000": 0.50886,
        "map_at_1": 0.14941,
        "map_at_3": 0.2141,
        "map_at_5": 0.25086,
        "map_at_10": 0.28204,
        "map_at_20": 0.29801,
        "map_at_100": 0.31522,
        "map_at_1000": 0.31635,
        "recall_at_1": 0.14941,
        "recall_at_3": 0.25763,
        "recall_at_5": 0.36561,
        "recall_at_10": 0.49863,
        "recall_at_20": 0.622,
        "recall_at_100": 0.91577,
        "recall_at_1000": 0.99403,
        "accuracy": 0.14941,
        "precision_at_1": 0.31475,
        "precision_at_3": 0.20656,
        "precision_at_5": 0.1777,
        "precision_at_10": 0.12328,
        "precision_at_20": 0.07951,
        "precision_at_100": 0.02423,
        "precision_at_1000": 0.00263,
        "mrr_at_1": 0.314754,
        "mrr_at_3": 0.4,
        "mrr_at_5": 0.42459,
        "mrr_at_10": 0.440736,
        "mrr_at_20": 0.44787,
        "mrr_at_100": 0.451657,
        "mrr_at_1000": 0.45188,
        "nauc_ndcg_at_1_max": 0.166608,
        "nauc_ndcg_at_1_std": 0.099221,
        "nauc_ndcg_at_1_diff1": 0.107844,
        "nauc_ndcg_at_3_max": 0.144767,
        "nauc_ndcg_at_3_std": 0.033975,
        "nauc_ndcg_at_3_diff1": 0.094156,
        "nauc_ndcg_at_5_max": 0.143218,
        "nauc_ndcg_at_5_std": 0.002436,
        "nauc_ndcg_at_5_diff1": 0.096362,
        "nauc_ndcg_at_10_max": 0.165998,
        "nauc_ndcg_at_10_std": -0.001114,
        "nauc_ndcg_at_10_diff1": 0.07107,
        "nauc_ndcg_at_20_max": 0.164342,
        "nauc_ndcg_at_20_std": -0.004379,
        "nauc_ndcg_at_20_diff1": 0.060221,
        "nauc_ndcg_at_100_max": 0.189019,
        "nauc_ndcg_at_100_std": 0.03675,
        "nauc_ndcg_at_100_diff1": 0.068029,
        "nauc_ndcg_at_1000_max": 0.18985,
        "nauc_ndcg_at_1000_std": 0.035452,
        "nauc_ndcg_at_1000_diff1": 0.067071,
        "nauc_map_at_1_max": 0.083989,
        "nauc_map_at_1_std": 0.028192,
        "nauc_map_at_1_diff1": 0.146264,
        "nauc_map_at_3_max": 0.090008,
        "nauc_map_at_3_std": 0.003603,
        "nauc_map_at_3_diff1": 0.09894,
        "nauc_map_at_5_max": 0.112593,
        "nauc_map_at_5_std": -0.00853,
        "nauc_map_at_5_diff1": 0.098144,
        "nauc_map_at_10_max": 0.124774,
        "nauc_map_at_10_std": -0.015881,
        "nauc_map_at_10_diff1": 0.08329,
        "nauc_map_at_20_max": 0.128192,
        "nauc_map_at_20_std": -0.017157,
        "nauc_map_at_20_diff1": 0.07883,
        "nauc_map_at_100_max": 0.138114,
        "nauc_map_at_100_std": -0.006913,
        "nauc_map_at_100_diff1": 0.077088,
        "nauc_map_at_1000_max": 0.138453,
        "nauc_map_at_1000_std": -0.006709,
        "nauc_map_at_1000_diff1": 0.076887,
        "nauc_recall_at_1_max": 0.083989,
        "nauc_recall_at_1_std": 0.028192,
        "nauc_recall_at_1_diff1": 0.146264,
        "nauc_recall_at_3_max": 0.090849,
        "nauc_recall_at_3_std": -0.007039,
        "nauc_recall_at_3_diff1": 0.081939,
        "nauc_recall_at_5_max": 0.092814,
        "nauc_recall_at_5_std": -0.042258,
        "nauc_recall_at_5_diff1": 0.076381,
        "nauc_recall_at_10_max": 0.140745,
        "nauc_recall_at_10_std": -0.047266,
        "nauc_recall_at_10_diff1": 0.01383,
        "nauc_recall_at_20_max": 0.09989,
        "nauc_recall_at_20_std": -0.08468,
        "nauc_recall_at_20_diff1": -0.019695,
        "nauc_recall_at_100_max": 0.162726,
        "nauc_recall_at_100_std": 0.090315,
        "nauc_recall_at_100_diff1": 0.049726,
        "nauc_recall_at_1000_max": 0.625674,
        "nauc_recall_at_1000_std": 0.64257,
        "nauc_recall_at_1000_diff1": 0.300259,
        "nauc_precision_at_1_max": 0.166608,
        "nauc_precision_at_1_std": 0.099221,
        "nauc_precision_at_1_diff1": 0.107844,
        "nauc_precision_at_3_max": 0.204059,
        "nauc_precision_at_3_std": 0.058279,
        "nauc_precision_at_3_diff1": 0.039157,
        "nauc_precision_at_5_max": 0.230683,
        "nauc_precision_at_5_std": 0.01469,
        "nauc_precision_at_5_diff1": 0.041191,
        "nauc_precision_at_10_max": 0.245515,
        "nauc_precision_at_10_std": 0.008918,
        "nauc_precision_at_10_diff1": -0.004423,
        "nauc_precision_at_20_max": 0.247651,
        "nauc_precision_at_20_std": 0.030301,
        "nauc_precision_at_20_diff1": -0.035996,
        "nauc_precision_at_100_max": 0.259957,
        "nauc_precision_at_100_std": 0.165385,
        "nauc_precision_at_100_diff1": -0.055312,
        "nauc_precision_at_1000_max": 0.233994,
        "nauc_precision_at_1000_std": 0.142633,
        "nauc_precision_at_1000_diff1": -0.072581,
        "nauc_mrr_at_1_max": 0.166608,
        "nauc_mrr_at_1_std": 0.099221,
        "nauc_mrr_at_1_diff1": 0.107844,
        "nauc_mrr_at_3_max": 0.20258,
        "nauc_mrr_at_3_std": 0.098559,
        "nauc_mrr_at_3_diff1": 0.109354,
        "nauc_mrr_at_5_max": 0.195767,
        "nauc_mrr_at_5_std": 0.085233,
        "nauc_mrr_at_5_diff1": 0.101984,
        "nauc_mrr_at_10_max": 0.213904,
        "nauc_mrr_at_10_std": 0.090264,
        "nauc_mrr_at_10_diff1": 0.09408,
        "nauc_mrr_at_20_max": 0.208836,
        "nauc_mrr_at_20_std": 0.092522,
        "nauc_mrr_at_20_diff1": 0.09168,
        "nauc_mrr_at_100_max": 0.207335,
        "nauc_mrr_at_100_std": 0.091083,
        "nauc_mrr_at_100_diff1": 0.093806,
        "nauc_mrr_at_1000_max": 0.207295,
        "nauc_mrr_at_1000_std": 0.091138,
        "nauc_mrr_at_1000_diff1": 0.093822,
        "hit_rate_at_1": 0.31475,
        "hit_rate_at_3": 0.50492,
        "hit_rate_at_5": 0.61311,
        "hit_rate_at_10": 0.72459,
        "hit_rate_at_20": 0.82623,
        "hit_rate_at_100": 0.96393,
        "hit_rate_at_1000": 1.0,
        "main_score": 0.38,
        "hf_subset": "de",
        "languages": [
          "deu-Latn"
        ],
        "mteb_version": "2.16.0"
      }
    ]
  },
  "evaluation_time": 196.64364937320352,
  "kg_co2_emissions": null,
  "date": 1782325645.730236,
  "evaluation_phases": [
    {
      "name": "Data loading",
      "start": 4.088506102561951e-06,
      "end": 7.679880931973457,
      "split": "",
      "subset": ""
    },
    {
      "name": "Dataset transform",
      "start": 7.679890481755137,
      "end": 7.67989244684577,
      "split": "",
      "subset": ""
    },
    {
      "name": "Encoding queries and documents",
      "start": 7.686712892726064,
      "end": 196.30421601608396,
      "split": "dev",
      "subset": "de"
    },
    {
      "name": "Scoring",
      "start": 196.30423453636467,
      "end": 196.63009368814528,
      "split": "dev",
      "subset": "de"
    }
  ]
}