{
  "dataset_revision": "837028901907a7d419b4ab906f28e011ce1cc824",
  "task_name": "MultiLongDocRetrieval",
  "mteb_version": "2.16.0",
  "scores": {
    "dev": [
      {
        "ndcg_at_1": 0.17,
        "ndcg_at_3": 0.20405,
        "ndcg_at_5": 0.22018,
        "ndcg_at_10": 0.24494,
        "ndcg_at_20": 0.26555,
        "ndcg_at_100": 0.29029,
        "ndcg_at_1000": 0.31896,
        "map_at_1": 0.17,
        "map_at_3": 0.19667,
        "map_at_5": 0.20542,
        "map_at_10": 0.21593,
        "map_at_20": 0.22178,
        "map_at_100": 0.22506,
        "map_at_1000": 0.22599,
        "recall_at_1": 0.17,
        "recall_at_3": 0.225,
        "recall_at_5": 0.265,
        "recall_at_10": 0.34,
        "recall_at_20": 0.42,
        "recall_at_100": 0.555,
        "recall_at_1000": 0.79,
        "accuracy": 0.17,
        "precision_at_1": 0.17,
        "precision_at_3": 0.075,
        "precision_at_5": 0.053,
        "precision_at_10": 0.034,
        "precision_at_20": 0.021,
        "precision_at_100": 0.00555,
        "precision_at_1000": 0.00079,
        "mrr_at_1": 0.17,
        "mrr_at_3": 0.196667,
        "mrr_at_5": 0.205417,
        "mrr_at_10": 0.215933,
        "mrr_at_20": 0.221781,
        "mrr_at_100": 0.225058,
        "mrr_at_1000": 0.225992,
        "nauc_ndcg_at_1_max": 0.259713,
        "nauc_ndcg_at_1_std": -0.045738,
        "nauc_ndcg_at_1_diff1": 0.383973,
        "nauc_ndcg_at_3_max": 0.232706,
        "nauc_ndcg_at_3_std": -0.021576,
        "nauc_ndcg_at_3_diff1": 0.345333,
        "nauc_ndcg_at_5_max": 0.256185,
        "nauc_ndcg_at_5_std": 0.006751,
        "nauc_ndcg_at_5_diff1": 0.318936,
        "nauc_ndcg_at_10_max": 0.27836,
        "nauc_ndcg_at_10_std": 0.033952,
        "nauc_ndcg_at_10_diff1": 0.311524,
        "nauc_ndcg_at_20_max": 0.27574,
        "nauc_ndcg_at_20_std": 0.054288,
        "nauc_ndcg_at_20_diff1": 0.283042,
        "nauc_ndcg_at_100_max": 0.275883,
        "nauc_ndcg_at_100_std": 0.05617,
        "nauc_ndcg_at_100_diff1": 0.291635,
        "nauc_ndcg_at_1000_max": 0.279429,
        "nauc_ndcg_at_1000_std": 0.070438,
        "nauc_ndcg_at_1000_diff1": 0.298788,
        "nauc_map_at_1_max": 0.259713,
        "nauc_map_at_1_std": -0.045738,
        "nauc_map_at_1_diff1": 0.383973,
        "nauc_map_at_3_max": 0.239108,
        "nauc_map_at_3_std": -0.025359,
        "nauc_map_at_3_diff1": 0.351584,
        "nauc_map_at_5_max": 0.252878,
        "nauc_map_at_5_std": -0.009029,
        "nauc_map_at_5_diff1": 0.336903,
        "nauc_map_at_10_max": 0.263679,
        "nauc_map_at_10_std": 0.004363,
        "nauc_map_at_10_diff1": 0.333261,
        "nauc_map_at_20_max": 0.262471,
        "nauc_map_at_20_std": 0.010901,
        "nauc_map_at_20_diff1": 0.323569,
        "nauc_map_at_100_max": 0.262976,
        "nauc_map_at_100_std": 0.011124,
        "nauc_map_at_100_diff1": 0.324995,
        "nauc_map_at_1000_max": 0.263336,
        "nauc_map_at_1000_std": 0.012211,
        "nauc_map_at_1000_diff1": 0.325416,
        "nauc_recall_at_1_max": 0.259713,
        "nauc_recall_at_1_std": -0.045738,
        "nauc_recall_at_1_diff1": 0.383973,
        "nauc_recall_at_3_max": 0.215572,
        "nauc_recall_at_3_std": -0.012139,
        "nauc_recall_at_3_diff1": 0.329631,
        "nauc_recall_at_5_max": 0.266889,
        "nauc_recall_at_5_std": 0.049437,
        "nauc_recall_at_5_diff1": 0.270622,
        "nauc_recall_at_10_max": 0.320424,
        "nauc_recall_at_10_std": 0.112814,
        "nauc_recall_at_10_diff1": 0.255253,
        "nauc_recall_at_20_max": 0.31327,
        "nauc_recall_at_20_std": 0.175733,
        "nauc_recall_at_20_diff1": 0.169214,
        "nauc_recall_at_100_max": 0.310801,
        "nauc_recall_at_100_std": 0.196876,
        "nauc_recall_at_100_diff1": 0.198725,
        "nauc_recall_at_1000_max": 0.35273,
        "nauc_recall_at_1000_std": 0.403516,
        "nauc_recall_at_1000_diff1": 0.21467,
        "nauc_precision_at_1_max": 0.259713,
        "nauc_precision_at_1_std": -0.045738,
        "nauc_precision_at_1_diff1": 0.383973,
        "nauc_precision_at_3_max": 0.215572,
        "nauc_precision_at_3_std": -0.012139,
        "nauc_precision_at_3_diff1": 0.329631,
        "nauc_precision_at_5_max": 0.266889,
        "nauc_precision_at_5_std": 0.049437,
        "nauc_precision_at_5_diff1": 0.270622,
        "nauc_precision_at_10_max": 0.320424,
        "nauc_precision_at_10_std": 0.112814,
        "nauc_precision_at_10_diff1": 0.255253,
        "nauc_precision_at_20_max": 0.31327,
        "nauc_precision_at_20_std": 0.175733,
        "nauc_precision_at_20_diff1": 0.169214,
        "nauc_precision_at_100_max": 0.310801,
        "nauc_precision_at_100_std": 0.196876,
        "nauc_precision_at_100_diff1": 0.198725,
        "nauc_precision_at_1000_max": 0.35273,
        "nauc_precision_at_1000_std": 0.403516,
        "nauc_precision_at_1000_diff1": 0.21467,
        "nauc_mrr_at_1_max": 0.259713,
        "nauc_mrr_at_1_std": -0.045738,
        "nauc_mrr_at_1_diff1": 0.383973,
        "nauc_mrr_at_3_max": 0.239108,
        "nauc_mrr_at_3_std": -0.025359,
        "nauc_mrr_at_3_diff1": 0.351584,
        "nauc_mrr_at_5_max": 0.252878,
        "nauc_mrr_at_5_std": -0.009029,
        "nauc_mrr_at_5_diff1": 0.336903,
        "nauc_mrr_at_10_max": 0.263679,
        "nauc_mrr_at_10_std": 0.004363,
        "nauc_mrr_at_10_diff1": 0.333261,
        "nauc_mrr_at_20_max": 0.262471,
        "nauc_mrr_at_20_std": 0.010901,
        "nauc_mrr_at_20_diff1": 0.323569,
        "nauc_mrr_at_100_max": 0.262976,
        "nauc_mrr_at_100_std": 0.011124,
        "nauc_mrr_at_100_diff1": 0.324995,
        "nauc_mrr_at_1000_max": 0.263336,
        "nauc_mrr_at_1000_std": 0.012211,
        "nauc_mrr_at_1000_diff1": 0.325416,
        "hit_rate_at_1": 0.17,
        "hit_rate_at_3": 0.225,
        "hit_rate_at_5": 0.265,
        "hit_rate_at_10": 0.34,
        "hit_rate_at_20": 0.42,
        "hit_rate_at_100": 0.555,
        "hit_rate_at_1000": 0.79,
        "main_score": 0.24494,
        "hf_subset": "de",
        "languages": [
          "deu-Latn"
        ],
        "mteb_version": "2.16.0"
      }
    ],
    "test": [
      {
        "ndcg_at_1": 0.17,
        "ndcg_at_3": 0.22786,
        "ndcg_at_5": 0.23603,
        "ndcg_at_10": 0.25503,
        "ndcg_at_20": 0.274,
        "ndcg_at_100": 0.29845,
        "ndcg_at_1000": 0.33141,
        "map_at_1": 0.17,
        "map_at_3": 0.21333,
        "map_at_5": 0.21783,
        "map_at_10": 0.22546,
        "map_at_20": 0.23066,
        "map_at_100": 0.23375,
        "map_at_1000": 0.23471,
        "recall_at_1": 0.17,
        "recall_at_3": 0.27,
        "recall_at_5": 0.29,
        "recall_at_10": 0.35,
        "recall_at_20": 0.425,
        "recall_at_100": 0.56,
        "recall_at_1000": 0.835,
        "accuracy": 0.17,
        "precision_at_1": 0.17,
        "precision_at_3": 0.09,
        "precision_at_5": 0.058,
        "precision_at_10": 0.035,
        "precision_at_20": 0.02125,
        "precision_at_100": 0.0056,
        "precision_at_1000": 0.00084,
        "mrr_at_1": 0.17,
        "mrr_at_3": 0.213333,
        "mrr_at_5": 0.217833,
        "mrr_at_10": 0.225458,
        "mrr_at_20": 0.230658,
        "mrr_at_100": 0.233755,
        "mrr_at_1000": 0.234709,
        "nauc_ndcg_at_1_max": 0.137755,
        "nauc_ndcg_at_1_std": -0.011726,
        "nauc_ndcg_at_1_diff1": 0.501641,
        "nauc_ndcg_at_3_max": 0.163569,
        "nauc_ndcg_at_3_std": 0.052532,
        "nauc_ndcg_at_3_diff1": 0.394403,
        "nauc_ndcg_at_5_max": 0.147176,
        "nauc_ndcg_at_5_std": 0.041675,
        "nauc_ndcg_at_5_diff1": 0.389046,
        "nauc_ndcg_at_10_max": 0.144505,
        "nauc_ndcg_at_10_std": 0.077541,
        "nauc_ndcg_at_10_diff1": 0.363214,
        "nauc_ndcg_at_20_max": 0.159774,
        "nauc_ndcg_at_20_std": 0.101497,
        "nauc_ndcg_at_20_diff1": 0.367147,
        "nauc_ndcg_at_100_max": 0.149182,
        "nauc_ndcg_at_100_std": 0.09111,