{
  "dataset_revision": "48327de6ee192e9610f3069789719788957c7abd",
  "task_name": "GerDaLIRSmall",
  "mteb_version": "2.16.0",
  "scores": {
    "test": [
      {
        "ndcg_at_1": 0.11836,
        "ndcg_at_3": 0.14749,
        "ndcg_at_5": 0.16258,
        "ndcg_at_10": 0.18048,
        "ndcg_at_20": 0.19515,
        "ndcg_at_100": 0.22414,
        "ndcg_at_1000": 0.25442,
        "map_at_1": 0.10609,
        "map_at_3": 0.13544,
        "map_at_5": 0.144,
        "map_at_10": 0.15158,
        "map_at_20": 0.15569,
        "map_at_100": 0.15968,
        "map_at_1000": 0.16068,
        "recall_at_1": 0.10609,
        "recall_at_3": 0.17049,
        "recall_at_5": 0.2063,
        "recall_at_10": 0.25966,
        "recall_at_20": 0.31581,
        "recall_at_100": 0.46851,
        "recall_at_1000": 0.70942,
        "accuracy": 0.10609,
        "precision_at_1": 0.11836,
        "precision_at_3": 0.06438,
        "precision_at_5": 0.04702,
        "precision_at_10": 0.0298,
        "precision_at_20": 0.0182,
        "precision_at_100": 0.00546,
        "precision_at_1000": 0.00083,
        "mrr_at_1": 0.118359,
        "mrr_at_3": 0.147567,
        "mrr_at_5": 0.156166,
        "mrr_at_10": 0.163533,
        "mrr_at_20": 0.167525,
        "mrr_at_100": 0.171258,
        "mrr_at_1000": 0.172157,
        "nauc_ndcg_at_1_max": 0.254311,
        "nauc_ndcg_at_1_std": 0.022768,
        "nauc_ndcg_at_1_diff1": 0.415897,
        "nauc_ndcg_at_3_max": 0.22597,
        "nauc_ndcg_at_3_std": 0.033215,
        "nauc_ndcg_at_3_diff1": 0.336909,
        "nauc_ndcg_at_5_max": 0.21948,
        "nauc_ndcg_at_5_std": 0.038344,
        "nauc_ndcg_at_5_diff1": 0.31827,
        "nauc_ndcg_at_10_max": 0.215027,
        "nauc_ndcg_at_10_std": 0.052435,
        "nauc_ndcg_at_10_diff1": 0.304942,
        "nauc_ndcg_at_20_max": 0.210802,
        "nauc_ndcg_at_20_std": 0.061581,
        "nauc_ndcg_at_20_diff1": 0.295627,
        "nauc_ndcg_at_100_max": 0.207169,
        "nauc_ndcg_at_100_std": 0.086178,
        "nauc_ndcg_at_100_diff1": 0.289521,
        "nauc_ndcg_at_1000_max": 0.201108,
        "nauc_ndcg_at_1000_std": 0.092069,
        "nauc_ndcg_at_1000_diff1": 0.28881,
        "nauc_map_at_1_max": 0.244285,
        "nauc_map_at_1_std": 0.012678,
        "nauc_map_at_1_diff1": 0.40656,
        "nauc_map_at_3_max": 0.229492,
        "nauc_map_at_3_std": 0.027463,
        "nauc_map_at_3_diff1": 0.349253,
        "nauc_map_at_5_max": 0.225821,
        "nauc_map_at_5_std": 0.030917,
        "nauc_map_at_5_diff1": 0.337453,
        "nauc_map_at_10_max": 0.223989,
        "nauc_map_at_10_std": 0.037498,
        "nauc_map_at_10_diff1": 0.330964,
        "nauc_map_at_20_max": 0.222501,
        "nauc_map_at_20_std": 0.040483,
        "nauc_map_at_20_diff1": 0.32772,
        "nauc_map_at_100_max": 0.222024,
        "nauc_map_at_100_std": 0.04466,
        "nauc_map_at_100_diff1": 0.326477,
        "nauc_map_at_1000_max": 0.221851,
        "nauc_map_at_1000_std": 0.045024,
        "nauc_map_at_1000_diff1": 0.326469,
        "nauc_recall_at_1_max": 0.244285,
        "nauc_recall_at_1_std": 0.012678,
        "nauc_recall_at_1_diff1": 0.40656,
        "nauc_recall_at_3_max": 0.210671,
        "nauc_recall_at_3_std": 0.039436,
        "nauc_recall_at_3_diff1": 0.300682,
        "nauc_recall_at_5_max": 0.195829,
        "nauc_recall_at_5_std": 0.047594,
        "nauc_recall_at_5_diff1": 0.263652,
        "nauc_recall_at_10_max": 0.186799,
        "nauc_recall_at_10_std": 0.07907,
        "nauc_recall_at_10_diff1": 0.236924,
        "nauc_recall_at_20_max": 0.174341,
        "nauc_recall_at_20_std": 0.102017,
        "nauc_recall_at_20_diff1": 0.212243,
        "nauc_recall_at_100_max": 0.158584,
        "nauc_recall_at_100_std": 0.192422,
        "nauc_recall_at_100_diff1": 0.191093,
        "nauc_recall_at_1000_max": 0.093458,
        "nauc_recall_at_1000_std": 0.272587,
        "nauc_recall_at_1000_diff1": 0.147746,
        "nauc_precision_at_1_max": 0.254311,
        "nauc_precision_at_1_std": 0.022768,
        "nauc_precision_at_1_diff1": 0.415897,
        "nauc_precision_at_3_max": 0.222284,
        "nauc_precision_at_3_std": 0.05259,
        "nauc_precision_at_3_diff1": 0.299034,
        "nauc_precision_at_5_max": 0.211345,
        "nauc_precision_at_5_std": 0.06234,
        "nauc_precision_at_5_diff1": 0.264554,
        "nauc_precision_at_10_max": 0.198426,
        "nauc_precision_at_10_std": 0.095271,
        "nauc_precision_at_10_diff1": 0.233678,
        "nauc_precision_at_20_max": 0.186099,
        "nauc_precision_at_20_std": 0.120614,
        "nauc_precision_at_20_diff1": 0.208822,
        "nauc_precision_at_100_max": 0.164068,
        "nauc_precision_at_100_std": 0.206898,
        "nauc_precision_at_100_diff1": 0.174071,
        "nauc_precision_at_1000_max": 0.084739,
        "nauc_precision_at_1000_std": 0.230295,
        "nauc_precision_at_1000_diff1": 0.107681,
        "nauc_mrr_at_1_max": 0.254311,
        "nauc_mrr_at_1_std": 0.022768,
        "nauc_mrr_at_1_diff1": 0.415897,
        "nauc_mrr_at_3_max": 0.237657,
        "nauc_mrr_at_3_std": 0.037353,
        "nauc_mrr_at_3_diff1": 0.358709,
        "nauc_mrr_at_5_max": 0.232806,
        "nauc_mrr_at_5_std": 0.039812,
        "nauc_mrr_at_5_diff1": 0.346815,
        "nauc_mrr_at_10_max": 0.229887,
        "nauc_mrr_at_10_std": 0.045977,
        "nauc_mrr_at_10_diff1": 0.339958,
        "nauc_mrr_at_20_max": 0.22853,
        "nauc_mrr_at_20_std": 0.048562,
        "nauc_mrr_at_20_diff1": 0.336965,
        "nauc_mrr_at_100_max": 0.227923,
        "nauc_mrr_at_100_std": 0.051841,
        "nauc_mrr_at_100_diff1": 0.335987,
        "nauc_mrr_at_1000_max": 0.227747,
        "nauc_mrr_at_1000_std": 0.052032,
        "nauc_mrr_at_1000_diff1": 0.33605,
        "hit_rate_at_1": 0.11836,
        "hit_rate_at_3": 0.18588,
        "hit_rate_at_5": 0.2238,
        "hit_rate_at_10": 0.27898,
        "hit_rate_at_20": 0.33734,
        "hit_rate_at_100": 0.49207,
        "hit_rate_at_1000": 0.72903,
        "main_score": 0.18048,
        "hf_subset": "default",
        "languages": [
          "deu-Latn"
        ],
        "mteb_version": "2.16.0"
      }
    ]
  },
  "evaluation_time": 295.697122765705,
  "kg_co2_emissions": null,
  "date": 1782186093.050012,
  "evaluation_phases": [
    {
      "name": "Data loading",
      "start": 4.0996819734573364e-06,
      "end": 7.455591015517712,
      "split": "",
      "subset": ""
    },
    {
      "name": "Dataset transform",
      "start": 7.455598805099726,
      "end": 7.455600284039974,
      "split": "",
      "subset": ""
    },
    {
      "name": "Encoding queries and documents",
      "start": 7.6412912253290415,
      "end": 284.42661240696907,
      "split": "test",
      "subset": "default"
    },
    {
      "name": "Scoring",
      "start": 284.42663131840527,
      "end": 295.5038686078042,
      "split": "test",
      "subset": "default"
    }
  ]
}