{
  "dataset_revision": "f5c87ae5a2e7a5106606314eef45255f03151bb3",
  "task_name": "GermanQuAD-Retrieval",
  "mteb_version": "2.16.0",
  "scores": {
    "test": [
      {
        "ndcg_at_1": 0.8716,
        "ndcg_at_3": 0.91797,
        "ndcg_at_5": 0.92541,
        "ndcg_at_10": 0.92907,
        "ndcg_at_20": 0.93073,
        "ndcg_at_100": 0.93291,
        "ndcg_at_1000": 0.93322,
        "map_at_1": 0.8716,
        "map_at_3": 0.90684,
        "map_at_5": 0.91094,
        "map_at_10": 0.91245,
        "map_at_20": 0.91293,
        "map_at_100": 0.91323,
        "map_at_1000": 0.91325,
        "recall_at_1": 0.8716,
        "recall_at_3": 0.95009,
        "recall_at_5": 0.96824,
        "recall_at_10": 0.97958,
        "recall_at_20": 0.98593,
        "recall_at_100": 0.99773,
        "recall_at_1000": 1.0,
        "accuracy": 0.8716,
        "precision_at_1": 0.8716,
        "precision_at_3": 0.3167,
        "precision_at_5": 0.19365,
        "precision_at_10": 0.09796,
        "precision_at_20": 0.0493,
        "precision_at_100": 0.00998,
        "precision_at_1000": 0.001,
        "mrr_at_1": 0.871597,
        "mrr_at_3": 0.906836,
        "mrr_at_5": 0.910942,
        "mrr_at_10": 0.912446,
        "mrr_at_20": 0.912931,
        "mrr_at_100": 0.913231,
        "mrr_at_1000": 0.913245,
        "nauc_ndcg_at_1_max": 0.735463,
        "nauc_ndcg_at_1_std": 0.019649,
        "nauc_ndcg_at_1_diff1": 0.875361,
        "nauc_ndcg_at_3_max": 0.792528,
        "nauc_ndcg_at_3_std": 0.022719,
        "nauc_ndcg_at_3_diff1": 0.870226,
        "nauc_ndcg_at_5_max": 0.791021,
        "nauc_ndcg_at_5_std": 0.046311,
        "nauc_ndcg_at_5_diff1": 0.869591,
        "nauc_ndcg_at_10_max": 0.784414,
        "nauc_ndcg_at_10_std": 0.037975,
        "nauc_ndcg_at_10_diff1": 0.869893,
        "nauc_ndcg_at_20_max": 0.779855,
        "nauc_ndcg_at_20_std": 0.034681,
        "nauc_ndcg_at_20_diff1": 0.868395,
        "nauc_ndcg_at_100_max": 0.77519,
        "nauc_ndcg_at_100_std": 0.030598,
        "nauc_ndcg_at_100_diff1": 0.870605,
        "nauc_ndcg_at_1000_max": 0.774126,
        "nauc_ndcg_at_1000_std": 0.027994,
        "nauc_ndcg_at_1000_diff1": 0.870123,
        "nauc_map_at_1_max": 0.735463,
        "nauc_map_at_1_std": 0.019649,
        "nauc_map_at_1_diff1": 0.875361,
        "nauc_map_at_3_max": 0.774467,
        "nauc_map_at_3_std": 0.019256,
        "nauc_map_at_3_diff1": 0.871108,
        "nauc_map_at_5_max": 0.77301,
        "nauc_map_at_5_std": 0.029327,
        "nauc_map_at_5_diff1": 0.870873,
        "nauc_map_at_10_max": 0.770433,
        "nauc_map_at_10_std": 0.025892,
        "nauc_map_at_10_diff1": 0.870927,
        "nauc_map_at_20_max": 0.769293,
        "nauc_map_at_20_std": 0.025106,
        "nauc_map_at_20_diff1": 0.870596,
        "nauc_map_at_100_max": 0.768706,
        "nauc_map_at_100_std": 0.024405,
        "nauc_map_at_100_diff1": 0.870807,
        "nauc_map_at_1000_max": 0.768666,
        "nauc_map_at_1000_std": 0.024313,
        "nauc_map_at_1000_diff1": 0.870791,
        "nauc_recall_at_1_max": 0.735463,
        "nauc_recall_at_1_std": 0.019649,
        "nauc_recall_at_1_diff1": 0.875361,
        "nauc_recall_at_3_max": 0.887316,
        "nauc_recall_at_3_std": 0.042854,
        "nauc_recall_at_3_diff1": 0.866179,
        "nauc_recall_at_5_max": 0.931951,
        "nauc_recall_at_5_std": 0.195014,
        "nauc_recall_at_5_diff1": 0.860097,
        "nauc_recall_at_10_max": 0.941657,
        "nauc_recall_at_10_std": 0.197452,
        "nauc_recall_at_10_diff1": 0.859552,
        "nauc_recall_at_20_max": 0.928485,
        "nauc_recall_at_20_std": 0.206294,
        "nauc_recall_at_20_diff1": 0.826692,
        "nauc_recall_at_100_max": 1.0,
        "nauc_recall_at_100_std": 0.585087,
        "nauc_recall_at_100_diff1": 0.973861,
        "nauc_recall_at_1000_max": NaN,
        "nauc_recall_at_1000_std": NaN,
        "nauc_recall_at_1000_diff1": NaN,
        "nauc_precision_at_1_max": 0.735463,
        "nauc_precision_at_1_std": 0.019649,
        "nauc_precision_at_1_diff1": 0.875361,
        "nauc_precision_at_3_max": 0.887316,
        "nauc_precision_at_3_std": 0.042854,
        "nauc_precision_at_3_diff1": 0.866179,
        "nauc_precision_at_5_max": 0.931951,
        "nauc_precision_at_5_std": 0.195014,
        "nauc_precision_at_5_diff1": 0.860097,
        "nauc_precision_at_10_max": 0.941657,
        "nauc_precision_at_10_std": 0.197452,
        "nauc_precision_at_10_diff1": 0.859552,
        "nauc_precision_at_20_max": 0.928485,
        "nauc_precision_at_20_std": 0.206294,
        "nauc_precision_at_20_diff1": 0.826692,
        "nauc_precision_at_100_max": 1.0,
        "nauc_precision_at_100_std": 0.585087,
        "nauc_precision_at_100_diff1": 0.973861,
        "nauc_precision_at_1000_max": 1.0,
        "nauc_precision_at_1000_std": 1.0,
        "nauc_precision_at_1000_diff1": 1.0,
        "nauc_mrr_at_1_max": 0.735463,
        "nauc_mrr_at_1_std": 0.019649,
        "nauc_mrr_at_1_diff1": 0.875361,
        "nauc_mrr_at_3_max": 0.774467,
        "nauc_mrr_at_3_std": 0.019256,
        "nauc_mrr_at_3_diff1": 0.871108,
        "nauc_mrr_at_5_max": 0.77301,
        "nauc_mrr_at_5_std": 0.029327,
        "nauc_mrr_at_5_diff1": 0.870873,
        "nauc_mrr_at_10_max": 0.770433,
        "nauc_mrr_at_10_std": 0.025892,
        "nauc_mrr_at_10_diff1": 0.870927,
        "nauc_mrr_at_20_max": 0.769293,
        "nauc_mrr_at_20_std": 0.025106,
        "nauc_mrr_at_20_diff1": 0.870596,
        "nauc_mrr_at_100_max": 0.768706,
        "nauc_mrr_at_100_std": 0.024405,
        "nauc_mrr_at_100_diff1": 0.870807,
        "nauc_mrr_at_1000_max": 0.768666,
        "nauc_mrr_at_1000_std": 0.024313,
        "nauc_mrr_at_1000_diff1": 0.870791,
        "hit_rate_at_1": 0.8716,
        "hit_rate_at_3": 0.95009,
        "hit_rate_at_5": 0.96824,
        "hit_rate_at_10": 0.97958,
        "hit_rate_at_20": 0.98593,
        "hit_rate_at_100": 0.99773,
        "hit_rate_at_1000": 1.0,
        "main_score": 0.910942,
        "hf_subset": "default",
        "languages": [
          "deu-Latn"
        ],
        "mteb_version": "2.16.0"
      }
    ]
  },
  "evaluation_time": 17.10733281634748,
  "kg_co2_emissions": null,
  "date": 1782185797.347202,
  "evaluation_phases": [
    {
      "name": "Data loading",
      "start": 0.0,
      "end": 4.701484752818942,
      "split": "",
      "subset": ""
    },
    {
      "name": "Encoding queries and documents",
      "start": 4.740201523527503,
      "end": 16.023985216394067,
      "split": "test",
      "subset": "default"
    },
    {
      "name": "Scoring",
      "start": 16.024011751636863,
      "end": 17.084570307284594,
      "split": "test",
      "subset": "default"
    }
  ]
}