{
  "dataset_revision": "d7d94fa4b946cec4a27c84653aa0cf6b33f74a3c",
  "task_name": "MIRACLRetrievalHardNegatives",
  "mteb_version": "2.16.0",
  "scores": {
    "dev": [
      {
        "ndcg_at_1": 0.4918,
        "ndcg_at_3": 0.45868,
        "ndcg_at_5": 0.48682,
        "ndcg_at_10": 0.54079,
        "ndcg_at_20": 0.58577,
        "ndcg_at_100": 0.62851,
        "ndcg_at_1000": 0.63478,
        "map_at_1": 0.22502,
        "map_at_3": 0.34766,
        "map_at_5": 0.39348,
        "map_at_10": 0.43034,
        "map_at_20": 0.45082,
        "map_at_100": 0.46264,
        "map_at_1000": 0.46327,
        "recall_at_1": 0.22502,
        "recall_at_3": 0.41752,
        "recall_at_5": 0.52836,
        "recall_at_10": 0.66732,
        "recall_at_20": 0.79744,
        "recall_at_100": 0.95826,
        "recall_at_1000": 0.99356,
        "accuracy": 0.22502,
        "precision_at_1": 0.4918,
        "precision_at_3": 0.32787,
        "precision_at_5": 0.25508,
        "precision_at_10": 0.16525,
        "precision_at_20": 0.1018,
        "precision_at_100": 0.02538,
        "precision_at_1000": 0.00263,
        "mrr_at_1": 0.491803,
        "mrr_at_3": 0.580874,
        "mrr_at_5": 0.598743,
        "mrr_at_10": 0.612123,
        "mrr_at_20": 0.617006,
        "mrr_at_100": 0.618738,
        "mrr_at_1000": 0.618855,
        "nauc_ndcg_at_1_max": 0.464677,
        "nauc_ndcg_at_1_std": 0.086487,
        "nauc_ndcg_at_1_diff1": 0.396067,
        "nauc_ndcg_at_3_max": 0.447348,
        "nauc_ndcg_at_3_std": 0.034238,
        "nauc_ndcg_at_3_diff1": 0.246186,
        "nauc_ndcg_at_5_max": 0.418068,
        "nauc_ndcg_at_5_std": 0.013715,
        "nauc_ndcg_at_5_diff1": 0.255502,
        "nauc_ndcg_at_10_max": 0.427558,
        "nauc_ndcg_at_10_std": 0.008487,
        "nauc_ndcg_at_10_diff1": 0.254668,
        "nauc_ndcg_at_20_max": 0.453334,
        "nauc_ndcg_at_20_std": 0.040541,
        "nauc_ndcg_at_20_diff1": 0.253412,
        "nauc_ndcg_at_100_max": 0.466448,
        "nauc_ndcg_at_100_std": 0.074429,
        "nauc_ndcg_at_100_diff1": 0.267916,
        "nauc_ndcg_at_1000_max": 0.460881,
        "nauc_ndcg_at_1000_std": 0.068851,
        "nauc_ndcg_at_1000_diff1": 0.271007,
        "nauc_map_at_1_max": 0.175809,
        "nauc_map_at_1_std": -0.001512,
        "nauc_map_at_1_diff1": 0.344397,
        "nauc_map_at_3_max": 0.320412,
        "nauc_map_at_3_std": 0.001505,
        "nauc_map_at_3_diff1": 0.248902,
        "nauc_map_at_5_max": 0.347805,
        "nauc_map_at_5_std": -0.004056,
        "nauc_map_at_5_diff1": 0.251023,
        "nauc_map_at_10_max": 0.371384,
        "nauc_map_at_10_std": -0.008579,
        "nauc_map_at_10_diff1": 0.252968,
        "nauc_map_at_20_max": 0.387748,
        "nauc_map_at_20_std": 0.007394,
        "nauc_map_at_20_diff1": 0.2527,
        "nauc_map_at_100_max": 0.394233,
        "nauc_map_at_100_std": 0.017249,
        "nauc_map_at_100_diff1": 0.257898,
        "nauc_map_at_1000_max": 0.394065,
        "nauc_map_at_1000_std": 0.017197,
        "nauc_map_at_1000_diff1": 0.258045,
        "nauc_recall_at_1_max": 0.175809,
        "nauc_recall_at_1_std": -0.001512,
        "nauc_recall_at_1_diff1": 0.344397,
        "nauc_recall_at_3_max": 0.330374,
        "nauc_recall_at_3_std": 0.013105,
        "nauc_recall_at_3_diff1": 0.159014,
        "nauc_recall_at_5_max": 0.308502,
        "nauc_recall_at_5_std": -0.018741,
        "nauc_recall_at_5_diff1": 0.15475,
        "nauc_recall_at_10_max": 0.338117,
        "nauc_recall_at_10_std": -0.03919,
        "nauc_recall_at_10_diff1": 0.143004,
        "nauc_recall_at_20_max": 0.396741,
        "nauc_recall_at_20_std": 0.018769,
        "nauc_recall_at_20_diff1": 0.106263,
        "nauc_recall_at_100_max": 0.585809,
        "nauc_recall_at_100_std": 0.408148,
        "nauc_recall_at_100_diff1": 0.050167,
        "nauc_recall_at_1000_max": 0.623579,
        "nauc_recall_at_1000_std": 0.936296,
        "nauc_recall_at_1000_diff1": 0.018314,
        "nauc_precision_at_1_max": 0.464677,
        "nauc_precision_at_1_std": 0.086487,
        "nauc_precision_at_1_diff1": 0.396067,
        "nauc_precision_at_3_max": 0.507094,
        "nauc_precision_at_3_std": 0.052538,
        "nauc_precision_at_3_diff1": 0.119329,
        "nauc_precision_at_5_max": 0.456515,
        "nauc_precision_at_5_std": 0.038632,
        "nauc_precision_at_5_diff1": 0.079273,
        "nauc_precision_at_10_max": 0.414875,
        "nauc_precision_at_10_std": 0.033094,
        "nauc_precision_at_10_diff1": 0.039454,
        "nauc_precision_at_20_max": 0.399594,
        "nauc_precision_at_20_std": 0.12018,
        "nauc_precision_at_20_diff1": 0.004792,
        "nauc_precision_at_100_max": 0.31413,
        "nauc_precision_at_100_std": 0.19713,
        "nauc_precision_at_100_diff1": -0.014732,
        "nauc_precision_at_1000_max": 0.282212,
        "nauc_precision_at_1000_std": 0.183926,
        "nauc_precision_at_1000_diff1": -0.024188,
        "nauc_mrr_at_1_max": 0.464677,
        "nauc_mrr_at_1_std": 0.086487,
        "nauc_mrr_at_1_diff1": 0.396067,
        "nauc_mrr_at_3_max": 0.50941,
        "nauc_mrr_at_3_std": 0.085202,
        "nauc_mrr_at_3_diff1": 0.344426,
        "nauc_mrr_at_5_max": 0.502081,
        "nauc_mrr_at_5_std": 0.076741,
        "nauc_mrr_at_5_diff1": 0.344206,
        "nauc_mrr_at_10_max": 0.508476,
        "nauc_mrr_at_10_std": 0.084846,
        "nauc_mrr_at_10_diff1": 0.348813,
        "nauc_mrr_at_20_max": 0.506384,
        "nauc_mrr_at_20_std": 0.087152,
        "nauc_mrr_at_20_diff1": 0.348557,
        "nauc_mrr_at_100_max": 0.505423,
        "nauc_mrr_at_100_std": 0.087713,
        "nauc_mrr_at_100_diff1": 0.348909,
        "nauc_mrr_at_1000_max": 0.505303,
        "nauc_mrr_at_1000_std": 0.087529,
        "nauc_mrr_at_1000_diff1": 0.349054,
        "hit_rate_at_1": 0.4918,
        "hit_rate_at_3": 0.68852,
        "hit_rate_at_5": 0.76721,
        "hit_rate_at_10": 0.8623,
        "hit_rate_at_20": 0.92787,
        "hit_rate_at_100": 0.98361,
        "hit_rate_at_1000": 1.0,
        "main_score": 0.54079,
        "hf_subset": "de",
        "languages": [
          "deu-Latn"
        ],
        "mteb_version": "2.16.0"
      }
    ]
  },
  "evaluation_time": 388.5654520839453,
  "kg_co2_emissions": null,
  "date": 1782186481.623369,
  "evaluation_phases": [
    {
      "name": "Data loading",
      "start": 3.935769200325012e-06,
      "end": 6.928532978519797,
      "split": "",
      "subset": ""
    },
    {
      "name": "Dataset transform",
      "start": 6.928540520370007,
      "end": 6.928542420268059,
      "split": "",
      "subset": ""
    },
    {
      "name": "Encoding queries and documents",
      "start": 6.933731358498335,
      "end": 388.04371782019734,
      "split": "dev",
      "subset": "de"
    },
    {
      "name": "Scoring",
      "start": 388.0437338128686,
      "end": 388.54905731230974,
      "split": "dev",
      "subset": "de"
    }
  ]
}