{
  "dataset_revision": "837028901907a7d419b4ab906f28e011ce1cc824",
  "task_name": "MultiLongDocRetrieval",
  "mteb_version": "2.16.0",
  "scores": {
    "dev": [
      {
        "ndcg_at_1": 0.205,
        "ndcg_at_3": 0.24339,
        "ndcg_at_5": 0.25781,
        "ndcg_at_10": 0.27725,
        "ndcg_at_20": 0.28585,
        "ndcg_at_100": 0.3148,
        "ndcg_at_1000": 0.3442,
        "map_at_1": 0.205,
        "map_at_3": 0.23417,
        "map_at_5": 0.24217,
        "map_at_10": 0.25021,
        "map_at_20": 0.25244,
        "map_at_100": 0.25648,
        "map_at_1000": 0.25741,
        "recall_at_1": 0.205,
        "recall_at_3": 0.27,
        "recall_at_5": 0.305,
        "recall_at_10": 0.365,
        "recall_at_20": 0.4,
        "recall_at_100": 0.555,
        "recall_at_1000": 0.795,
        "accuracy": 0.205,
        "precision_at_1": 0.205,
        "precision_at_3": 0.09,
        "precision_at_5": 0.061,
        "precision_at_10": 0.0365,
        "precision_at_20": 0.02,
        "precision_at_100": 0.00555,
        "precision_at_1000": 0.0008,
        "mrr_at_1": 0.205,
        "mrr_at_3": 0.234167,
        "mrr_at_5": 0.242167,
        "mrr_at_10": 0.250206,
        "mrr_at_20": 0.252439,
        "mrr_at_100": 0.256483,
        "mrr_at_1000": 0.25741,
        "nauc_ndcg_at_1_max": 0.554198,
        "nauc_ndcg_at_1_std": 0.172808,
        "nauc_ndcg_at_1_diff1": 0.6145,
        "nauc_ndcg_at_3_max": 0.493117,
        "nauc_ndcg_at_3_std": 0.156138,
        "nauc_ndcg_at_3_diff1": 0.563507,
        "nauc_ndcg_at_5_max": 0.490373,
        "nauc_ndcg_at_5_std": 0.17701,
        "nauc_ndcg_at_5_diff1": 0.564191,
        "nauc_ndcg_at_10_max": 0.483869,
        "nauc_ndcg_at_10_std": 0.168942,
        "nauc_ndcg_at_10_diff1": 0.571802,
        "nauc_ndcg_at_20_max": 0.492378,
        "nauc_ndcg_at_20_std": 0.189747,
        "nauc_ndcg_at_20_diff1": 0.562489,
        "nauc_ndcg_at_100_max": 0.494213,
        "nauc_ndcg_at_100_std": 0.211422,
        "nauc_ndcg_at_100_diff1": 0.555448,
        "nauc_ndcg_at_1000_max": 0.485697,
        "nauc_ndcg_at_1000_std": 0.213358,
        "nauc_ndcg_at_1000_diff1": 0.553526,
        "nauc_map_at_1_max": 0.554198,
        "nauc_map_at_1_std": 0.172808,
        "nauc_map_at_1_diff1": 0.6145,
        "nauc_map_at_3_max": 0.505647,
        "nauc_map_at_3_std": 0.160336,
        "nauc_map_at_3_diff1": 0.574923,
        "nauc_map_at_5_max": 0.503855,
        "nauc_map_at_5_std": 0.172178,
        "nauc_map_at_5_diff1": 0.576033,
        "nauc_map_at_10_max": 0.500533,
        "nauc_map_at_10_std": 0.168386,
        "nauc_map_at_10_diff1": 0.578853,
        "nauc_map_at_20_max": 0.5031,
        "nauc_map_at_20_std": 0.17413,
        "nauc_map_at_20_diff1": 0.576095,
        "nauc_map_at_100_max": 0.502715,
        "nauc_map_at_100_std": 0.176745,
        "nauc_map_at_100_diff1": 0.575067,
        "nauc_map_at_1000_max": 0.502342,
        "nauc_map_at_1000_std": 0.176841,
        "nauc_map_at_1000_diff1": 0.57468,
        "nauc_recall_at_1_max": 0.554198,
        "nauc_recall_at_1_std": 0.172808,
        "nauc_recall_at_1_diff1": 0.6145,
        "nauc_recall_at_3_max": 0.459731,
        "nauc_recall_at_3_std": 0.144618,
        "nauc_recall_at_3_diff1": 0.532676,
        "nauc_recall_at_5_max": 0.455505,
        "nauc_recall_at_5_std": 0.19216,
        "nauc_recall_at_5_diff1": 0.53254,
        "nauc_recall_at_10_max": 0.440563,
        "nauc_recall_at_10_std": 0.170717,
        "nauc_recall_at_10_diff1": 0.556531,
        "nauc_recall_at_20_max": 0.47043,
        "nauc_recall_at_20_std": 0.245778,
        "nauc_recall_at_20_diff1": 0.524337,
        "nauc_recall_at_100_max": 0.486401,
        "nauc_recall_at_100_std": 0.370548,
        "nauc_recall_at_100_diff1": 0.483055,
        "nauc_recall_at_1000_max": 0.380597,
        "nauc_recall_at_1000_std": 0.500276,
        "nauc_recall_at_1000_diff1": 0.439769,
        "nauc_precision_at_1_max": 0.554198,
        "nauc_precision_at_1_std": 0.172808,
        "nauc_precision_at_1_diff1": 0.6145,
        "nauc_precision_at_3_max": 0.459731,
        "nauc_precision_at_3_std": 0.144618,
        "nauc_precision_at_3_diff1": 0.532676,
        "nauc_precision_at_5_max": 0.455505,
        "nauc_precision_at_5_std": 0.19216,
        "nauc_precision_at_5_diff1": 0.53254,
        "nauc_precision_at_10_max": 0.440563,
        "nauc_precision_at_10_std": 0.170717,
        "nauc_precision_at_10_diff1": 0.556531,
        "nauc_precision_at_20_max": 0.47043,
        "nauc_precision_at_20_std": 0.245778,
        "nauc_precision_at_20_diff1": 0.524337,
        "nauc_precision_at_100_max": 0.486401,
        "nauc_precision_at_100_std": 0.370548,
        "nauc_precision_at_100_diff1": 0.483055,
        "nauc_precision_at_1000_max": 0.380597,
        "nauc_precision_at_1000_std": 0.500276,
        "nauc_precision_at_1000_diff1": 0.439769,
        "nauc_mrr_at_1_max": 0.554198,
        "nauc_mrr_at_1_std": 0.172808,
        "nauc_mrr_at_1_diff1": 0.6145,
        "nauc_mrr_at_3_max": 0.505647,
        "nauc_mrr_at_3_std": 0.160336,
        "nauc_mrr_at_3_diff1": 0.574923,
        "nauc_mrr_at_5_max": 0.503855,
        "nauc_mrr_at_5_std": 0.172178,
        "nauc_mrr_at_5_diff1": 0.576033,
        "nauc_mrr_at_10_max": 0.500533,
        "nauc_mrr_at_10_std": 0.168386,
        "nauc_mrr_at_10_diff1": 0.578853,
        "nauc_mrr_at_20_max": 0.5031,
        "nauc_mrr_at_20_std": 0.17413,
        "nauc_mrr_at_20_diff1": 0.576095,
        "nauc_mrr_at_100_max": 0.502715,
        "nauc_mrr_at_100_std": 0.176745,
        "nauc_mrr_at_100_diff1": 0.575067,
        "nauc_mrr_at_1000_max": 0.502342,
        "nauc_mrr_at_1000_std": 0.176841,
        "nauc_mrr_at_1000_diff1": 0.57468,
        "hit_rate_at_1": 0.205,
        "hit_rate_at_3": 0.27,
        "hit_rate_at_5": 0.305,
        "hit_rate_at_10": 0.365,
        "hit_rate_at_20": 0.4,
        "hit_rate_at_100": 0.555,
        "hit_rate_at_1000": 0.795,
        "main_score": 0.27725,
        "hf_subset": "de",
        "languages": [
          "deu-Latn"
        ],
        "mteb_version": "2.16.0"
      }
    ],
    "test": [
      {
        "ndcg_at_1": 0.195,
        "ndcg_at_3": 0.23089,
        "ndcg_at_5": 0.25111,
        "ndcg_at_10": 0.267,
        "ndcg_at_20": 0.27845,
        "ndcg_at_100": 0.30338,
        "ndcg_at_1000": 0.33295,
        "map_at_1": 0.195,
        "map_at_3": 0.2225,
        "map_at_5": 0.2335,
        "map_at_10": 0.2399,
        "map_at_20": 0.24309,
        "map_at_100": 0.24651,
        "map_at_1000": 0.24739,
        "recall_at_1": 0.195,
        "recall_at_3": 0.255,
        "recall_at_5": 0.305,
        "recall_at_10": 0.355,
        "recall_at_20": 0.4,
        "recall_at_100": 0.535,
        "recall_at_1000": 0.78,
        "accuracy": 0.195,
        "precision_at_1": 0.195,
        "precision_at_3": 0.085,
        "precision_at_5": 0.061,
        "precision_at_10": 0.0355,
        "precision_at_20": 0.02,
        "precision_at_100": 0.00535,
        "precision_at_1000": 0.00078,
        "mrr_at_1": 0.195,
        "mrr_at_3": 0.2225,
        "mrr_at_5": 0.2335,
        "mrr_at_10": 0.239901,
        "mrr_at_20": 0.243088,
        "mrr_at_100": 0.246513,
        "mrr_at_1000": 0.247385,
        "nauc_ndcg_at_1_max": 0.488341,
        "nauc_ndcg_at_1_std": -0.063263,
        "nauc_ndcg_at_1_diff1": 0.639874,
        "nauc_ndcg_at_3_max": 0.459635,
        "nauc_ndcg_at_3_std": -0.040708,
        "nauc_ndcg_at_3_diff1": 0.600168,
        "nauc_ndcg_at_5_max": 0.437645,
        "nauc_ndcg_at_5_std": -0.047221,
        "nauc_ndcg_at_5_diff1": 0.583622,
        "nauc_ndcg_at_10_max": 0.437468,
        "nauc_ndcg_at_10_std": -0.026099,
        "nauc_ndcg_at_10_diff1": 0.56602,
        "nauc_ndcg_at_20_max": 0.432357,
        "nauc_ndcg_at_20_std": -0.007969,
        "nauc_ndcg_at_20_diff1": 0.54539,
        "nauc_ndcg_at_100_max": 0.426212,
        "nauc_ndcg_at_100_std": 0.016964,