{
  "dataset_revision": "48327de6ee192e9610f3069789719788957c7abd",
  "task_name": "GerDaLIRSmall",
  "mteb_version": "2.16.0",
  "scores": {
    "test": [
      {
        "ndcg_at_1": 0.05329,
        "ndcg_at_3": 0.06731,
        "ndcg_at_5": 0.07599,
        "ndcg_at_10": 0.08648,
        "ndcg_at_20": 0.09628,
        "ndcg_at_100": 0.11812,
        "ndcg_at_1000": 0.15116,
        "map_at_1": 0.04731,
        "map_at_3": 0.06119,
        "map_at_5": 0.06608,
        "map_at_10": 0.07033,
        "map_at_20": 0.07303,
        "map_at_100": 0.07587,
        "map_at_1000": 0.07688,
        "recall_at_1": 0.04731,
        "recall_at_3": 0.07824,
        "recall_at_5": 0.09879,
        "recall_at_10": 0.13017,
        "recall_at_20": 0.16775,
        "recall_at_100": 0.28464,
        "recall_at_1000": 0.55123,
        "accuracy": 0.04731,
        "precision_at_1": 0.05329,
        "precision_at_3": 0.03003,
        "precision_at_5": 0.02272,
        "precision_at_10": 0.01502,
        "precision_at_20": 0.00971,
        "precision_at_100": 0.0033,
        "precision_at_1000": 0.00064,
        "mrr_at_1": 0.053294,
        "mrr_at_3": 0.068171,
        "mrr_at_5": 0.073169,
        "mrr_at_10": 0.077817,
        "mrr_at_20": 0.080544,
        "mrr_at_100": 0.083388,
        "mrr_at_1000": 0.084341,
        "nauc_ndcg_at_1_max": 0.016336,
        "nauc_ndcg_at_1_std": 0.053306,
        "nauc_ndcg_at_1_diff1": 0.424675,
        "nauc_ndcg_at_3_max": 0.00101,
        "nauc_ndcg_at_3_std": 0.044876,
        "nauc_ndcg_at_3_diff1": 0.32621,
        "nauc_ndcg_at_5_max": -0.004661,
        "nauc_ndcg_at_5_std": 0.052783,
        "nauc_ndcg_at_5_diff1": 0.303126,
        "nauc_ndcg_at_10_max": -0.009435,
        "nauc_ndcg_at_10_std": 0.054346,
        "nauc_ndcg_at_10_diff1": 0.281027,
        "nauc_ndcg_at_20_max": -0.012186,
        "nauc_ndcg_at_20_std": 0.06035,
        "nauc_ndcg_at_20_diff1": 0.267462,
        "nauc_ndcg_at_100_max": -0.026282,
        "nauc_ndcg_at_100_std": 0.081578,
        "nauc_ndcg_at_100_diff1": 0.250347,
        "nauc_ndcg_at_1000_max": -0.034374,
        "nauc_ndcg_at_1000_std": 0.091281,
        "nauc_ndcg_at_1000_diff1": 0.243027,
        "nauc_map_at_1_max": 0.016691,
        "nauc_map_at_1_std": 0.039756,
        "nauc_map_at_1_diff1": 0.421706,
        "nauc_map_at_3_max": 0.002649,
        "nauc_map_at_3_std": 0.041657,
        "nauc_map_at_3_diff1": 0.345034,
        "nauc_map_at_5_max": -0.000628,
        "nauc_map_at_5_std": 0.04674,
        "nauc_map_at_5_diff1": 0.329659,
        "nauc_map_at_10_max": -0.002791,
        "nauc_map_at_10_std": 0.047802,
        "nauc_map_at_10_diff1": 0.318045,
        "nauc_map_at_20_max": -0.003973,
        "nauc_map_at_20_std": 0.050134,
        "nauc_map_at_20_diff1": 0.31235,
        "nauc_map_at_100_max": -0.006846,
        "nauc_map_at_100_std": 0.054296,
        "nauc_map_at_100_diff1": 0.308248,
        "nauc_map_at_1000_max": -0.007222,
        "nauc_map_at_1000_std": 0.054885,
        "nauc_map_at_1000_diff1": 0.307802,
        "nauc_recall_at_1_max": 0.016691,
        "nauc_recall_at_1_std": 0.039756,
        "nauc_recall_at_1_diff1": 0.421706,
        "nauc_recall_at_3_max": -0.00664,
        "nauc_recall_at_3_std": 0.046335,
        "nauc_recall_at_3_diff1": 0.28302,
        "nauc_recall_at_5_max": -0.015618,
        "nauc_recall_at_5_std": 0.060326,
        "nauc_recall_at_5_diff1": 0.245079,
        "nauc_recall_at_10_max": -0.023362,
        "nauc_recall_at_10_std": 0.060375,
        "nauc_recall_at_10_diff1": 0.206059,
        "nauc_recall_at_20_max": -0.026815,
        "nauc_recall_at_20_std": 0.07358,
        "nauc_recall_at_20_diff1": 0.187219,
        "nauc_recall_at_100_max": -0.060647,
        "nauc_recall_at_100_std": 0.124201,
        "nauc_recall_at_100_diff1": 0.159098,
        "nauc_recall_at_1000_max": -0.093637,
        "nauc_recall_at_1000_std": 0.157584,
        "nauc_recall_at_1000_diff1": 0.126017,
        "nauc_precision_at_1_max": 0.016336,
        "nauc_precision_at_1_std": 0.053306,
        "nauc_precision_at_1_diff1": 0.424675,
        "nauc_precision_at_3_max": -0.004759,
        "nauc_precision_at_3_std": 0.054154,
        "nauc_precision_at_3_diff1": 0.281376,
        "nauc_precision_at_5_max": -0.014376,
        "nauc_precision_at_5_std": 0.068763,
        "nauc_precision_at_5_diff1": 0.253636,
        "nauc_precision_at_10_max": -0.024133,
        "nauc_precision_at_10_std": 0.071636,
        "nauc_precision_at_10_diff1": 0.214765,
        "nauc_precision_at_20_max": -0.027179,
        "nauc_precision_at_20_std": 0.083061,
        "nauc_precision_at_20_diff1": 0.196261,
        "nauc_precision_at_100_max": -0.058042,
        "nauc_precision_at_100_std": 0.137644,
        "nauc_precision_at_100_diff1": 0.164276,
        "nauc_precision_at_1000_max": -0.080296,
        "nauc_precision_at_1000_std": 0.16772,
        "nauc_precision_at_1000_diff1": 0.122553,
        "nauc_mrr_at_1_max": 0.016336,
        "nauc_mrr_at_1_std": 0.053306,
        "nauc_mrr_at_1_diff1": 0.424675,
        "nauc_mrr_at_3_max": 0.007458,
        "nauc_mrr_at_3_std": 0.050392,
        "nauc_mrr_at_3_diff1": 0.347068,
        "nauc_mrr_at_5_max": 0.003099,
        "nauc_mrr_at_5_std": 0.05493,
        "nauc_mrr_at_5_diff1": 0.331759,
        "nauc_mrr_at_10_max": 0.000133,
        "nauc_mrr_at_10_std": 0.055981,
        "nauc_mrr_at_10_diff1": 0.319819,
        "nauc_mrr_at_20_max": -0.001392,
        "nauc_mrr_at_20_std": 0.057635,
        "nauc_mrr_at_20_diff1": 0.314414,
        "nauc_mrr_at_100_max": -0.003827,
        "nauc_mrr_at_100_std": 0.061114,
        "nauc_mrr_at_100_diff1": 0.310493,
        "nauc_mrr_at_1000_max": -0.004082,
        "nauc_mrr_at_1000_std": 0.061458,
        "nauc_mrr_at_1000_diff1": 0.310214,
        "hit_rate_at_1": 0.05329,
        "hit_rate_at_3": 0.08771,
        "hit_rate_at_5": 0.10953,
        "hit_rate_at_10": 0.1446,
        "hit_rate_at_20": 0.1844,
        "hit_rate_at_100": 0.30693,
        "hit_rate_at_1000": 0.57569,
        "main_score": 0.08648,
        "hf_subset": "default",
        "languages": [
          "deu-Latn"
        ],
        "mteb_version": "2.16.0"
      }
    ]
  },
  "evaluation_time": 186.21699500642717,
  "kg_co2_emissions": null,
  "date": 1782389362.054811,
  "evaluation_phases": [
    {
      "name": "Data loading",
      "start": 3.984197974205017e-06,
      "end": 7.5668064914643764,
      "split": "",
      "subset": ""
    },
    {
      "name": "Dataset transform",
      "start": 7.566813671961427,
      "end": 7.566815352067351,
      "split": "",
      "subset": ""
    },
    {
      "name": "Encoding queries and documents",
      "start": 7.739328419789672,
      "end": 175.64084807038307,
      "split": "test",
      "subset": "default"
    },
    {
      "name": "Scoring",
      "start": 175.64086757600307,
      "end": 186.03409514389932,
      "split": "test",
      "subset": "default"
    }
  ]
}