{
  "dataset_revision": "f5c87ae5a2e7a5106606314eef45255f03151bb3",
  "task_name": "GermanQuAD-Retrieval",
  "mteb_version": "2.16.0",
  "scores": {
    "test": [
      {
        "ndcg_at_1": 0.83258,
        "ndcg_at_3": 0.89726,
        "ndcg_at_5": 0.9057,
        "ndcg_at_10": 0.91149,
        "ndcg_at_20": 0.91388,
        "ndcg_at_100": 0.91599,
        "ndcg_at_1000": 0.91619,
        "map_at_1": 0.83258,
        "map_at_3": 0.88218,
        "map_at_5": 0.88699,
        "map_at_10": 0.88942,
        "map_at_20": 0.89007,
        "map_at_100": 0.89039,
        "map_at_1000": 0.8904,
        "recall_at_1": 0.83258,
        "recall_at_3": 0.94056,
        "recall_at_5": 0.96053,
        "recall_at_10": 0.97822,
        "recall_at_20": 0.98775,
        "recall_at_100": 0.99864,
        "recall_at_1000": 1.0,
        "accuracy": 0.83258,
        "precision_at_1": 0.83258,
        "precision_at_3": 0.31352,
        "precision_at_5": 0.19211,
        "precision_at_10": 0.09782,
        "precision_at_20": 0.04939,
        "precision_at_100": 0.00999,
        "precision_at_1000": 0.001,
        "mrr_at_1": 0.832577,
        "mrr_at_3": 0.882184,
        "mrr_at_5": 0.886993,
        "mrr_at_10": 0.889416,
        "mrr_at_20": 0.890069,
        "mrr_at_100": 0.890391,
        "mrr_at_1000": 0.890401,
        "nauc_ndcg_at_1_max": 0.577398,
        "nauc_ndcg_at_1_std": -0.281789,
        "nauc_ndcg_at_1_diff1": 0.842779,
        "nauc_ndcg_at_3_max": 0.621678,
        "nauc_ndcg_at_3_std": -0.310179,
        "nauc_ndcg_at_3_diff1": 0.811111,
        "nauc_ndcg_at_5_max": 0.638138,
        "nauc_ndcg_at_5_std": -0.2789,
        "nauc_ndcg_at_5_diff1": 0.817726,
        "nauc_ndcg_at_10_max": 0.631336,
        "nauc_ndcg_at_10_std": -0.284787,
        "nauc_ndcg_at_10_diff1": 0.825083,
        "nauc_ndcg_at_20_max": 0.625183,
        "nauc_ndcg_at_20_std": -0.281291,
        "nauc_ndcg_at_20_diff1": 0.826835,
        "nauc_ndcg_at_100_max": 0.61679,
        "nauc_ndcg_at_100_std": -0.283649,
        "nauc_ndcg_at_100_diff1": 0.825568,
        "nauc_ndcg_at_1000_max": 0.615869,
        "nauc_ndcg_at_1000_std": -0.286528,
        "nauc_ndcg_at_1000_diff1": 0.825255,
        "nauc_map_at_1_max": 0.577398,
        "nauc_map_at_1_std": -0.281789,
        "nauc_map_at_1_diff1": 0.842779,
        "nauc_map_at_3_max": 0.606913,
        "nauc_map_at_3_std": -0.302214,
        "nauc_map_at_3_diff1": 0.819983,
        "nauc_map_at_5_max": 0.61429,
        "nauc_map_at_5_std": -0.286798,
        "nauc_map_at_5_diff1": 0.823516,
        "nauc_map_at_10_max": 0.61155,
        "nauc_map_at_10_std": -0.289325,
        "nauc_map_at_10_diff1": 0.826022,
        "nauc_map_at_20_max": 0.610103,
        "nauc_map_at_20_std": -0.28871,
        "nauc_map_at_20_diff1": 0.82645,
        "nauc_map_at_100_max": 0.609089,
        "nauc_map_at_100_std": -0.28878,
        "nauc_map_at_100_diff1": 0.826287,
        "nauc_map_at_1000_max": 0.60905,
        "nauc_map_at_1000_std": -0.288901,
        "nauc_map_at_1000_diff1": 0.826274,
        "nauc_recall_at_1_max": 0.577398,
        "nauc_recall_at_1_std": -0.281789,
        "nauc_recall_at_1_diff1": 0.842779,
        "nauc_recall_at_3_max": 0.702833,
        "nauc_recall_at_3_std": -0.352761,
        "nauc_recall_at_3_diff1": 0.763689,
        "nauc_recall_at_5_max": 0.831799,
        "nauc_recall_at_5_std": -0.20499,
        "nauc_recall_at_5_diff1": 0.776038,
        "nauc_recall_at_10_max": 0.905324,
        "nauc_recall_at_10_std": -0.205727,
        "nauc_recall_at_10_diff1": 0.83283,
        "nauc_recall_at_20_max": 0.953839,
        "nauc_recall_at_20_std": -0.042892,
        "nauc_recall_at_20_diff1": 0.882869,
        "nauc_recall_at_100_max": 1.0,
        "nauc_recall_at_100_std": 0.912872,
        "nauc_recall_at_100_diff1": 0.956436,
        "nauc_recall_at_1000_max": NaN,
        "nauc_recall_at_1000_std": NaN,
        "nauc_recall_at_1000_diff1": NaN,
        "nauc_precision_at_1_max": 0.577398,
        "nauc_precision_at_1_std": -0.281789,
        "nauc_precision_at_1_diff1": 0.842779,
        "nauc_precision_at_3_max": 0.702833,
        "nauc_precision_at_3_std": -0.352761,
        "nauc_precision_at_3_diff1": 0.763689,
        "nauc_precision_at_5_max": 0.831799,
        "nauc_precision_at_5_std": -0.20499,
        "nauc_precision_at_5_diff1": 0.776038,
        "nauc_precision_at_10_max": 0.905324,
        "nauc_precision_at_10_std": -0.205727,
        "nauc_precision_at_10_diff1": 0.83283,
        "nauc_precision_at_20_max": 0.953839,
        "nauc_precision_at_20_std": -0.042892,
        "nauc_precision_at_20_diff1": 0.882869,
        "nauc_precision_at_100_max": 1.0,
        "nauc_precision_at_100_std": 0.912872,
        "nauc_precision_at_100_diff1": 0.956436,
        "nauc_precision_at_1000_max": 1.0,
        "nauc_precision_at_1000_std": 1.0,
        "nauc_precision_at_1000_diff1": 1.0,
        "nauc_mrr_at_1_max": 0.577398,
        "nauc_mrr_at_1_std": -0.281789,
        "nauc_mrr_at_1_diff1": 0.842779,
        "nauc_mrr_at_3_max": 0.606913,
        "nauc_mrr_at_3_std": -0.302214,
        "nauc_mrr_at_3_diff1": 0.819983,
        "nauc_mrr_at_5_max": 0.61429,
        "nauc_mrr_at_5_std": -0.286798,
        "nauc_mrr_at_5_diff1": 0.823516,
        "nauc_mrr_at_10_max": 0.61155,
        "nauc_mrr_at_10_std": -0.289325,
        "nauc_mrr_at_10_diff1": 0.826022,
        "nauc_mrr_at_20_max": 0.610103,
        "nauc_mrr_at_20_std": -0.28871,
        "nauc_mrr_at_20_diff1": 0.82645,
        "nauc_mrr_at_100_max": 0.609089,
        "nauc_mrr_at_100_std": -0.28878,
        "nauc_mrr_at_100_diff1": 0.826287,
        "nauc_mrr_at_1000_max": 0.60905,
        "nauc_mrr_at_1000_std": -0.288901,
        "nauc_mrr_at_1000_diff1": 0.826274,
        "hit_rate_at_1": 0.83258,
        "hit_rate_at_3": 0.94056,
        "hit_rate_at_5": 0.96053,
        "hit_rate_at_10": 0.97822,
        "hit_rate_at_20": 0.98775,
        "hit_rate_at_100": 0.99864,
        "hit_rate_at_1000": 1.0,
        "main_score": 0.886993,
        "hf_subset": "default",
        "languages": [
          "deu-Latn"
        ],
        "mteb_version": "2.16.0"
      }
    ]
  },
  "evaluation_time": 11.741616388782859,
  "kg_co2_emissions": null,
  "date": 1782389175.83223,
  "evaluation_phases": [
    {
      "name": "Data loading",
      "start": 0.0,
      "end": 5.1782196033746,
      "split": "",
      "subset": ""
    },
    {
      "name": "Encoding queries and documents",
      "start": 5.220444489270449,
      "end": 10.7962596565485,
      "split": "test",
      "subset": "default"
    },
    {
      "name": "Scoring",
      "start": 10.796283483505249,
      "end": 11.720617987215519,
      "split": "test",
      "subset": "default"
    }
  ]
}