{
  "dataset_revision": "d7d94fa4b946cec4a27c84653aa0cf6b33f74a3c",
  "task_name": "MIRACLRetrievalHardNegatives",
  "mteb_version": "2.16.0",
  "scores": {
    "dev": [
      {
        "ndcg_at_1": 0.3082,
        "ndcg_at_3": 0.30693,
        "ndcg_at_5": 0.33692,
        "ndcg_at_10": 0.38498,
        "ndcg_at_20": 0.42417,
        "ndcg_at_100": 0.49782,
        "ndcg_at_1000": 0.51121,
        "map_at_1": 0.14014,
        "map_at_3": 0.22427,
        "map_at_5": 0.25646,
        "map_at_10": 0.28537,
        "map_at_20": 0.30171,
        "map_at_100": 0.31816,
        "map_at_1000": 0.31939,
        "recall_at_1": 0.14014,
        "recall_at_3": 0.2887,
        "recall_at_5": 0.38311,
        "recall_at_10": 0.50425,
        "recall_at_20": 0.61782,
        "recall_at_100": 0.91901,
        "recall_at_1000": 0.99301,
        "accuracy": 0.14014,
        "precision_at_1": 0.3082,
        "precision_at_3": 0.22295,
        "precision_at_5": 0.18164,
        "precision_at_10": 0.12393,
        "precision_at_20": 0.07902,
        "precision_at_100": 0.02407,
        "precision_at_1000": 0.00263,
        "mrr_at_1": 0.308197,
        "mrr_at_3": 0.406011,
        "mrr_at_5": 0.430437,
        "mrr_at_10": 0.446148,
        "mrr_at_20": 0.450934,
        "mrr_at_100": 0.454823,
        "mrr_at_1000": 0.454958,
        "nauc_ndcg_at_1_max": 0.23281,
        "nauc_ndcg_at_1_std": 0.028886,
        "nauc_ndcg_at_1_diff1": 0.212833,
        "nauc_ndcg_at_3_max": 0.173164,
        "nauc_ndcg_at_3_std": 0.029686,
        "nauc_ndcg_at_3_diff1": 0.125854,
        "nauc_ndcg_at_5_max": 0.159451,
        "nauc_ndcg_at_5_std": 0.01083,
        "nauc_ndcg_at_5_diff1": 0.081782,
        "nauc_ndcg_at_10_max": 0.15759,
        "nauc_ndcg_at_10_std": 0.00828,
        "nauc_ndcg_at_10_diff1": 0.093295,
        "nauc_ndcg_at_20_max": 0.165111,
        "nauc_ndcg_at_20_std": 0.013442,
        "nauc_ndcg_at_20_diff1": 0.080866,
        "nauc_ndcg_at_100_max": 0.20214,
        "nauc_ndcg_at_100_std": 0.050797,
        "nauc_ndcg_at_100_diff1": 0.099287,
        "nauc_ndcg_at_1000_max": 0.204721,
        "nauc_ndcg_at_1000_std": 0.04455,
        "nauc_ndcg_at_1000_diff1": 0.108931,
        "nauc_map_at_1_max": 0.107538,
        "nauc_map_at_1_std": -0.011165,
        "nauc_map_at_1_diff1": 0.274877,
        "nauc_map_at_3_max": 0.111422,
        "nauc_map_at_3_std": 0.00173,
        "nauc_map_at_3_diff1": 0.158291,
        "nauc_map_at_5_max": 0.118886,
        "nauc_map_at_5_std": -0.01252,
        "nauc_map_at_5_diff1": 0.119199,
        "nauc_map_at_10_max": 0.129236,
        "nauc_map_at_10_std": -0.015754,
        "nauc_map_at_10_diff1": 0.116574,
        "nauc_map_at_20_max": 0.137251,
        "nauc_map_at_20_std": -0.009241,
        "nauc_map_at_20_diff1": 0.109808,
        "nauc_map_at_100_max": 0.150598,
        "nauc_map_at_100_std": 0.001286,
        "nauc_map_at_100_diff1": 0.114055,
        "nauc_map_at_1000_max": 0.150874,
        "nauc_map_at_1000_std": 0.000817,
        "nauc_map_at_1000_diff1": 0.114812,
        "nauc_recall_at_1_max": 0.107538,
        "nauc_recall_at_1_std": -0.011165,
        "nauc_recall_at_1_diff1": 0.274877,
        "nauc_recall_at_3_max": 0.079562,
        "nauc_recall_at_3_std": 0.015353,
        "nauc_recall_at_3_diff1": 0.090114,
        "nauc_recall_at_5_max": 0.06643,
        "nauc_recall_at_5_std": -0.00877,
        "nauc_recall_at_5_diff1": -0.008625,
        "nauc_recall_at_10_max": 0.070054,
        "nauc_recall_at_10_std": -0.012302,
        "nauc_recall_at_10_diff1": -0.000827,
        "nauc_recall_at_20_max": 0.060719,
        "nauc_recall_at_20_std": -0.02138,
        "nauc_recall_at_20_diff1": -0.039032,
        "nauc_recall_at_100_max": 0.109042,
        "nauc_recall_at_100_std": 0.176102,
        "nauc_recall_at_100_diff1": -0.096735,
        "nauc_recall_at_1000_max": 0.518565,
        "nauc_recall_at_1000_std": 0.612209,
        "nauc_recall_at_1000_diff1": 0.36536,
        "nauc_precision_at_1_max": 0.23281,
        "nauc_precision_at_1_std": 0.028886,
        "nauc_precision_at_1_diff1": 0.212833,
        "nauc_precision_at_3_max": 0.21227,
        "nauc_precision_at_3_std": 0.033905,
        "nauc_precision_at_3_diff1": 0.01824,
        "nauc_precision_at_5_max": 0.235192,
        "nauc_precision_at_5_std": 0.013313,
        "nauc_precision_at_5_diff1": -0.056044,
        "nauc_precision_at_10_max": 0.226429,
        "nauc_precision_at_10_std": 0.016745,
        "nauc_precision_at_10_diff1": -0.027648,
        "nauc_precision_at_20_max": 0.225879,
        "nauc_precision_at_20_std": 0.054267,
        "nauc_precision_at_20_diff1": -0.067955,
        "nauc_precision_at_100_max": 0.265712,
        "nauc_precision_at_100_std": 0.167574,
        "nauc_precision_at_100_diff1": -0.05313,
        "nauc_precision_at_1000_max": 0.239699,
        "nauc_precision_at_1000_std": 0.130418,
        "nauc_precision_at_1000_diff1": -0.041819,
        "nauc_mrr_at_1_max": 0.23281,
        "nauc_mrr_at_1_std": 0.028886,
        "nauc_mrr_at_1_diff1": 0.212833,
        "nauc_mrr_at_3_max": 0.252379,
        "nauc_mrr_at_3_std": 0.059826,
        "nauc_mrr_at_3_diff1": 0.148176,
        "nauc_mrr_at_5_max": 0.249906,
        "nauc_mrr_at_5_std": 0.064531,
        "nauc_mrr_at_5_diff1": 0.130631,
        "nauc_mrr_at_10_max": 0.250121,
        "nauc_mrr_at_10_std": 0.072692,
        "nauc_mrr_at_10_diff1": 0.134423,
        "nauc_mrr_at_20_max": 0.249582,
        "nauc_mrr_at_20_std": 0.070509,
        "nauc_mrr_at_20_diff1": 0.134215,
        "nauc_mrr_at_100_max": 0.250382,
        "nauc_mrr_at_100_std": 0.069881,
        "nauc_mrr_at_100_diff1": 0.136707,
        "nauc_mrr_at_1000_max": 0.250427,
        "nauc_mrr_at_1000_std": 0.069903,
        "nauc_mrr_at_1000_diff1": 0.136889,
        "hit_rate_at_1": 0.3082,
        "hit_rate_at_3": 0.52459,
        "hit_rate_at_5": 0.63279,
        "hit_rate_at_10": 0.75082,
        "hit_rate_at_20": 0.81967,
        "hit_rate_at_100": 0.97377,
        "hit_rate_at_1000": 1.0,
        "main_score": 0.38498,
        "hf_subset": "de",
        "languages": [
          "deu-Latn"
        ],
        "mteb_version": "2.16.0"
      }
    ]
  },
  "evaluation_time": 198.16207132674754,
  "kg_co2_emissions": null,
  "date": 1782389560.224652,
  "evaluation_phases": [
    {
      "name": "Data loading",
      "start": 4.5709311962127686e-06,
      "end": 7.45385860465467,
      "split": "",
      "subset": ""
    },
    {
      "name": "Dataset transform",
      "start": 7.453882081434131,
      "end": 7.453887151554227,
      "split": "",
      "subset": ""
    },
    {
      "name": "Encoding queries and documents",
      "start": 7.466594215482473,
      "end": 197.82051800377667,
      "split": "dev",
      "subset": "de"
    },
    {
      "name": "Scoring",
      "start": 197.82053666189313,
      "end": 198.14643260091543,
      "split": "dev",
      "subset": "de"
    }
  ]
}