{
  "dataset_revision": "837028901907a7d419b4ab906f28e011ce1cc824",
  "task_name": "MultiLongDocRetrieval",
  "mteb_version": "2.16.0",
  "scores": {
    "dev": [
      {
        "ndcg_at_1": 0.175,
        "ndcg_at_3": 0.21339,
        "ndcg_at_5": 0.23576,
        "ndcg_at_10": 0.25165,
        "ndcg_at_20": 0.26583,
        "ndcg_at_100": 0.29316,
        "ndcg_at_1000": 0.32254,
        "map_at_1": 0.175,
        "map_at_3": 0.20417,
        "map_at_5": 0.21642,
        "map_at_10": 0.22279,
        "map_at_20": 0.22684,
        "map_at_100": 0.23044,
        "map_at_1000": 0.23145,
        "recall_at_1": 0.175,
        "recall_at_3": 0.24,
        "recall_at_5": 0.295,
        "recall_at_10": 0.345,
        "recall_at_20": 0.4,
        "recall_at_100": 0.55,
        "recall_at_1000": 0.785,
        "accuracy": 0.175,
        "precision_at_1": 0.175,
        "precision_at_3": 0.08,
        "precision_at_5": 0.059,
        "precision_at_10": 0.0345,
        "precision_at_20": 0.02,
        "precision_at_100": 0.0055,
        "precision_at_1000": 0.00078,
        "mrr_at_1": 0.175,
        "mrr_at_3": 0.204167,
        "mrr_at_5": 0.216417,
        "mrr_at_10": 0.222794,
        "mrr_at_20": 0.22684,
        "mrr_at_100": 0.230436,
        "mrr_at_1000": 0.231451,
        "nauc_ndcg_at_1_max": 0.342947,
        "nauc_ndcg_at_1_std": 0.027316,
        "nauc_ndcg_at_1_diff1": 0.553427,
        "nauc_ndcg_at_3_max": 0.336029,
        "nauc_ndcg_at_3_std": 0.054597,
        "nauc_ndcg_at_3_diff1": 0.473657,
        "nauc_ndcg_at_5_max": 0.339603,
        "nauc_ndcg_at_5_std": 0.060062,
        "nauc_ndcg_at_5_diff1": 0.43459,
        "nauc_ndcg_at_10_max": 0.364131,
        "nauc_ndcg_at_10_std": 0.071523,
        "nauc_ndcg_at_10_diff1": 0.442557,
        "nauc_ndcg_at_20_max": 0.366912,
        "nauc_ndcg_at_20_std": 0.084833,
        "nauc_ndcg_at_20_diff1": 0.442286,
        "nauc_ndcg_at_100_max": 0.377255,
        "nauc_ndcg_at_100_std": 0.117572,
        "nauc_ndcg_at_100_diff1": 0.425788,
        "nauc_ndcg_at_1000_max": 0.372698,
        "nauc_ndcg_at_1000_std": 0.126044,
        "nauc_ndcg_at_1000_diff1": 0.415403,
        "nauc_map_at_1_max": 0.342947,
        "nauc_map_at_1_std": 0.027316,
        "nauc_map_at_1_diff1": 0.553427,
        "nauc_map_at_3_max": 0.338655,
        "nauc_map_at_3_std": 0.046986,
        "nauc_map_at_3_diff1": 0.493181,
        "nauc_map_at_5_max": 0.341272,
        "nauc_map_at_5_std": 0.05099,
        "nauc_map_at_5_diff1": 0.471212,
        "nauc_map_at_10_max": 0.351172,
        "nauc_map_at_10_std": 0.055994,
        "nauc_map_at_10_diff1": 0.473408,
        "nauc_map_at_20_max": 0.352005,
        "nauc_map_at_20_std": 0.060246,
        "nauc_map_at_20_diff1": 0.473032,
        "nauc_map_at_100_max": 0.354394,
        "nauc_map_at_100_std": 0.066095,
        "nauc_map_at_100_diff1": 0.471203,
        "nauc_map_at_1000_max": 0.35434,
        "nauc_map_at_1000_std": 0.066534,
        "nauc_map_at_1000_diff1": 0.470611,
        "nauc_recall_at_1_max": 0.342947,
        "nauc_recall_at_1_std": 0.027316,
        "nauc_recall_at_1_diff1": 0.553427,
        "nauc_recall_at_3_max": 0.328705,
        "nauc_recall_at_3_std": 0.075216,
        "nauc_recall_at_3_diff1": 0.421579,
        "nauc_recall_at_5_max": 0.334923,
        "nauc_recall_at_5_std": 0.082806,
        "nauc_recall_at_5_diff1": 0.338213,
        "nauc_recall_at_10_max": 0.404202,
        "nauc_recall_at_10_std": 0.112878,
        "nauc_recall_at_10_diff1": 0.367446,
        "nauc_recall_at_20_max": 0.412732,
        "nauc_recall_at_20_std": 0.154815,
        "nauc_recall_at_20_diff1": 0.369793,
        "nauc_recall_at_100_max": 0.456582,
        "nauc_recall_at_100_std": 0.30686,
        "nauc_recall_at_100_diff1": 0.275616,
        "nauc_recall_at_1000_max": 0.443574,
        "nauc_recall_at_1000_std": 0.509921,
        "nauc_recall_at_1000_diff1": 0.076498,
        "nauc_precision_at_1_max": 0.342947,
        "nauc_precision_at_1_std": 0.027316,
        "nauc_precision_at_1_diff1": 0.553427,
        "nauc_precision_at_3_max": 0.328705,
        "nauc_precision_at_3_std": 0.075216,
        "nauc_precision_at_3_diff1": 0.421579,
        "nauc_precision_at_5_max": 0.334923,
        "nauc_precision_at_5_std": 0.082806,
        "nauc_precision_at_5_diff1": 0.338213,
        "nauc_precision_at_10_max": 0.404202,
        "nauc_precision_at_10_std": 0.112878,
        "nauc_precision_at_10_diff1": 0.367446,
        "nauc_precision_at_20_max": 0.412732,
        "nauc_precision_at_20_std": 0.154815,
        "nauc_precision_at_20_diff1": 0.369793,
        "nauc_precision_at_100_max": 0.456582,
        "nauc_precision_at_100_std": 0.30686,
        "nauc_precision_at_100_diff1": 0.275616,
        "nauc_precision_at_1000_max": 0.443574,
        "nauc_precision_at_1000_std": 0.509921,
        "nauc_precision_at_1000_diff1": 0.076498,
        "nauc_mrr_at_1_max": 0.342947,
        "nauc_mrr_at_1_std": 0.027316,
        "nauc_mrr_at_1_diff1": 0.553427,
        "nauc_mrr_at_3_max": 0.338655,
        "nauc_mrr_at_3_std": 0.046986,
        "nauc_mrr_at_3_diff1": 0.493181,
        "nauc_mrr_at_5_max": 0.341272,
        "nauc_mrr_at_5_std": 0.05099,
        "nauc_mrr_at_5_diff1": 0.471212,
        "nauc_mrr_at_10_max": 0.351172,
        "nauc_mrr_at_10_std": 0.055994,
        "nauc_mrr_at_10_diff1": 0.473408,
        "nauc_mrr_at_20_max": 0.352005,
        "nauc_mrr_at_20_std": 0.060246,
        "nauc_mrr_at_20_diff1": 0.473032,
        "nauc_mrr_at_100_max": 0.354394,
        "nauc_mrr_at_100_std": 0.066095,
        "nauc_mrr_at_100_diff1": 0.471203,
        "nauc_mrr_at_1000_max": 0.35434,
        "nauc_mrr_at_1000_std": 0.066534,
        "nauc_mrr_at_1000_diff1": 0.470611,
        "hit_rate_at_1": 0.175,
        "hit_rate_at_3": 0.24,
        "hit_rate_at_5": 0.295,
        "hit_rate_at_10": 0.345,
        "hit_rate_at_20": 0.4,
        "hit_rate_at_100": 0.55,
        "hit_rate_at_1000": 0.785,
        "main_score": 0.25165,
        "hf_subset": "de",
        "languages": [
          "deu-Latn"
        ],
        "mteb_version": "2.16.0"
      }
    ],
    "test": [
      {
        "ndcg_at_1": 0.19,
        "ndcg_at_3": 0.23405,
        "ndcg_at_5": 0.24631,
        "ndcg_at_10": 0.25792,
        "ndcg_at_20": 0.26947,
        "ndcg_at_100": 0.3026,
        "ndcg_at_1000": 0.33611,
        "map_at_1": 0.19,
        "map_at_3": 0.22333,
        "map_at_5": 0.23008,
        "map_at_10": 0.23505,
        "map_at_20": 0.23831,
        "map_at_100": 0.24318,
        "map_at_1000": 0.24433,
        "recall_at_1": 0.19,
        "recall_at_3": 0.265,
        "recall_at_5": 0.295,
        "recall_at_10": 0.33,
        "recall_at_20": 0.375,
        "recall_at_100": 0.55,
        "recall_at_1000": 0.82,
        "accuracy": 0.19,
        "precision_at_1": 0.19,
        "precision_at_3": 0.08833,
        "precision_at_5": 0.059,
        "precision_at_10": 0.033,
        "precision_at_20": 0.01875,
        "precision_at_100": 0.0055,
        "precision_at_1000": 0.00082,
        "mrr_at_1": 0.19,
        "mrr_at_3": 0.223333,
        "mrr_at_5": 0.230083,
        "mrr_at_10": 0.235048,
        "mrr_at_20": 0.23831,
        "mrr_at_100": 0.243184,
        "mrr_at_1000": 0.244328,
        "nauc_ndcg_at_1_max": 0.314328,
        "nauc_ndcg_at_1_std": -0.061532,
        "nauc_ndcg_at_1_diff1": 0.630547,
        "nauc_ndcg_at_3_max": 0.300935,
        "nauc_ndcg_at_3_std": -0.025879,
        "nauc_ndcg_at_3_diff1": 0.539739,
        "nauc_ndcg_at_5_max": 0.285554,
        "nauc_ndcg_at_5_std": -0.022479,
        "nauc_ndcg_at_5_diff1": 0.507152,
        "nauc_ndcg_at_10_max": 0.297654,
        "nauc_ndcg_at_10_std": 0.005196,
        "nauc_ndcg_at_10_diff1": 0.49884,
        "nauc_ndcg_at_20_max": 0.29741,
        "nauc_ndcg_at_20_std": 0.022281,
        "nauc_ndcg_at_20_diff1": 0.488332,
        "nauc_ndcg_at_100_max": 0.312615,
        "nauc_ndcg_at_100_std": 0.051404,