{
  "dataset_revision": "48327de6ee192e9610f3069789719788957c7abd",
  "task_name": "GerDaLIRSmall",
  "mteb_version": "2.16.0",
  "scores": {
    "test": [
      {
        "ndcg_at_1": 0.12073,
        "ndcg_at_3": 0.15843,
        "ndcg_at_5": 0.17556,
        "ndcg_at_10": 0.19456,
        "ndcg_at_20": 0.21115,
        "ndcg_at_100": 0.24053,
        "ndcg_at_1000": 0.26891,
        "map_at_1": 0.10681,
        "map_at_3": 0.14366,
        "map_at_5": 0.15342,
        "map_at_10": 0.16145,
        "map_at_20": 0.16619,
        "map_at_100": 0.17028,
        "map_at_1000": 0.17124,
        "recall_at_1": 0.10681,
        "recall_at_3": 0.18699,
        "recall_at_5": 0.22793,
        "recall_at_10": 0.28469,
        "recall_at_20": 0.34748,
        "recall_at_100": 0.50219,
        "recall_at_1000": 0.72711,
        "accuracy": 0.10681,
        "precision_at_1": 0.12073,
        "precision_at_3": 0.07166,
        "precision_at_5": 0.05256,
        "precision_at_10": 0.03293,
        "precision_at_20": 0.02027,
        "precision_at_100": 0.00588,
        "precision_at_1000": 0.00085,
        "mrr_at_1": 0.120729,
        "mrr_at_3": 0.157416,
        "mrr_at_5": 0.167254,
        "mrr_at_10": 0.175045,
        "mrr_at_20": 0.179551,
        "mrr_at_100": 0.183304,
        "mrr_at_1000": 0.184166,
        "nauc_ndcg_at_1_max": 0.027647,
        "nauc_ndcg_at_1_std": 0.083421,
        "nauc_ndcg_at_1_diff1": 0.356711,
        "nauc_ndcg_at_3_max": 0.006067,
        "nauc_ndcg_at_3_std": 0.089558,
        "nauc_ndcg_at_3_diff1": 0.290174,
        "nauc_ndcg_at_5_max": -0.00119,
        "nauc_ndcg_at_5_std": 0.09871,
        "nauc_ndcg_at_5_diff1": 0.282944,
        "nauc_ndcg_at_10_max": -0.007793,
        "nauc_ndcg_at_10_std": 0.109599,
        "nauc_ndcg_at_10_diff1": 0.268003,
        "nauc_ndcg_at_20_max": -0.014202,
        "nauc_ndcg_at_20_std": 0.120695,
        "nauc_ndcg_at_20_diff1": 0.263023,
        "nauc_ndcg_at_100_max": -0.023824,
        "nauc_ndcg_at_100_std": 0.14215,
        "nauc_ndcg_at_100_diff1": 0.258257,
        "nauc_ndcg_at_1000_max": -0.024651,
        "nauc_ndcg_at_1000_std": 0.148287,
        "nauc_ndcg_at_1000_diff1": 0.257837,
        "nauc_map_at_1_max": 0.023595,
        "nauc_map_at_1_std": 0.076094,
        "nauc_map_at_1_diff1": 0.35933,
        "nauc_map_at_3_max": 0.008211,
        "nauc_map_at_3_std": 0.085968,
        "nauc_map_at_3_diff1": 0.303852,
        "nauc_map_at_5_max": 0.004008,
        "nauc_map_at_5_std": 0.092025,
        "nauc_map_at_5_diff1": 0.299185,
        "nauc_map_at_10_max": 0.000868,
        "nauc_map_at_10_std": 0.097552,
        "nauc_map_at_10_diff1": 0.292111,
        "nauc_map_at_20_max": -0.001185,
        "nauc_map_at_20_std": 0.101159,
        "nauc_map_at_20_diff1": 0.290556,
        "nauc_map_at_100_max": -0.002659,
        "nauc_map_at_100_std": 0.104751,
        "nauc_map_at_100_diff1": 0.289451,
        "nauc_map_at_1000_max": -0.002649,
        "nauc_map_at_1000_std": 0.105165,
        "nauc_map_at_1000_diff1": 0.289446,
        "nauc_recall_at_1_max": 0.023595,
        "nauc_recall_at_1_std": 0.076094,
        "nauc_recall_at_1_diff1": 0.35933,
        "nauc_recall_at_3_max": -0.005203,
        "nauc_recall_at_3_std": 0.092696,
        "nauc_recall_at_3_diff1": 0.257729,
        "nauc_recall_at_5_max": -0.018659,
        "nauc_recall_at_5_std": 0.108209,
        "nauc_recall_at_5_diff1": 0.239878,
        "nauc_recall_at_10_max": -0.032964,
        "nauc_recall_at_10_std": 0.131851,
        "nauc_recall_at_10_diff1": 0.208299,
        "nauc_recall_at_20_max": -0.050009,
        "nauc_recall_at_20_std": 0.160439,
        "nauc_recall_at_20_diff1": 0.194149,
        "nauc_recall_at_100_max": -0.09095,
        "nauc_recall_at_100_std": 0.244279,
        "nauc_recall_at_100_diff1": 0.175335,
        "nauc_recall_at_1000_max": -0.126605,
        "nauc_recall_at_1000_std": 0.328002,
        "nauc_recall_at_1000_diff1": 0.136867,
        "nauc_precision_at_1_max": 0.027647,
        "nauc_precision_at_1_std": 0.083421,
        "nauc_precision_at_1_diff1": 0.356711,
        "nauc_precision_at_3_max": 0.001639,
        "nauc_precision_at_3_std": 0.101892,
        "nauc_precision_at_3_diff1": 0.254357,
        "nauc_precision_at_5_max": -0.010499,
        "nauc_precision_at_5_std": 0.120963,
        "nauc_precision_at_5_diff1": 0.241749,
        "nauc_precision_at_10_max": -0.022603,
        "nauc_precision_at_10_std": 0.144623,
        "nauc_precision_at_10_diff1": 0.208986,
        "nauc_precision_at_20_max": -0.037263,
        "nauc_precision_at_20_std": 0.173134,
        "nauc_precision_at_20_diff1": 0.190561,
        "nauc_precision_at_100_max": -0.065789,
        "nauc_precision_at_100_std": 0.243604,
        "nauc_precision_at_100_diff1": 0.160876,
        "nauc_precision_at_1000_max": -0.064975,
        "nauc_precision_at_1000_std": 0.256197,
        "nauc_precision_at_1000_diff1": 0.106379,
        "nauc_mrr_at_1_max": 0.027647,
        "nauc_mrr_at_1_std": 0.083421,
        "nauc_mrr_at_1_diff1": 0.356711,
        "nauc_mrr_at_3_max": 0.015315,
        "nauc_mrr_at_3_std": 0.09111,
        "nauc_mrr_at_3_diff1": 0.304566,
        "nauc_mrr_at_5_max": 0.010812,
        "nauc_mrr_at_5_std": 0.09602,
        "nauc_mrr_at_5_diff1": 0.299864,
        "nauc_mrr_at_10_max": 0.00774,
        "nauc_mrr_at_10_std": 0.100659,
        "nauc_mrr_at_10_diff1": 0.292865,
        "nauc_mrr_at_20_max": 0.005562,
        "nauc_mrr_at_20_std": 0.104084,
        "nauc_mrr_at_20_diff1": 0.291367,
        "nauc_mrr_at_100_max": 0.004337,
        "nauc_mrr_at_100_std": 0.106831,
        "nauc_mrr_at_100_diff1": 0.290534,
        "nauc_mrr_at_1000_max": 0.004252,
        "nauc_mrr_at_1000_std": 0.107143,
        "nauc_mrr_at_1000_diff1": 0.290531,
        "hit_rate_at_1": 0.12073,
        "hit_rate_at_3": 0.20492,
        "hit_rate_at_5": 0.24816,
        "hit_rate_at_10": 0.30652,
        "hit_rate_at_20": 0.37151,
        "hit_rate_at_100": 0.52477,
        "hit_rate_at_1000": 0.74538,
        "main_score": 0.19456,
        "hf_subset": "default",
        "languages": [
          "deu-Latn"
        ],
        "mteb_version": "2.16.0"
      }
    ]
  },
  "evaluation_time": 417.21621108427644,
  "kg_co2_emissions": null,
  "date": 1782200953.176335,
  "evaluation_phases": [
    {
      "name": "Data loading",
      "start": 7.72625207901001e-06,
      "end": 8.127116281539202,
      "split": "",
      "subset": ""
    },
    {
      "name": "Dataset transform",
      "start": 8.127127211540937,
      "end": 8.127128463238478,
      "split": "",
      "subset": ""
    },
    {
      "name": "Encoding queries and documents",
      "start": 8.28981271199882,
      "end": 406.33773157931864,
      "split": "test",
      "subset": "default"
    },
    {
      "name": "Scoring",
      "start": 406.33775313198566,
      "end": 417.02692075259984,
      "split": "test",
      "subset": "default"
    }
  ]
}