{
  "dataset_revision": "837028901907a7d419b4ab906f28e011ce1cc824",
  "task_name": "MultiLongDocRetrieval",
  "mteb_version": "2.16.0",
  "scores": {
    "dev": [
      {
        "ndcg_at_1": 0.19,
        "ndcg_at_3": 0.25101,
        "ndcg_at_5": 0.26134,
        "ndcg_at_10": 0.2824,
        "ndcg_at_20": 0.29726,
        "ndcg_at_100": 0.33122,
        "ndcg_at_1000": 0.35016,
        "map_at_1": 0.19,
        "map_at_3": 0.23583,
        "map_at_5": 0.24158,
        "map_at_10": 0.2503,
        "map_at_20": 0.25422,
        "map_at_100": 0.2591,
        "map_at_1000": 0.25962,
        "recall_at_1": 0.19,
        "recall_at_3": 0.295,
        "recall_at_5": 0.32,
        "recall_at_10": 0.385,
        "recall_at_20": 0.445,
        "recall_at_100": 0.625,
        "recall_at_1000": 0.785,
        "accuracy": 0.19,
        "precision_at_1": 0.19,
        "precision_at_3": 0.09833,
        "precision_at_5": 0.064,
        "precision_at_10": 0.0385,
        "precision_at_20": 0.02225,
        "precision_at_100": 0.00625,
        "precision_at_1000": 0.00078,
        "mrr_at_1": 0.19,
        "mrr_at_3": 0.235833,
        "mrr_at_5": 0.241583,
        "mrr_at_10": 0.250302,
        "mrr_at_20": 0.25422,
        "mrr_at_100": 0.259098,
        "mrr_at_1000": 0.259624,
        "nauc_ndcg_at_1_max": 0.376045,
        "nauc_ndcg_at_1_std": 0.073428,
        "nauc_ndcg_at_1_diff1": 0.364989,
        "nauc_ndcg_at_3_max": 0.387248,
        "nauc_ndcg_at_3_std": 0.103374,
        "nauc_ndcg_at_3_diff1": 0.353435,
        "nauc_ndcg_at_5_max": 0.396692,
        "nauc_ndcg_at_5_std": 0.124031,
        "nauc_ndcg_at_5_diff1": 0.341382,
        "nauc_ndcg_at_10_max": 0.390476,
        "nauc_ndcg_at_10_std": 0.146681,
        "nauc_ndcg_at_10_diff1": 0.316798,
        "nauc_ndcg_at_20_max": 0.406053,
        "nauc_ndcg_at_20_std": 0.167081,
        "nauc_ndcg_at_20_diff1": 0.306231,
        "nauc_ndcg_at_100_max": 0.408283,
        "nauc_ndcg_at_100_std": 0.184099,
        "nauc_ndcg_at_100_diff1": 0.310784,
        "nauc_ndcg_at_1000_max": 0.415026,
        "nauc_ndcg_at_1000_std": 0.188667,
        "nauc_ndcg_at_1000_diff1": 0.30869,
        "nauc_map_at_1_max": 0.376045,
        "nauc_map_at_1_std": 0.073428,
        "nauc_map_at_1_diff1": 0.364989,
        "nauc_map_at_3_max": 0.382621,
        "nauc_map_at_3_std": 0.093415,
        "nauc_map_at_3_diff1": 0.358194,
        "nauc_map_at_5_max": 0.388695,
        "nauc_map_at_5_std": 0.105763,
        "nauc_map_at_5_diff1": 0.351494,
        "nauc_map_at_10_max": 0.386224,
        "nauc_map_at_10_std": 0.115524,
        "nauc_map_at_10_diff1": 0.339977,
        "nauc_map_at_20_max": 0.390253,
        "nauc_map_at_20_std": 0.120825,
        "nauc_map_at_20_diff1": 0.33739,
        "nauc_map_at_100_max": 0.390082,
        "nauc_map_at_100_std": 0.12279,
        "nauc_map_at_100_diff1": 0.337638,
        "nauc_map_at_1000_max": 0.390149,
        "nauc_map_at_1000_std": 0.122897,
        "nauc_map_at_1000_diff1": 0.337622,
        "nauc_recall_at_1_max": 0.376045,
        "nauc_recall_at_1_std": 0.073428,
        "nauc_recall_at_1_diff1": 0.364989,
        "nauc_recall_at_3_max": 0.399992,
        "nauc_recall_at_3_std": 0.130329,
        "nauc_recall_at_3_diff1": 0.340331,
        "nauc_recall_at_5_max": 0.418368,
        "nauc_recall_at_5_std": 0.173967,
        "nauc_recall_at_5_diff1": 0.312995,
        "nauc_recall_at_10_max": 0.399633,
        "nauc_recall_at_10_std": 0.235124,
        "nauc_recall_at_10_diff1": 0.249995,
        "nauc_recall_at_20_max": 0.457786,
        "nauc_recall_at_20_std": 0.311818,
        "nauc_recall_at_20_diff1": 0.209095,
        "nauc_recall_at_100_max": 0.487149,
        "nauc_recall_at_100_std": 0.438479,
        "nauc_recall_at_100_diff1": 0.223148,
        "nauc_recall_at_1000_max": 0.623411,
        "nauc_recall_at_1000_std": 0.62576,
        "nauc_recall_at_1000_diff1": 0.14968,
        "nauc_precision_at_1_max": 0.376045,
        "nauc_precision_at_1_std": 0.073428,
        "nauc_precision_at_1_diff1": 0.364989,
        "nauc_precision_at_3_max": 0.399992,
        "nauc_precision_at_3_std": 0.130329,
        "nauc_precision_at_3_diff1": 0.340331,
        "nauc_precision_at_5_max": 0.418368,
        "nauc_precision_at_5_std": 0.173967,
        "nauc_precision_at_5_diff1": 0.312995,
        "nauc_precision_at_10_max": 0.399633,
        "nauc_precision_at_10_std": 0.235124,
        "nauc_precision_at_10_diff1": 0.249995,
        "nauc_precision_at_20_max": 0.457786,
        "nauc_precision_at_20_std": 0.311818,
        "nauc_precision_at_20_diff1": 0.209095,
        "nauc_precision_at_100_max": 0.487149,
        "nauc_precision_at_100_std": 0.438479,
        "nauc_precision_at_100_diff1": 0.223148,
        "nauc_precision_at_1000_max": 0.623411,
        "nauc_precision_at_1000_std": 0.62576,
        "nauc_precision_at_1000_diff1": 0.14968,
        "nauc_mrr_at_1_max": 0.376045,
        "nauc_mrr_at_1_std": 0.073428,
        "nauc_mrr_at_1_diff1": 0.364989,
        "nauc_mrr_at_3_max": 0.382621,
        "nauc_mrr_at_3_std": 0.093415,
        "nauc_mrr_at_3_diff1": 0.358194,
        "nauc_mrr_at_5_max": 0.388695,
        "nauc_mrr_at_5_std": 0.105763,
        "nauc_mrr_at_5_diff1": 0.351494,
        "nauc_mrr_at_10_max": 0.386224,
        "nauc_mrr_at_10_std": 0.115524,
        "nauc_mrr_at_10_diff1": 0.339977,
        "nauc_mrr_at_20_max": 0.390253,
        "nauc_mrr_at_20_std": 0.120825,
        "nauc_mrr_at_20_diff1": 0.33739,
        "nauc_mrr_at_100_max": 0.390082,
        "nauc_mrr_at_100_std": 0.12279,
        "nauc_mrr_at_100_diff1": 0.337638,
        "nauc_mrr_at_1000_max": 0.390149,
        "nauc_mrr_at_1000_std": 0.122897,
        "nauc_mrr_at_1000_diff1": 0.337622,
        "hit_rate_at_1": 0.19,
        "hit_rate_at_3": 0.295,
        "hit_rate_at_5": 0.32,
        "hit_rate_at_10": 0.385,
        "hit_rate_at_20": 0.445,
        "hit_rate_at_100": 0.625,
        "hit_rate_at_1000": 0.785,
        "main_score": 0.2824,
        "hf_subset": "de",
        "languages": [
          "deu-Latn"
        ],
        "mteb_version": "2.16.0"
      }
    ],
    "test": [
      {
        "ndcg_at_1": 0.155,
        "ndcg_at_3": 0.19589,
        "ndcg_at_5": 0.22732,
        "ndcg_at_10": 0.24486,
        "ndcg_at_20": 0.26125,
        "ndcg_at_100": 0.29044,
        "ndcg_at_1000": 0.32115,
        "map_at_1": 0.155,
        "map_at_3": 0.18583,
        "map_at_5": 0.20358,
        "map_at_10": 0.21068,
        "map_at_20": 0.21515,
        "map_at_100": 0.219,
        "map_at_1000": 0.22006,
        "recall_at_1": 0.155,
        "recall_at_3": 0.225,
        "recall_at_5": 0.3,
        "recall_at_10": 0.355,
        "recall_at_20": 0.42,
        "recall_at_100": 0.58,
        "recall_at_1000": 0.825,
        "accuracy": 0.155,
        "precision_at_1": 0.155,
        "precision_at_3": 0.075,
        "precision_at_5": 0.06,
        "precision_at_10": 0.0355,
        "precision_at_20": 0.021,
        "precision_at_100": 0.0058,
        "precision_at_1000": 0.00082,
        "mrr_at_1": 0.155,
        "mrr_at_3": 0.185833,
        "mrr_at_5": 0.203583,
        "mrr_at_10": 0.210685,
        "mrr_at_20": 0.215154,
        "mrr_at_100": 0.218997,
        "mrr_at_1000": 0.220063,
        "nauc_ndcg_at_1_max": 0.238422,
        "nauc_ndcg_at_1_std": 0.028797,
        "nauc_ndcg_at_1_diff1": 0.577092,
        "nauc_ndcg_at_3_max": 0.212388,
        "nauc_ndcg_at_3_std": 0.035497,
        "nauc_ndcg_at_3_diff1": 0.510509,
        "nauc_ndcg_at_5_max": 0.212877,
        "nauc_ndcg_at_5_std": 0.069044,
        "nauc_ndcg_at_5_diff1": 0.460451,
        "nauc_ndcg_at_10_max": 0.245327,
        "nauc_ndcg_at_10_std": 0.104657,
        "nauc_ndcg_at_10_diff1": 0.450601,
        "nauc_ndcg_at_20_max": 0.238967,
        "nauc_ndcg_at_20_std": 0.108583,
        "nauc_ndcg_at_20_diff1": 0.441426,
        "nauc_ndcg_at_100_max": 0.261302,
        "nauc_ndcg_at_100_std": 0.135386,