{
  "dataset_revision": "48327de6ee192e9610f3069789719788957c7abd",
  "task_name": "GerDaLIRSmall",
  "mteb_version": "2.16.0",
  "scores": {
    "test": [
      {
        "ndcg_at_1": 0.0273,
        "ndcg_at_3": 0.03557,
        "ndcg_at_5": 0.0405,
        "ndcg_at_10": 0.04639,
        "ndcg_at_20": 0.05277,
        "ndcg_at_100": 0.07029,
        "ndcg_at_1000": 0.09923,
        "map_at_1": 0.0238,
        "map_at_3": 0.03173,
        "map_at_5": 0.03446,
        "map_at_10": 0.03684,
        "map_at_20": 0.03857,
        "map_at_100": 0.04081,
        "map_at_1000": 0.04166,
        "recall_at_1": 0.0238,
        "recall_at_3": 0.04224,
        "recall_at_5": 0.05399,
        "recall_at_10": 0.07159,
        "recall_at_20": 0.09599,
        "recall_at_100": 0.18996,
        "recall_at_1000": 0.42442,
        "accuracy": 0.0238,
        "precision_at_1": 0.0273,
        "precision_at_3": 0.01646,
        "precision_at_5": 0.01264,
        "precision_at_10": 0.00839,
        "precision_at_20": 0.00564,
        "precision_at_100": 0.00222,
        "precision_at_1000": 0.0005,
        "mrr_at_1": 0.027301,
        "mrr_at_3": 0.036306,
        "mrr_at_5": 0.039208,
        "mrr_at_10": 0.041837,
        "mrr_at_20": 0.043671,
        "mrr_at_100": 0.045986,
        "mrr_at_1000": 0.046807,
        "nauc_ndcg_at_1_max": -0.01025,
        "nauc_ndcg_at_1_std": -0.036148,
        "nauc_ndcg_at_1_diff1": 0.320556,
        "nauc_ndcg_at_3_max": -0.015643,
        "nauc_ndcg_at_3_std": -0.035723,
        "nauc_ndcg_at_3_diff1": 0.225327,
        "nauc_ndcg_at_5_max": -0.021592,
        "nauc_ndcg_at_5_std": -0.036451,
        "nauc_ndcg_at_5_diff1": 0.199462,
        "nauc_ndcg_at_10_max": -0.032948,
        "nauc_ndcg_at_10_std": -0.037553,
        "nauc_ndcg_at_10_diff1": 0.180964,
        "nauc_ndcg_at_20_max": -0.038417,
        "nauc_ndcg_at_20_std": -0.028683,
        "nauc_ndcg_at_20_diff1": 0.167258,
        "nauc_ndcg_at_100_max": -0.048289,
        "nauc_ndcg_at_100_std": -0.013582,
        "nauc_ndcg_at_100_diff1": 0.139835,
        "nauc_ndcg_at_1000_max": -0.058571,
        "nauc_ndcg_at_1000_std": -0.000201,
        "nauc_ndcg_at_1000_diff1": 0.128722,
        "nauc_map_at_1_max": -0.024504,
        "nauc_map_at_1_std": -0.036279,
        "nauc_map_at_1_diff1": 0.330016,
        "nauc_map_at_3_max": -0.020096,
        "nauc_map_at_3_std": -0.03621,
        "nauc_map_at_3_diff1": 0.246279,
        "nauc_map_at_5_max": -0.02356,
        "nauc_map_at_5_std": -0.036866,
        "nauc_map_at_5_diff1": 0.227421,
        "nauc_map_at_10_max": -0.029638,
        "nauc_map_at_10_std": -0.037509,
        "nauc_map_at_10_diff1": 0.216402,
        "nauc_map_at_20_max": -0.031427,
        "nauc_map_at_20_std": -0.034551,
        "nauc_map_at_20_diff1": 0.210072,
        "nauc_map_at_100_max": -0.033718,
        "nauc_map_at_100_std": -0.031348,
        "nauc_map_at_100_diff1": 0.203019,
        "nauc_map_at_1000_max": -0.03428,
        "nauc_map_at_1000_std": -0.030033,
        "nauc_map_at_1000_diff1": 0.201899,
        "nauc_recall_at_1_max": -0.024504,
        "nauc_recall_at_1_std": -0.036279,
        "nauc_recall_at_1_diff1": 0.330016,
        "nauc_recall_at_3_max": -0.016717,
        "nauc_recall_at_3_std": -0.036702,
        "nauc_recall_at_3_diff1": 0.184807,
        "nauc_recall_at_5_max": -0.028595,
        "nauc_recall_at_5_std": -0.036155,
        "nauc_recall_at_5_diff1": 0.149419,
        "nauc_recall_at_10_max": -0.049261,
        "nauc_recall_at_10_std": -0.037474,
        "nauc_recall_at_10_diff1": 0.126114,
        "nauc_recall_at_20_max": -0.057738,
        "nauc_recall_at_20_std": -0.017176,
        "nauc_recall_at_20_diff1": 0.109871,
        "nauc_recall_at_100_max": -0.072574,
        "nauc_recall_at_100_std": 0.011734,
        "nauc_recall_at_100_diff1": 0.071526,
        "nauc_recall_at_1000_max": -0.096658,
        "nauc_recall_at_1000_std": 0.038153,
        "nauc_recall_at_1000_diff1": 0.056591,
        "nauc_precision_at_1_max": -0.01025,
        "nauc_precision_at_1_std": -0.036148,
        "nauc_precision_at_1_diff1": 0.320556,
        "nauc_precision_at_3_max": -0.005051,
        "nauc_precision_at_3_std": -0.032336,
        "nauc_precision_at_3_diff1": 0.179124,
        "nauc_precision_at_5_max": -0.016834,
        "nauc_precision_at_5_std": -0.034982,
        "nauc_precision_at_5_diff1": 0.14193,
        "nauc_precision_at_10_max": -0.037271,
        "nauc_precision_at_10_std": -0.039319,
        "nauc_precision_at_10_diff1": 0.122392,
        "nauc_precision_at_20_max": -0.04603,
        "nauc_precision_at_20_std": -0.022623,
        "nauc_precision_at_20_diff1": 0.107885,
        "nauc_precision_at_100_max": -0.059622,
        "nauc_precision_at_100_std": 0.010493,
        "nauc_precision_at_100_diff1": 0.071486,
        "nauc_precision_at_1000_max": -0.072467,
        "nauc_precision_at_1000_std": 0.034094,
        "nauc_precision_at_1000_diff1": 0.052876,
        "nauc_mrr_at_1_max": -0.01025,
        "nauc_mrr_at_1_std": -0.036148,
        "nauc_mrr_at_1_diff1": 0.320556,
        "nauc_mrr_at_3_max": -0.003272,
        "nauc_mrr_at_3_std": -0.035402,
        "nauc_mrr_at_3_diff1": 0.239221,
        "nauc_mrr_at_5_max": -0.008489,
        "nauc_mrr_at_5_std": -0.035948,
        "nauc_mrr_at_5_diff1": 0.222017,
        "nauc_mrr_at_10_max": -0.014407,
        "nauc_mrr_at_10_std": -0.03666,
        "nauc_mrr_at_10_diff1": 0.210434,
        "nauc_mrr_at_20_max": -0.017209,
        "nauc_mrr_at_20_std": -0.03369,
        "nauc_mrr_at_20_diff1": 0.20395,
        "nauc_mrr_at_100_max": -0.01934,
        "nauc_mrr_at_100_std": -0.03106,
        "nauc_mrr_at_100_diff1": 0.197223,
        "nauc_mrr_at_1000_max": -0.019798,
        "nauc_mrr_at_1000_std": -0.030155,
        "nauc_mrr_at_1000_diff1": 0.196453,
        "hit_rate_at_1": 0.0273,
        "hit_rate_at_3": 0.04847,
        "hit_rate_at_5": 0.06139,
        "hit_rate_at_10": 0.08133,
        "hit_rate_at_20": 0.10806,
        "hit_rate_at_100": 0.20884,
        "hit_rate_at_1000": 0.44859,
        "main_score": 0.04639,
        "hf_subset": "default",
        "languages": [
          "deu-Latn"
        ],
        "mteb_version": "2.16.0"
      }
    ]
  },
  "evaluation_time": 250.13393711857498,
  "kg_co2_emissions": null,
  "date": 1782214734.369631,
  "evaluation_phases": [
    {
      "name": "Data loading",
      "start": 3.7495046854019165e-06,
      "end": 7.567495698109269,
      "split": "",
      "subset": ""
    },
    {
      "name": "Dataset transform",
      "start": 7.567504677921534,
      "end": 7.567507108673453,
      "split": "",
      "subset": ""
    },
    {
      "name": "Encoding queries and documents",
      "start": 7.75022291764617,
      "end": 238.7070540226996,
      "split": "test",
      "subset": "default"
    },
    {
      "name": "Scoring",
      "start": 238.70707483775914,
      "end": 249.93064557015896,
      "split": "test",
      "subset": "default"
    }
  ]
}