{
  "dataset_revision": "f5c87ae5a2e7a5106606314eef45255f03151bb3",
  "task_name": "GermanQuAD-Retrieval",
  "mteb_version": "2.16.0",
  "scores": {
    "test": [
      {
        "ndcg_at_1": 0.67877,
        "ndcg_at_3": 0.78114,
        "ndcg_at_5": 0.80043,
        "ndcg_at_10": 0.8138,
        "ndcg_at_20": 0.82043,
        "ndcg_at_100": 0.82516,
        "ndcg_at_1000": 0.8264,
        "map_at_1": 0.67877,
        "map_at_3": 0.75613,
        "map_at_5": 0.76697,
        "map_at_10": 0.77266,
        "map_at_20": 0.77453,
        "map_at_100": 0.77522,
        "map_at_1000": 0.77528,
        "recall_at_1": 0.67877,
        "recall_at_3": 0.85345,
        "recall_at_5": 0.89973,
        "recall_at_10": 0.94011,
        "recall_at_20": 0.96597,
        "recall_at_100": 0.99093,
        "recall_at_1000": 1.0,
        "accuracy": 0.67877,
        "precision_at_1": 0.67877,
        "precision_at_3": 0.28448,
        "precision_at_5": 0.17995,
        "precision_at_10": 0.09401,
        "precision_at_20": 0.0483,
        "precision_at_100": 0.00991,
        "precision_at_1000": 0.001,
        "mrr_at_1": 0.678766,
        "mrr_at_3": 0.756125,
        "mrr_at_5": 0.766969,
        "mrr_at_10": 0.772663,
        "mrr_at_20": 0.774531,
        "mrr_at_100": 0.775224,
        "mrr_at_1000": 0.775283,
        "nauc_ndcg_at_1_max": 0.497996,
        "nauc_ndcg_at_1_std": -0.059786,
        "nauc_ndcg_at_1_diff1": 0.776183,
        "nauc_ndcg_at_3_max": 0.546596,
        "nauc_ndcg_at_3_std": -0.061648,
        "nauc_ndcg_at_3_diff1": 0.747825,
        "nauc_ndcg_at_5_max": 0.558769,
        "nauc_ndcg_at_5_std": -0.051416,
        "nauc_ndcg_at_5_diff1": 0.748257,
        "nauc_ndcg_at_10_max": 0.559487,
        "nauc_ndcg_at_10_std": -0.03864,
        "nauc_ndcg_at_10_diff1": 0.754941,
        "nauc_ndcg_at_20_max": 0.553801,
        "nauc_ndcg_at_20_std": -0.037623,
        "nauc_ndcg_at_20_diff1": 0.755638,
        "nauc_ndcg_at_100_max": 0.54568,
        "nauc_ndcg_at_100_std": -0.042836,
        "nauc_ndcg_at_100_diff1": 0.757323,
        "nauc_ndcg_at_1000_max": 0.543069,
        "nauc_ndcg_at_1000_std": -0.047351,
        "nauc_ndcg_at_1000_diff1": 0.757241,
        "nauc_map_at_1_max": 0.497996,
        "nauc_map_at_1_std": -0.059786,
        "nauc_map_at_1_diff1": 0.776183,
        "nauc_map_at_3_max": 0.532139,
        "nauc_map_at_3_std": -0.060232,
        "nauc_map_at_3_diff1": 0.755449,
        "nauc_map_at_5_max": 0.537509,
        "nauc_map_at_5_std": -0.055354,
        "nauc_map_at_5_diff1": 0.756065,
        "nauc_map_at_10_max": 0.537399,
        "nauc_map_at_10_std": -0.050841,
        "nauc_map_at_10_diff1": 0.758812,
        "nauc_map_at_20_max": 0.535935,
        "nauc_map_at_20_std": -0.05087,
        "nauc_map_at_20_diff1": 0.75894,
        "nauc_map_at_100_max": 0.534969,
        "nauc_map_at_100_std": -0.051665,
        "nauc_map_at_100_diff1": 0.759159,
        "nauc_map_at_1000_max": 0.534875,
        "nauc_map_at_1000_std": -0.05183,
        "nauc_map_at_1000_diff1": 0.759154,
        "nauc_recall_at_1_max": 0.497996,
        "nauc_recall_at_1_std": -0.059786,
        "nauc_recall_at_1_diff1": 0.776183,
        "nauc_recall_at_3_max": 0.609997,
        "nauc_recall_at_3_std": -0.068415,
        "nauc_recall_at_3_diff1": 0.714915,
        "nauc_recall_at_5_max": 0.686846,
        "nauc_recall_at_5_std": -0.025722,
        "nauc_recall_at_5_diff1": 0.703099,
        "nauc_recall_at_10_max": 0.775015,
        "nauc_recall_at_10_std": 0.096209,
        "nauc_recall_at_10_diff1": 0.725559,
        "nauc_recall_at_20_max": 0.834011,
        "nauc_recall_at_20_std": 0.223519,
        "nauc_recall_at_20_diff1": 0.718571,
        "nauc_recall_at_100_max": 0.872576,
        "nauc_recall_at_100_std": 0.519591,
        "nauc_recall_at_100_diff1": 0.764858,
        "nauc_recall_at_1000_max": NaN,
        "nauc_recall_at_1000_std": NaN,
        "nauc_recall_at_1000_diff1": NaN,
        "nauc_precision_at_1_max": 0.497996,
        "nauc_precision_at_1_std": -0.059786,
        "nauc_precision_at_1_diff1": 0.776183,
        "nauc_precision_at_3_max": 0.609997,
        "nauc_precision_at_3_std": -0.068415,
        "nauc_precision_at_3_diff1": 0.714915,
        "nauc_precision_at_5_max": 0.686846,
        "nauc_precision_at_5_std": -0.025722,
        "nauc_precision_at_5_diff1": 0.703099,
        "nauc_precision_at_10_max": 0.775015,
        "nauc_precision_at_10_std": 0.096209,
        "nauc_precision_at_10_diff1": 0.725559,
        "nauc_precision_at_20_max": 0.834011,
        "nauc_precision_at_20_std": 0.223519,
        "nauc_precision_at_20_diff1": 0.718571,
        "nauc_precision_at_100_max": 0.872576,
        "nauc_precision_at_100_std": 0.519591,
        "nauc_precision_at_100_diff1": 0.764858,
        "nauc_precision_at_1000_max": 1.0,
        "nauc_precision_at_1000_std": 1.0,
        "nauc_precision_at_1000_diff1": 1.0,
        "nauc_mrr_at_1_max": 0.497996,
        "nauc_mrr_at_1_std": -0.059786,
        "nauc_mrr_at_1_diff1": 0.776183,
        "nauc_mrr_at_3_max": 0.532139,
        "nauc_mrr_at_3_std": -0.060232,
        "nauc_mrr_at_3_diff1": 0.755449,
        "nauc_mrr_at_5_max": 0.537509,
        "nauc_mrr_at_5_std": -0.055354,
        "nauc_mrr_at_5_diff1": 0.756065,
        "nauc_mrr_at_10_max": 0.537399,
        "nauc_mrr_at_10_std": -0.050841,
        "nauc_mrr_at_10_diff1": 0.758812,
        "nauc_mrr_at_20_max": 0.535935,
        "nauc_mrr_at_20_std": -0.05087,
        "nauc_mrr_at_20_diff1": 0.75894,
        "nauc_mrr_at_100_max": 0.534969,
        "nauc_mrr_at_100_std": -0.051665,
        "nauc_mrr_at_100_diff1": 0.759159,
        "nauc_mrr_at_1000_max": 0.534875,
        "nauc_mrr_at_1000_std": -0.05183,
        "nauc_mrr_at_1000_diff1": 0.759154,
        "hit_rate_at_1": 0.67877,
        "hit_rate_at_3": 0.85345,
        "hit_rate_at_5": 0.89973,
        "hit_rate_at_10": 0.94011,
        "hit_rate_at_20": 0.96597,
        "hit_rate_at_100": 0.99093,
        "hit_rate_at_1000": 1.0,
        "main_score": 0.766969,
        "hf_subset": "default",
        "languages": [
          "deu-Latn"
        ],
        "mteb_version": "2.16.0"
      }
    ]
  },
  "evaluation_time": 13.442476488649845,
  "kg_co2_emissions": null,
  "date": 1782214484.230012,
  "evaluation_phases": [
    {
      "name": "Data loading",
      "start": 0.0,
      "end": 5.348188724368811,
      "split": "",
      "subset": ""
    },
    {
      "name": "Encoding queries and documents",
      "start": 5.387472881004214,
      "end": 12.4935193490237,
      "split": "test",
      "subset": "default"
    },
    {
      "name": "Scoring",
      "start": 12.493542859330773,
      "end": 13.42209373600781,
      "split": "test",
      "subset": "default"
    }
  ]
}