{
  "dataset_revision": "d7d94fa4b946cec4a27c84653aa0cf6b33f74a3c",
  "task_name": "MIRACLRetrievalHardNegatives",
  "mteb_version": "2.16.0",
  "scores": {
    "dev": [
      {
        "ndcg_at_1": 0.27869,
        "ndcg_at_3": 0.26684,
        "ndcg_at_5": 0.28421,
        "ndcg_at_10": 0.33021,
        "ndcg_at_20": 0.37132,
        "ndcg_at_100": 0.43494,
        "ndcg_at_1000": 0.46251,
        "map_at_1": 0.11979,
        "map_at_3": 0.18427,
        "map_at_5": 0.20878,
        "map_at_10": 0.23704,
        "map_at_20": 0.25195,
        "map_at_100": 0.26614,
        "map_at_1000": 0.26816,
        "recall_at_1": 0.11979,
        "recall_at_3": 0.2446,
        "recall_at_5": 0.31779,
        "recall_at_10": 0.43087,
        "recall_at_20": 0.55883,
        "recall_at_100": 0.81579,
        "recall_at_1000": 0.9778,
        "accuracy": 0.11979,
        "precision_at_1": 0.27869,
        "precision_at_3": 0.19563,
        "precision_at_5": 0.15541,
        "precision_at_10": 0.11115,
        "precision_at_20": 0.07115,
        "precision_at_100": 0.02157,
        "precision_at_1000": 0.00259,
        "mrr_at_1": 0.278689,
        "mrr_at_3": 0.36612,
        "mrr_at_5": 0.385137,
        "mrr_at_10": 0.398212,
        "mrr_at_20": 0.406129,
        "mrr_at_100": 0.409526,
        "mrr_at_1000": 0.409897,
        "nauc_ndcg_at_1_max": 0.157068,
        "nauc_ndcg_at_1_std": 0.034866,
        "nauc_ndcg_at_1_diff1": 0.073546,
        "nauc_ndcg_at_3_max": 0.187393,
        "nauc_ndcg_at_3_std": 0.059938,
        "nauc_ndcg_at_3_diff1": 0.089494,
        "nauc_ndcg_at_5_max": 0.190266,
        "nauc_ndcg_at_5_std": 0.049264,
        "nauc_ndcg_at_5_diff1": 0.08923,
        "nauc_ndcg_at_10_max": 0.184363,
        "nauc_ndcg_at_10_std": 0.029673,
        "nauc_ndcg_at_10_diff1": 0.045574,
        "nauc_ndcg_at_20_max": 0.203382,
        "nauc_ndcg_at_20_std": 0.043244,
        "nauc_ndcg_at_20_diff1": 0.049146,
        "nauc_ndcg_at_100_max": 0.232551,
        "nauc_ndcg_at_100_std": 0.096034,
        "nauc_ndcg_at_100_diff1": 0.046388,
        "nauc_ndcg_at_1000_max": 0.226611,
        "nauc_ndcg_at_1000_std": 0.096388,
        "nauc_ndcg_at_1000_diff1": 0.043554,
        "nauc_map_at_1_max": 0.075371,
        "nauc_map_at_1_std": -0.030055,
        "nauc_map_at_1_diff1": 0.102894,
        "nauc_map_at_3_max": 0.130588,
        "nauc_map_at_3_std": 0.023193,
        "nauc_map_at_3_diff1": 0.104993,
        "nauc_map_at_5_max": 0.146798,
        "nauc_map_at_5_std": 0.024582,
        "nauc_map_at_5_diff1": 0.09929,
        "nauc_map_at_10_max": 0.151041,
        "nauc_map_at_10_std": 0.01161,
        "nauc_map_at_10_diff1": 0.071192,
        "nauc_map_at_20_max": 0.157108,
        "nauc_map_at_20_std": 0.017663,
        "nauc_map_at_20_diff1": 0.073296,
        "nauc_map_at_100_max": 0.168455,
        "nauc_map_at_100_std": 0.031339,
        "nauc_map_at_100_diff1": 0.073382,
        "nauc_map_at_1000_max": 0.16906,
        "nauc_map_at_1000_std": 0.033572,
        "nauc_map_at_1000_diff1": 0.072443,
        "nauc_recall_at_1_max": 0.075371,
        "nauc_recall_at_1_std": -0.030055,
        "nauc_recall_at_1_diff1": 0.102894,
        "nauc_recall_at_3_max": 0.169496,
        "nauc_recall_at_3_std": 0.070151,
        "nauc_recall_at_3_diff1": 0.112168,
        "nauc_recall_at_5_max": 0.170367,
        "nauc_recall_at_5_std": 0.049378,
        "nauc_recall_at_5_diff1": 0.099639,
        "nauc_recall_at_10_max": 0.14594,
        "nauc_recall_at_10_std": 0.004213,
        "nauc_recall_at_10_diff1": 0.003296,
        "nauc_recall_at_20_max": 0.173665,
        "nauc_recall_at_20_std": 0.020685,
        "nauc_recall_at_20_diff1": 0.006802,
        "nauc_recall_at_100_max": 0.274913,
        "nauc_recall_at_100_std": 0.239011,
        "nauc_recall_at_100_diff1": -0.019493,
        "nauc_recall_at_1000_max": 0.127456,
        "nauc_recall_at_1000_std": 0.629876,
        "nauc_recall_at_1000_diff1": -0.277097,
        "nauc_precision_at_1_max": 0.157068,
        "nauc_precision_at_1_std": 0.034866,
        "nauc_precision_at_1_diff1": 0.073546,
        "nauc_precision_at_3_max": 0.224031,
        "nauc_precision_at_3_std": 0.074796,
        "nauc_precision_at_3_diff1": 0.036344,
        "nauc_precision_at_5_max": 0.244912,
        "nauc_precision_at_5_std": 0.084798,
        "nauc_precision_at_5_diff1": 0.018482,
        "nauc_precision_at_10_max": 0.20357,
        "nauc_precision_at_10_std": 0.04585,
        "nauc_precision_at_10_diff1": -0.060388,
        "nauc_precision_at_20_max": 0.221112,
        "nauc_precision_at_20_std": 0.082214,
        "nauc_precision_at_20_diff1": -0.053307,
        "nauc_precision_at_100_max": 0.252867,
        "nauc_precision_at_100_std": 0.220645,
        "nauc_precision_at_100_diff1": -0.059845,
        "nauc_precision_at_1000_max": 0.220605,
        "nauc_precision_at_1000_std": 0.217727,
        "nauc_precision_at_1000_diff1": -0.086886,
        "nauc_mrr_at_1_max": 0.157068,
        "nauc_mrr_at_1_std": 0.034866,
        "nauc_mrr_at_1_diff1": 0.073546,
        "nauc_mrr_at_3_max": 0.235909,
        "nauc_mrr_at_3_std": 0.085966,
        "nauc_mrr_at_3_diff1": 0.068365,
        "nauc_mrr_at_5_max": 0.232106,
        "nauc_mrr_at_5_std": 0.082995,
        "nauc_mrr_at_5_diff1": 0.069228,
        "nauc_mrr_at_10_max": 0.230759,
        "nauc_mrr_at_10_std": 0.079226,
        "nauc_mrr_at_10_diff1": 0.056677,
        "nauc_mrr_at_20_max": 0.234226,
        "nauc_mrr_at_20_std": 0.083154,
        "nauc_mrr_at_20_diff1": 0.058534,
        "nauc_mrr_at_100_max": 0.234288,
        "nauc_mrr_at_100_std": 0.085315,
        "nauc_mrr_at_100_diff1": 0.058723,
        "nauc_mrr_at_1000_max": 0.233828,
        "nauc_mrr_at_1000_std": 0.084659,
        "nauc_mrr_at_1000_diff1": 0.05906,
        "hit_rate_at_1": 0.27869,
        "hit_rate_at_3": 0.48197,
        "hit_rate_at_5": 0.56721,
        "hit_rate_at_10": 0.66557,
        "hit_rate_at_20": 0.78033,
        "hit_rate_at_100": 0.91475,
        "hit_rate_at_1000": 0.99672,
        "main_score": 0.33021,
        "hf_subset": "de",
        "languages": [
          "deu-Latn"
        ],
        "mteb_version": "2.16.0"
      }
    ]
  },
  "evaluation_time": 252.71599444374442,
  "kg_co2_emissions": null,
  "date": 1782214987.093987,
  "evaluation_phases": [
    {
      "name": "Data loading",
      "start": 4.254281520843506e-06,
      "end": 7.627165861427784,
      "split": "",
      "subset": ""
    },
    {
      "name": "Dataset transform",
      "start": 7.62718241289258,
      "end": 7.627187104895711,
      "split": "",
      "subset": ""
    },
    {
      "name": "Encoding queries and documents",
      "start": 7.6409903690218925,
      "end": 252.38205604627728,
      "split": "dev",
      "subset": "de"
    },
    {
      "name": "Scoring",
      "start": 252.38207655586302,
      "end": 252.70211405865848,
      "split": "dev",
      "subset": "de"
    }
  ]
}