{
  "dataset_revision": "837028901907a7d419b4ab906f28e011ce1cc824",
  "task_name": "MultiLongDocRetrieval",
  "mteb_version": "2.16.0",
  "scores": {
    "dev": [
      {
        "ndcg_at_1": 0.075,
        "ndcg_at_3": 0.11405,
        "ndcg_at_5": 0.12222,
        "ndcg_at_10": 0.14335,
        "ndcg_at_20": 0.15747,
        "ndcg_at_100": 0.19255,
        "ndcg_at_1000": 0.22334,
        "map_at_1": 0.075,
        "map_at_3": 0.105,
        "map_at_5": 0.1095,
        "map_at_10": 0.11827,
        "map_at_20": 0.12227,
        "map_at_100": 0.12701,
        "map_at_1000": 0.12784,
        "recall_at_1": 0.075,
        "recall_at_3": 0.14,
        "recall_at_5": 0.16,
        "recall_at_10": 0.225,
        "recall_at_20": 0.28,
        "recall_at_100": 0.47,
        "recall_at_1000": 0.73,
        "accuracy": 0.075,
        "precision_at_1": 0.075,
        "precision_at_3": 0.04667,
        "precision_at_5": 0.032,
        "precision_at_10": 0.0225,
        "precision_at_20": 0.014,
        "precision_at_100": 0.0047,
        "precision_at_1000": 0.00073,
        "mrr_at_1": 0.075,
        "mrr_at_3": 0.105,
        "mrr_at_5": 0.1095,
        "mrr_at_10": 0.118274,
        "mrr_at_20": 0.12227,
        "mrr_at_100": 0.127011,
        "mrr_at_1000": 0.127838,
        "nauc_ndcg_at_1_max": 0.304785,
        "nauc_ndcg_at_1_std": 0.084983,
        "nauc_ndcg_at_1_diff1": 0.307039,
        "nauc_ndcg_at_3_max": 0.177557,
        "nauc_ndcg_at_3_std": -0.003144,
        "nauc_ndcg_at_3_diff1": 0.195756,
        "nauc_ndcg_at_5_max": 0.196658,
        "nauc_ndcg_at_5_std": 0.031243,
        "nauc_ndcg_at_5_diff1": 0.210825,
        "nauc_ndcg_at_10_max": 0.204133,
        "nauc_ndcg_at_10_std": 0.055229,
        "nauc_ndcg_at_10_diff1": 0.204776,
        "nauc_ndcg_at_20_max": 0.191733,
        "nauc_ndcg_at_20_std": 0.064499,
        "nauc_ndcg_at_20_diff1": 0.169326,
        "nauc_ndcg_at_100_max": 0.19342,
        "nauc_ndcg_at_100_std": 0.095691,
        "nauc_ndcg_at_100_diff1": 0.181259,
        "nauc_ndcg_at_1000_max": 0.197008,
        "nauc_ndcg_at_1000_std": 0.099214,
        "nauc_ndcg_at_1000_diff1": 0.192457,
        "nauc_map_at_1_max": 0.304785,
        "nauc_map_at_1_std": 0.084983,
        "nauc_map_at_1_diff1": 0.307039,
        "nauc_map_at_3_max": 0.197151,
        "nauc_map_at_3_std": 0.010906,
        "nauc_map_at_3_diff1": 0.21432,
        "nauc_map_at_5_max": 0.207392,
        "nauc_map_at_5_std": 0.030723,
        "nauc_map_at_5_diff1": 0.221654,
        "nauc_map_at_10_max": 0.209256,
        "nauc_map_at_10_std": 0.040276,
        "nauc_map_at_10_diff1": 0.219556,
        "nauc_map_at_20_max": 0.205031,
        "nauc_map_at_20_std": 0.043198,
        "nauc_map_at_20_diff1": 0.207762,
        "nauc_map_at_100_max": 0.206099,
        "nauc_map_at_100_std": 0.049237,
        "nauc_map_at_100_diff1": 0.209554,
        "nauc_map_at_1000_max": 0.206522,
        "nauc_map_at_1000_std": 0.049421,
        "nauc_map_at_1000_diff1": 0.209626,
        "nauc_recall_at_1_max": 0.304785,
        "nauc_recall_at_1_std": 0.084983,
        "nauc_recall_at_1_diff1": 0.307039,
        "nauc_recall_at_3_max": 0.134435,
        "nauc_recall_at_3_std": -0.03425,
        "nauc_recall_at_3_diff1": 0.154355,
        "nauc_recall_at_5_max": 0.177908,
        "nauc_recall_at_5_std": 0.037304,
        "nauc_recall_at_5_diff1": 0.191331,
        "nauc_recall_at_10_max": 0.201824,
        "nauc_recall_at_10_std": 0.094493,
        "nauc_recall_at_10_diff1": 0.177832,
        "nauc_recall_at_20_max": 0.170177,
        "nauc_recall_at_20_std": 0.116396,
        "nauc_recall_at_20_diff1": 0.087707,
        "nauc_recall_at_100_max": 0.171745,
        "nauc_recall_at_100_std": 0.215463,
        "nauc_recall_at_100_diff1": 0.132874,
        "nauc_recall_at_1000_max": 0.174212,
        "nauc_recall_at_1000_std": 0.293037,
        "nauc_recall_at_1000_diff1": 0.210393,
        "nauc_precision_at_1_max": 0.304785,
        "nauc_precision_at_1_std": 0.084983,
        "nauc_precision_at_1_diff1": 0.307039,
        "nauc_precision_at_3_max": 0.134435,
        "nauc_precision_at_3_std": -0.03425,
        "nauc_precision_at_3_diff1": 0.154355,
        "nauc_precision_at_5_max": 0.177908,
        "nauc_precision_at_5_std": 0.037304,
        "nauc_precision_at_5_diff1": 0.191331,
        "nauc_precision_at_10_max": 0.201824,
        "nauc_precision_at_10_std": 0.094493,
        "nauc_precision_at_10_diff1": 0.177832,
        "nauc_precision_at_20_max": 0.170177,
        "nauc_precision_at_20_std": 0.116396,
        "nauc_precision_at_20_diff1": 0.087707,
        "nauc_precision_at_100_max": 0.171745,
        "nauc_precision_at_100_std": 0.215463,
        "nauc_precision_at_100_diff1": 0.132874,
        "nauc_precision_at_1000_max": 0.174212,
        "nauc_precision_at_1000_std": 0.293037,
        "nauc_precision_at_1000_diff1": 0.210393,
        "nauc_mrr_at_1_max": 0.304785,
        "nauc_mrr_at_1_std": 0.084983,
        "nauc_mrr_at_1_diff1": 0.307039,
        "nauc_mrr_at_3_max": 0.197151,
        "nauc_mrr_at_3_std": 0.010906,
        "nauc_mrr_at_3_diff1": 0.21432,
        "nauc_mrr_at_5_max": 0.207392,
        "nauc_mrr_at_5_std": 0.030723,
        "nauc_mrr_at_5_diff1": 0.221654,
        "nauc_mrr_at_10_max": 0.209256,
        "nauc_mrr_at_10_std": 0.040276,
        "nauc_mrr_at_10_diff1": 0.219556,
        "nauc_mrr_at_20_max": 0.205031,
        "nauc_mrr_at_20_std": 0.043198,
        "nauc_mrr_at_20_diff1": 0.207762,
        "nauc_mrr_at_100_max": 0.206099,
        "nauc_mrr_at_100_std": 0.049237,
        "nauc_mrr_at_100_diff1": 0.209554,
        "nauc_mrr_at_1000_max": 0.206522,
        "nauc_mrr_at_1000_std": 0.049421,
        "nauc_mrr_at_1000_diff1": 0.209626,
        "hit_rate_at_1": 0.075,
        "hit_rate_at_3": 0.14,
        "hit_rate_at_5": 0.16,
        "hit_rate_at_10": 0.225,
        "hit_rate_at_20": 0.28,
        "hit_rate_at_100": 0.47,
        "hit_rate_at_1000": 0.73,
        "main_score": 0.14335,
        "hf_subset": "de",
        "languages": [
          "deu-Latn"
        ],
        "mteb_version": "2.16.0"
      }
    ],
    "test": [
      {
        "ndcg_at_1": 0.07,
        "ndcg_at_3": 0.10774,
        "ndcg_at_5": 0.1185,
        "ndcg_at_10": 0.13309,
        "ndcg_at_20": 0.14836,
        "ndcg_at_100": 0.17934,
        "ndcg_at_1000": 0.2179,
        "map_at_1": 0.07,
        "map_at_3": 0.09833,
        "map_at_5": 0.10458,
        "map_at_10": 0.11061,
        "map_at_20": 0.11487,
        "map_at_100": 0.11896,
        "map_at_1000": 0.1203,
        "recall_at_1": 0.07,
        "recall_at_3": 0.135,
        "recall_at_5": 0.16,
        "recall_at_10": 0.205,
        "recall_at_20": 0.265,
        "recall_at_100": 0.435,
        "recall_at_1000": 0.745,
        "accuracy": 0.07,
        "precision_at_1": 0.07,
        "precision_at_3": 0.045,
        "precision_at_5": 0.032,
        "precision_at_10": 0.0205,
        "precision_at_20": 0.01325,
        "precision_at_100": 0.00435,
        "precision_at_1000": 0.00075,
        "mrr_at_1": 0.07,
        "mrr_at_3": 0.098333,
        "mrr_at_5": 0.104583,
        "mrr_at_10": 0.110613,
        "mrr_at_20": 0.114873,
        "mrr_at_100": 0.11896,
        "mrr_at_1000": 0.120297,
        "nauc_ndcg_at_1_max": 0.05717,
        "nauc_ndcg_at_1_std": 0.020756,
        "nauc_ndcg_at_1_diff1": 0.294415,
        "nauc_ndcg_at_3_max": -0.020525,
        "nauc_ndcg_at_3_std": 0.016079,
        "nauc_ndcg_at_3_diff1": 0.145215,
        "nauc_ndcg_at_5_max": -0.021648,
        "nauc_ndcg_at_5_std": 0.02858,
        "nauc_ndcg_at_5_diff1": 0.137157,
        "nauc_ndcg_at_10_max": 0.010675,
        "nauc_ndcg_at_10_std": 0.058485,
        "nauc_ndcg_at_10_diff1": 0.138842,
        "nauc_ndcg_at_20_max": 0.028689,
        "nauc_ndcg_at_20_std": 0.091011,
        "nauc_ndcg_at_20_diff1": 0.113793,
        "nauc_ndcg_at_100_max": 0.028981,
        "nauc_ndcg_at_100_std": 0.104787,