{
  "dataset_revision": "48327de6ee192e9610f3069789719788957c7abd",
  "task_name": "GerDaLIRSmall",
  "mteb_version": "2.16.0",
  "scores": {
    "test": [
      {
        "ndcg_at_1": 0.04757,
        "ndcg_at_3": 0.059,
        "ndcg_at_5": 0.0658,
        "ndcg_at_10": 0.07434,
        "ndcg_at_20": 0.08099,
        "ndcg_at_100": 0.09848,
        "ndcg_at_1000": 0.12768,
        "map_at_1": 0.04205,
        "map_at_3": 0.05372,
        "map_at_5": 0.05752,
        "map_at_10": 0.061,
        "map_at_20": 0.0628,
        "map_at_100": 0.0651,
        "map_at_1000": 0.06596,
        "recall_at_1": 0.04205,
        "recall_at_3": 0.06812,
        "recall_at_5": 0.08423,
        "recall_at_10": 0.11011,
        "recall_at_20": 0.13555,
        "recall_at_100": 0.22908,
        "recall_at_1000": 0.46543,
        "accuracy": 0.04205,
        "precision_at_1": 0.04757,
        "precision_at_3": 0.02621,
        "precision_at_5": 0.01949,
        "precision_at_10": 0.01269,
        "precision_at_20": 0.00784,
        "precision_at_100": 0.00265,
        "precision_at_1000": 0.00054,
        "mrr_at_1": 0.047572,
        "mrr_at_3": 0.06016,
        "mrr_at_5": 0.064104,
        "mrr_at_10": 0.067743,
        "mrr_at_20": 0.069654,
        "mrr_at_100": 0.07196,
        "mrr_at_1000": 0.072807,
        "nauc_ndcg_at_1_max": 0.084183,
        "nauc_ndcg_at_1_std": 0.043103,
        "nauc_ndcg_at_1_diff1": 0.436457,
        "nauc_ndcg_at_3_max": 0.065312,
        "nauc_ndcg_at_3_std": 0.040608,
        "nauc_ndcg_at_3_diff1": 0.336316,
        "nauc_ndcg_at_5_max": 0.057574,
        "nauc_ndcg_at_5_std": 0.043915,
        "nauc_ndcg_at_5_diff1": 0.298935,
        "nauc_ndcg_at_10_max": 0.04372,
        "nauc_ndcg_at_10_std": 0.049316,
        "nauc_ndcg_at_10_diff1": 0.27151,
        "nauc_ndcg_at_20_max": 0.035907,
        "nauc_ndcg_at_20_std": 0.05415,
        "nauc_ndcg_at_20_diff1": 0.256269,
        "nauc_ndcg_at_100_max": 0.027318,
        "nauc_ndcg_at_100_std": 0.063591,
        "nauc_ndcg_at_100_diff1": 0.230908,
        "nauc_ndcg_at_1000_max": 0.018282,
        "nauc_ndcg_at_1000_std": 0.069408,
        "nauc_ndcg_at_1000_diff1": 0.223234,
        "nauc_map_at_1_max": 0.083275,
        "nauc_map_at_1_std": 0.033159,
        "nauc_map_at_1_diff1": 0.43813,
        "nauc_map_at_3_max": 0.067949,
        "nauc_map_at_3_std": 0.036872,
        "nauc_map_at_3_diff1": 0.35627,
        "nauc_map_at_5_max": 0.062731,
        "nauc_map_at_5_std": 0.039205,
        "nauc_map_at_5_diff1": 0.332084,
        "nauc_map_at_10_max": 0.056055,
        "nauc_map_at_10_std": 0.042195,
        "nauc_map_at_10_diff1": 0.316603,
        "nauc_map_at_20_max": 0.053268,
        "nauc_map_at_20_std": 0.044006,
        "nauc_map_at_20_diff1": 0.31062,
        "nauc_map_at_100_max": 0.051447,
        "nauc_map_at_100_std": 0.045934,
        "nauc_map_at_100_diff1": 0.30488,
        "nauc_map_at_1000_max": 0.050865,
        "nauc_map_at_1000_std": 0.04648,
        "nauc_map_at_1000_diff1": 0.304124,
        "nauc_recall_at_1_max": 0.083275,
        "nauc_recall_at_1_std": 0.033159,
        "nauc_recall_at_1_diff1": 0.43813,
        "nauc_recall_at_3_max": 0.058073,
        "nauc_recall_at_3_std": 0.043486,
        "nauc_recall_at_3_diff1": 0.290198,
        "nauc_recall_at_5_max": 0.04494,
        "nauc_recall_at_5_std": 0.049295,
        "nauc_recall_at_5_diff1": 0.230178,
        "nauc_recall_at_10_max": 0.01634,
        "nauc_recall_at_10_std": 0.058303,
        "nauc_recall_at_10_diff1": 0.18132,
        "nauc_recall_at_20_max": 0.001598,
        "nauc_recall_at_20_std": 0.068234,
        "nauc_recall_at_20_diff1": 0.15768,
        "nauc_recall_at_100_max": -0.011901,
        "nauc_recall_at_100_std": 0.087169,
        "nauc_recall_at_100_diff1": 0.115509,
        "nauc_recall_at_1000_max": -0.038015,
        "nauc_recall_at_1000_std": 0.098511,
        "nauc_recall_at_1000_diff1": 0.105127,
        "nauc_precision_at_1_max": 0.084183,
        "nauc_precision_at_1_std": 0.043103,
        "nauc_precision_at_1_diff1": 0.436457,
        "nauc_precision_at_3_max": 0.06046,
        "nauc_precision_at_3_std": 0.047842,
        "nauc_precision_at_3_diff1": 0.289892,
        "nauc_precision_at_5_max": 0.046725,
        "nauc_precision_at_5_std": 0.053141,
        "nauc_precision_at_5_diff1": 0.229826,
        "nauc_precision_at_10_max": 0.021147,
        "nauc_precision_at_10_std": 0.062413,
        "nauc_precision_at_10_diff1": 0.189641,
        "nauc_precision_at_20_max": 0.005173,
        "nauc_precision_at_20_std": 0.073343,
        "nauc_precision_at_20_diff1": 0.163018,
        "nauc_precision_at_100_max": -0.009339,
        "nauc_precision_at_100_std": 0.09523,
        "nauc_precision_at_100_diff1": 0.12308,
        "nauc_precision_at_1000_max": -0.029227,
        "nauc_precision_at_1000_std": 0.108067,
        "nauc_precision_at_1000_diff1": 0.109518,
        "nauc_mrr_at_1_max": 0.084183,
        "nauc_mrr_at_1_std": 0.043103,
        "nauc_mrr_at_1_diff1": 0.436457,
        "nauc_mrr_at_3_max": 0.069991,
        "nauc_mrr_at_3_std": 0.044887,
        "nauc_mrr_at_3_diff1": 0.356536,
        "nauc_mrr_at_5_max": 0.064941,
        "nauc_mrr_at_5_std": 0.046825,
        "nauc_mrr_at_5_diff1": 0.331854,
        "nauc_mrr_at_10_max": 0.05871,
        "nauc_mrr_at_10_std": 0.048978,
        "nauc_mrr_at_10_diff1": 0.318477,
        "nauc_mrr_at_20_max": 0.055662,
        "nauc_mrr_at_20_std": 0.050635,
        "nauc_mrr_at_20_diff1": 0.312613,
        "nauc_mrr_at_100_max": 0.054109,
        "nauc_mrr_at_100_std": 0.052223,
        "nauc_mrr_at_100_diff1": 0.307115,
        "nauc_mrr_at_1000_max": 0.053612,
        "nauc_mrr_at_1000_std": 0.052571,
        "nauc_mrr_at_1000_diff1": 0.306515,
        "hit_rate_at_1": 0.04757,
        "hit_rate_at_3": 0.07684,
        "hit_rate_at_5": 0.09425,
        "hit_rate_at_10": 0.12212,
        "hit_rate_at_20": 0.15007,
        "hit_rate_at_100": 0.24775,
        "hit_rate_at_1000": 0.49052,
        "main_score": 0.07434,
        "hf_subset": "default",
        "languages": [
          "deu-Latn"
        ],
        "mteb_version": "2.16.0"
      }
    ]
  },
  "evaluation_time": 188.49913480877876,
  "kg_co2_emissions": null,
  "date": 1782373108.073263,
  "evaluation_phases": [
    {
      "name": "Data loading",
      "start": 3.987923264503479e-06,
      "end": 8.852570483461022,
      "split": "",
      "subset": ""
    },
    {
      "name": "Dataset transform",
      "start": 8.852578204125166,
      "end": 8.852579535916448,
      "split": "",
      "subset": ""
    },
    {
      "name": "Encoding queries and documents",
      "start": 9.080079132691026,
      "end": 177.62192907184362,
      "split": "test",
      "subset": "default"
    },
    {
      "name": "Scoring",
      "start": 177.62194783240557,
      "end": 188.31136254407465,
      "split": "test",
      "subset": "default"
    }
  ]
}