{
  "dataset_revision": "f5c87ae5a2e7a5106606314eef45255f03151bb3",
  "task_name": "GermanQuAD-Retrieval",
  "mteb_version": "2.16.0",
  "scores": {
    "test": [
      {
        "ndcg_at_1": 0.83212,
        "ndcg_at_3": 0.89922,
        "ndcg_at_5": 0.90812,
        "ndcg_at_10": 0.91339,
        "ndcg_at_20": 0.9156,
        "ndcg_at_100": 0.91715,
        "ndcg_at_1000": 0.9174,
        "map_at_1": 0.83212,
        "map_at_3": 0.8837,
        "map_at_5": 0.88871,
        "map_at_10": 0.89087,
        "map_at_20": 0.8915,
        "map_at_100": 0.89173,
        "map_at_1000": 0.89174,
        "recall_at_1": 0.83212,
        "recall_at_3": 0.94374,
        "recall_at_5": 0.96506,
        "recall_at_10": 0.9814,
        "recall_at_20": 0.99002,
        "recall_at_100": 0.99819,
        "recall_at_1000": 1.0,
        "accuracy": 0.83212,
        "precision_at_1": 0.83212,
        "precision_at_3": 0.31458,
        "precision_at_5": 0.19301,
        "precision_at_10": 0.09814,
        "precision_at_20": 0.0495,
        "precision_at_100": 0.00998,
        "precision_at_1000": 0.001,
        "mrr_at_1": 0.832123,
        "mrr_at_3": 0.883696,
        "mrr_at_5": 0.88871,
        "mrr_at_10": 0.890873,
        "mrr_at_20": 0.891495,
        "mrr_at_100": 0.891726,
        "mrr_at_1000": 0.891738,
        "nauc_ndcg_at_1_max": 0.544147,
        "nauc_ndcg_at_1_std": -0.20558,
        "nauc_ndcg_at_1_diff1": 0.848007,
        "nauc_ndcg_at_3_max": 0.618226,
        "nauc_ndcg_at_3_std": -0.18059,
        "nauc_ndcg_at_3_diff1": 0.819844,
        "nauc_ndcg_at_5_max": 0.615881,
        "nauc_ndcg_at_5_std": -0.191264,
        "nauc_ndcg_at_5_diff1": 0.827132,
        "nauc_ndcg_at_10_max": 0.608934,
        "nauc_ndcg_at_10_std": -0.185308,
        "nauc_ndcg_at_10_diff1": 0.829543,
        "nauc_ndcg_at_20_max": 0.601434,
        "nauc_ndcg_at_20_std": -0.181422,
        "nauc_ndcg_at_20_diff1": 0.83035,
        "nauc_ndcg_at_100_max": 0.596797,
        "nauc_ndcg_at_100_std": -0.187508,
        "nauc_ndcg_at_100_diff1": 0.832785,
        "nauc_ndcg_at_1000_max": 0.595522,
        "nauc_ndcg_at_1000_std": -0.191158,
        "nauc_ndcg_at_1000_diff1": 0.832455,
        "nauc_map_at_1_max": 0.544147,
        "nauc_map_at_1_std": -0.20558,
        "nauc_map_at_1_diff1": 0.848007,
        "nauc_map_at_3_max": 0.595038,
        "nauc_map_at_3_std": -0.19254,
        "nauc_map_at_3_diff1": 0.828285,
        "nauc_map_at_5_max": 0.593013,
        "nauc_map_at_5_std": -0.198512,
        "nauc_map_at_5_diff1": 0.832111,
        "nauc_map_at_10_max": 0.590486,
        "nauc_map_at_10_std": -0.196692,
        "nauc_map_at_10_diff1": 0.833101,
        "nauc_map_at_20_max": 0.588715,
        "nauc_map_at_20_std": -0.19594,
        "nauc_map_at_20_diff1": 0.833303,
        "nauc_map_at_100_max": 0.588276,
        "nauc_map_at_100_std": -0.19645,
        "nauc_map_at_100_diff1": 0.833736,
        "nauc_map_at_1000_max": 0.588227,
        "nauc_map_at_1000_std": -0.196587,
        "nauc_map_at_1000_diff1": 0.833723,
        "nauc_recall_at_1_max": 0.544147,
        "nauc_recall_at_1_std": -0.20558,
        "nauc_recall_at_1_diff1": 0.848007,
        "nauc_recall_at_3_max": 0.749456,
        "nauc_recall_at_3_std": -0.109247,
        "nauc_recall_at_3_diff1": 0.772412,
        "nauc_recall_at_5_max": 0.813323,
        "nauc_recall_at_5_std": -0.12509,
        "nauc_recall_at_5_diff1": 0.787361,
        "nauc_recall_at_10_max": 0.883652,
        "nauc_recall_at_10_std": 0.015353,
        "nauc_recall_at_10_diff1": 0.782918,
        "nauc_recall_at_20_max": 0.884384,
        "nauc_recall_at_20_std": 0.314982,
        "nauc_recall_at_20_diff1": 0.768055,
        "nauc_recall_at_100_max": 1.0,
        "nauc_recall_at_100_std": 0.967327,
        "nauc_recall_at_100_diff1": 0.934654,
        "nauc_recall_at_1000_max": NaN,
        "nauc_recall_at_1000_std": NaN,
        "nauc_recall_at_1000_diff1": NaN,
        "nauc_precision_at_1_max": 0.544147,
        "nauc_precision_at_1_std": -0.20558,
        "nauc_precision_at_1_diff1": 0.848007,
        "nauc_precision_at_3_max": 0.749456,
        "nauc_precision_at_3_std": -0.109247,
        "nauc_precision_at_3_diff1": 0.772412,
        "nauc_precision_at_5_max": 0.813323,
        "nauc_precision_at_5_std": -0.12509,
        "nauc_precision_at_5_diff1": 0.787361,
        "nauc_precision_at_10_max": 0.883652,
        "nauc_precision_at_10_std": 0.015353,
        "nauc_precision_at_10_diff1": 0.782918,
        "nauc_precision_at_20_max": 0.884384,
        "nauc_precision_at_20_std": 0.314982,
        "nauc_precision_at_20_diff1": 0.768055,
        "nauc_precision_at_100_max": 1.0,
        "nauc_precision_at_100_std": 0.967327,
        "nauc_precision_at_100_diff1": 0.934654,
        "nauc_precision_at_1000_max": 1.0,
        "nauc_precision_at_1000_std": 1.0,
        "nauc_precision_at_1000_diff1": 1.0,
        "nauc_mrr_at_1_max": 0.544147,
        "nauc_mrr_at_1_std": -0.20558,
        "nauc_mrr_at_1_diff1": 0.848007,
        "nauc_mrr_at_3_max": 0.595038,
        "nauc_mrr_at_3_std": -0.19254,
        "nauc_mrr_at_3_diff1": 0.828285,
        "nauc_mrr_at_5_max": 0.593013,
        "nauc_mrr_at_5_std": -0.198512,
        "nauc_mrr_at_5_diff1": 0.832111,
        "nauc_mrr_at_10_max": 0.590486,
        "nauc_mrr_at_10_std": -0.196692,
        "nauc_mrr_at_10_diff1": 0.833101,
        "nauc_mrr_at_20_max": 0.588715,
        "nauc_mrr_at_20_std": -0.19594,
        "nauc_mrr_at_20_diff1": 0.833303,
        "nauc_mrr_at_100_max": 0.588276,
        "nauc_mrr_at_100_std": -0.19645,
        "nauc_mrr_at_100_diff1": 0.833736,
        "nauc_mrr_at_1000_max": 0.588227,
        "nauc_mrr_at_1000_std": -0.196587,
        "nauc_mrr_at_1000_diff1": 0.833723,
        "hit_rate_at_1": 0.83212,
        "hit_rate_at_3": 0.94374,
        "hit_rate_at_5": 0.96506,
        "hit_rate_at_10": 0.9814,
        "hit_rate_at_20": 0.99002,
        "hit_rate_at_100": 0.99819,
        "hit_rate_at_1000": 1.0,
        "main_score": 0.88871,
        "hf_subset": "default",
        "languages": [
          "deu-Latn"
        ],
        "mteb_version": "2.16.0"
      }
    ]
  },
  "evaluation_time": 15.465096168220043,
  "kg_co2_emissions": null,
  "date": 1782372919.567179,
  "evaluation_phases": [
    {
      "name": "Data loading",
      "start": 0.0,
      "end": 8.475643925368786,
      "split": "",
      "subset": ""
    },
    {
      "name": "Encoding queries and documents",
      "start": 8.5389259532094,
      "end": 14.512435600161552,
      "split": "test",
      "subset": "default"
    },
    {
      "name": "Scoring",
      "start": 14.512457508593798,
      "end": 15.44320222362876,
      "split": "test",
      "subset": "default"
    }
  ]
}