{
  "dataset_revision": "d7d94fa4b946cec4a27c84653aa0cf6b33f74a3c",
  "task_name": "MIRACLRetrievalHardNegatives",
  "mteb_version": "2.16.0",
  "scores": {
    "dev": [
      {
        "ndcg_at_1": 0.3082,
        "ndcg_at_3": 0.30118,
        "ndcg_at_5": 0.32262,
        "ndcg_at_10": 0.38188,
        "ndcg_at_20": 0.4252,
        "ndcg_at_100": 0.49353,
        "ndcg_at_1000": 0.5082,
        "map_at_1": 0.14187,
        "map_at_3": 0.22211,
        "map_at_5": 0.24804,
        "map_at_10": 0.2824,
        "map_at_20": 0.29962,
        "map_at_100": 0.31485,
        "map_at_1000": 0.3161,
        "recall_at_1": 0.14187,
        "recall_at_3": 0.28307,
        "recall_at_5": 0.35654,
        "recall_at_10": 0.50389,
        "recall_at_20": 0.63382,
        "recall_at_100": 0.91036,
        "recall_at_1000": 0.99403,
        "accuracy": 0.14187,
        "precision_at_1": 0.3082,
        "precision_at_3": 0.22077,
        "precision_at_5": 0.17246,
        "precision_at_10": 0.12525,
        "precision_at_20": 0.08082,
        "precision_at_100": 0.0241,
        "precision_at_1000": 0.00263,
        "mrr_at_1": 0.308197,
        "mrr_at_3": 0.402732,
        "mrr_at_5": 0.421257,
        "mrr_at_10": 0.44012,
        "mrr_at_20": 0.446034,
        "mrr_at_100": 0.449389,
        "mrr_at_1000": 0.449661,
        "nauc_ndcg_at_1_max": 0.219258,
        "nauc_ndcg_at_1_std": 0.107719,
        "nauc_ndcg_at_1_diff1": 0.069138,
        "nauc_ndcg_at_3_max": 0.18867,
        "nauc_ndcg_at_3_std": 0.038806,
        "nauc_ndcg_at_3_diff1": 0.082273,
        "nauc_ndcg_at_5_max": 0.165803,
        "nauc_ndcg_at_5_std": -0.009084,
        "nauc_ndcg_at_5_diff1": 0.084009,
        "nauc_ndcg_at_10_max": 0.174936,
        "nauc_ndcg_at_10_std": 0.006457,
        "nauc_ndcg_at_10_diff1": 0.059673,
        "nauc_ndcg_at_20_max": 0.181496,
        "nauc_ndcg_at_20_std": -0.013786,
        "nauc_ndcg_at_20_diff1": 0.056346,
        "nauc_ndcg_at_100_max": 0.210949,
        "nauc_ndcg_at_100_std": 0.036845,
        "nauc_ndcg_at_100_diff1": 0.059704,
        "nauc_ndcg_at_1000_max": 0.210798,
        "nauc_ndcg_at_1000_std": 0.03906,
        "nauc_ndcg_at_1000_diff1": 0.061222,
        "nauc_map_at_1_max": 0.124675,
        "nauc_map_at_1_std": 0.034344,
        "nauc_map_at_1_diff1": 0.150384,
        "nauc_map_at_3_max": 0.135723,
        "nauc_map_at_3_std": 0.014299,
        "nauc_map_at_3_diff1": 0.099467,
        "nauc_map_at_5_max": 0.134185,
        "nauc_map_at_5_std": -0.016406,
        "nauc_map_at_5_diff1": 0.09488,
        "nauc_map_at_10_max": 0.143691,
        "nauc_map_at_10_std": -0.007335,
        "nauc_map_at_10_diff1": 0.078009,
        "nauc_map_at_20_max": 0.150434,
        "nauc_map_at_20_std": -0.016313,
        "nauc_map_at_20_diff1": 0.076248,
        "nauc_map_at_100_max": 0.161265,
        "nauc_map_at_100_std": -0.001916,
        "nauc_map_at_100_diff1": 0.07488,
        "nauc_map_at_1000_max": 0.161552,
        "nauc_map_at_1000_std": -0.001426,
        "nauc_map_at_1000_diff1": 0.074898,
        "nauc_recall_at_1_max": 0.124675,
        "nauc_recall_at_1_std": 0.034344,
        "nauc_recall_at_1_diff1": 0.150384,
        "nauc_recall_at_3_max": 0.127133,
        "nauc_recall_at_3_std": -0.011065,
        "nauc_recall_at_3_diff1": 0.091089,
        "nauc_recall_at_5_max": 0.09624,
        "nauc_recall_at_5_std": -0.079119,
        "nauc_recall_at_5_diff1": 0.06264,
        "nauc_recall_at_10_max": 0.117998,
        "nauc_recall_at_10_std": -0.040006,
        "nauc_recall_at_10_diff1": 0.003274,
        "nauc_recall_at_20_max": 0.09519,
        "nauc_recall_at_20_std": -0.115783,
        "nauc_recall_at_20_diff1": -0.005086,
        "nauc_recall_at_100_max": 0.179679,
        "nauc_recall_at_100_std": 0.034686,
        "nauc_recall_at_100_diff1": 0.001411,
        "nauc_recall_at_1000_max": 0.519958,
        "nauc_recall_at_1000_std": 0.607968,
        "nauc_recall_at_1000_diff1": 0.246995,
        "nauc_precision_at_1_max": 0.219258,
        "nauc_precision_at_1_std": 0.107719,
        "nauc_precision_at_1_diff1": 0.069138,
        "nauc_precision_at_3_max": 0.243471,
        "nauc_precision_at_3_std": 0.055939,
        "nauc_precision_at_3_diff1": 0.030878,
        "nauc_precision_at_5_max": 0.240103,
        "nauc_precision_at_5_std": -0.00757,
        "nauc_precision_at_5_diff1": 0.03517,
        "nauc_precision_at_10_max": 0.23396,
        "nauc_precision_at_10_std": 0.026918,
        "nauc_precision_at_10_diff1": -0.021424,
        "nauc_precision_at_20_max": 0.248343,
        "nauc_precision_at_20_std": -0.003161,
        "nauc_precision_at_20_diff1": -0.038471,
        "nauc_precision_at_100_max": 0.270305,
        "nauc_precision_at_100_std": 0.157144,
        "nauc_precision_at_100_diff1": -0.05035,
        "nauc_precision_at_1000_max": 0.240542,
        "nauc_precision_at_1000_std": 0.142196,
        "nauc_precision_at_1000_diff1": -0.060425,
        "nauc_mrr_at_1_max": 0.219258,
        "nauc_mrr_at_1_std": 0.107719,
        "nauc_mrr_at_1_diff1": 0.069138,
        "nauc_mrr_at_3_max": 0.238031,
        "nauc_mrr_at_3_std": 0.10116,
        "nauc_mrr_at_3_diff1": 0.076088,
        "nauc_mrr_at_5_max": 0.232873,
        "nauc_mrr_at_5_std": 0.092183,
        "nauc_mrr_at_5_diff1": 0.073629,
        "nauc_mrr_at_10_max": 0.239843,
        "nauc_mrr_at_10_std": 0.095171,
        "nauc_mrr_at_10_diff1": 0.06345,
        "nauc_mrr_at_20_max": 0.238039,
        "nauc_mrr_at_20_std": 0.095554,
        "nauc_mrr_at_20_diff1": 0.061509,
        "nauc_mrr_at_100_max": 0.236591,
        "nauc_mrr_at_100_std": 0.095742,
        "nauc_mrr_at_100_diff1": 0.062263,
        "nauc_mrr_at_1000_max": 0.236497,
        "nauc_mrr_at_1000_std": 0.095915,
        "nauc_mrr_at_1000_diff1": 0.062273,
        "hit_rate_at_1": 0.3082,
        "hit_rate_at_3": 0.52459,
        "hit_rate_at_5": 0.60328,
        "hit_rate_at_10": 0.7377,
        "hit_rate_at_20": 0.82951,
        "hit_rate_at_100": 0.96066,
        "hit_rate_at_1000": 1.0,
        "main_score": 0.38188,
        "hf_subset": "de",
        "languages": [
          "deu-Latn"
        ],
        "mteb_version": "2.16.0"
      }
    ]
  },
  "evaluation_time": 196.58731365948915,
  "kg_co2_emissions": null,
  "date": 1782373304.67045,
  "evaluation_phases": [
    {
      "name": "Data loading",
      "start": 7.502734661102295e-06,
      "end": 7.49179931730032,
      "split": "",
      "subset": ""
    },
    {
      "name": "Dataset transform",
      "start": 7.491807401180267,
      "end": 7.491809636354446,
      "split": "",
      "subset": ""
    },
    {
      "name": "Encoding queries and documents",
      "start": 7.499723432585597,
      "end": 196.24666986241937,
      "split": "dev",
      "subset": "de"
    },
    {
      "name": "Scoring",
      "start": 196.24668765999377,
      "end": 196.57393223419785,
      "split": "dev",
      "subset": "de"
    }
  ]
}