{
  "dataset_revision": "837028901907a7d419b4ab906f28e011ce1cc824",
  "task_name": "MultiLongDocRetrieval",
  "mteb_version": "2.16.0",
  "scores": {
    "dev": [
      {
        "ndcg_at_1": 0.17,
        "ndcg_at_3": 0.20655,
        "ndcg_at_5": 0.22031,
        "ndcg_at_10": 0.24459,
        "ndcg_at_20": 0.26229,
        "ndcg_at_100": 0.28942,
        "ndcg_at_1000": 0.31884,
        "map_at_1": 0.17,
        "map_at_3": 0.19833,
        "map_at_5": 0.20558,
        "map_at_10": 0.21561,
        "map_at_20": 0.22048,
        "map_at_100": 0.22432,
        "map_at_1000": 0.22528,
        "recall_at_1": 0.17,
        "recall_at_3": 0.23,
        "recall_at_5": 0.265,
        "recall_at_10": 0.34,
        "recall_at_20": 0.41,
        "recall_at_100": 0.555,
        "recall_at_1000": 0.795,
        "accuracy": 0.17,
        "precision_at_1": 0.17,
        "precision_at_3": 0.07667,
        "precision_at_5": 0.053,
        "precision_at_10": 0.034,
        "precision_at_20": 0.0205,
        "precision_at_100": 0.00555,
        "precision_at_1000": 0.0008,
        "mrr_at_1": 0.17,
        "mrr_at_3": 0.198333,
        "mrr_at_5": 0.205583,
        "mrr_at_10": 0.215607,
        "mrr_at_20": 0.220476,
        "mrr_at_100": 0.224321,
        "mrr_at_1000": 0.225279,
        "nauc_ndcg_at_1_max": 0.270559,
        "nauc_ndcg_at_1_std": -0.074066,
        "nauc_ndcg_at_1_diff1": 0.3666,
        "nauc_ndcg_at_3_max": 0.259147,
        "nauc_ndcg_at_3_std": -0.021136,
        "nauc_ndcg_at_3_diff1": 0.316231,
        "nauc_ndcg_at_5_max": 0.260419,
        "nauc_ndcg_at_5_std": -0.019363,
        "nauc_ndcg_at_5_diff1": 0.307437,
        "nauc_ndcg_at_10_max": 0.291672,
        "nauc_ndcg_at_10_std": 0.018668,
        "nauc_ndcg_at_10_diff1": 0.289187,
        "nauc_ndcg_at_20_max": 0.288908,
        "nauc_ndcg_at_20_std": 0.040209,
        "nauc_ndcg_at_20_diff1": 0.27941,
        "nauc_ndcg_at_100_max": 0.288647,
        "nauc_ndcg_at_100_std": 0.048865,
        "nauc_ndcg_at_100_diff1": 0.284631,
        "nauc_ndcg_at_1000_max": 0.292907,
        "nauc_ndcg_at_1000_std": 0.066741,
        "nauc_ndcg_at_1000_diff1": 0.284856,
        "nauc_map_at_1_max": 0.270559,
        "nauc_map_at_1_std": -0.074066,
        "nauc_map_at_1_diff1": 0.3666,
        "nauc_map_at_3_max": 0.262396,
        "nauc_map_at_3_std": -0.031227,
        "nauc_map_at_3_diff1": 0.327184,
        "nauc_map_at_5_max": 0.262479,
        "nauc_map_at_5_std": -0.030544,
        "nauc_map_at_5_diff1": 0.322051,
        "nauc_map_at_10_max": 0.276381,
        "nauc_map_at_10_std": -0.013048,
        "nauc_map_at_10_diff1": 0.313412,
        "nauc_map_at_20_max": 0.276332,
        "nauc_map_at_20_std": -0.006048,
        "nauc_map_at_20_diff1": 0.310662,
        "nauc_map_at_100_max": 0.277267,
        "nauc_map_at_100_std": -0.004267,
        "nauc_map_at_100_diff1": 0.311669,
        "nauc_map_at_1000_max": 0.277623,
        "nauc_map_at_1000_std": -0.003185,
        "nauc_map_at_1000_diff1": 0.311601,
        "nauc_recall_at_1_max": 0.270559,
        "nauc_recall_at_1_std": -0.074066,
        "nauc_recall_at_1_diff1": 0.3666,
        "nauc_recall_at_3_max": 0.250309,
        "nauc_recall_at_3_std": 0.004866,
        "nauc_recall_at_3_diff1": 0.287419,
        "nauc_recall_at_5_max": 0.255805,
        "nauc_recall_at_5_std": 0.00892,
        "nauc_recall_at_5_diff1": 0.269576,
        "nauc_recall_at_10_max": 0.338099,
        "nauc_recall_at_10_std": 0.104653,
        "nauc_recall_at_10_diff1": 0.226212,
        "nauc_recall_at_20_max": 0.323656,
        "nauc_recall_at_20_std": 0.170867,
        "nauc_recall_at_20_diff1": 0.194292,
        "nauc_recall_at_100_max": 0.312806,
        "nauc_recall_at_100_std": 0.218222,
        "nauc_recall_at_100_diff1": 0.208918,
        "nauc_recall_at_1000_max": 0.362539,
        "nauc_recall_at_1000_std": 0.508055,
        "nauc_recall_at_1000_diff1": 0.169,
        "nauc_precision_at_1_max": 0.270559,
        "nauc_precision_at_1_std": -0.074066,
        "nauc_precision_at_1_diff1": 0.3666,
        "nauc_precision_at_3_max": 0.250309,
        "nauc_precision_at_3_std": 0.004866,
        "nauc_precision_at_3_diff1": 0.287419,
        "nauc_precision_at_5_max": 0.255805,
        "nauc_precision_at_5_std": 0.00892,
        "nauc_precision_at_5_diff1": 0.269576,
        "nauc_precision_at_10_max": 0.338099,
        "nauc_precision_at_10_std": 0.104653,
        "nauc_precision_at_10_diff1": 0.226212,
        "nauc_precision_at_20_max": 0.323656,
        "nauc_precision_at_20_std": 0.170867,
        "nauc_precision_at_20_diff1": 0.194292,
        "nauc_precision_at_100_max": 0.312806,
        "nauc_precision_at_100_std": 0.218222,
        "nauc_precision_at_100_diff1": 0.208918,
        "nauc_precision_at_1000_max": 0.362539,
        "nauc_precision_at_1000_std": 0.508055,
        "nauc_precision_at_1000_diff1": 0.169,
        "nauc_mrr_at_1_max": 0.270559,
        "nauc_mrr_at_1_std": -0.074066,
        "nauc_mrr_at_1_diff1": 0.3666,
        "nauc_mrr_at_3_max": 0.262396,
        "nauc_mrr_at_3_std": -0.031227,
        "nauc_mrr_at_3_diff1": 0.327184,
        "nauc_mrr_at_5_max": 0.262479,
        "nauc_mrr_at_5_std": -0.030544,
        "nauc_mrr_at_5_diff1": 0.322051,
        "nauc_mrr_at_10_max": 0.276381,
        "nauc_mrr_at_10_std": -0.013048,
        "nauc_mrr_at_10_diff1": 0.313412,
        "nauc_mrr_at_20_max": 0.276332,
        "nauc_mrr_at_20_std": -0.006048,
        "nauc_mrr_at_20_diff1": 0.310662,
        "nauc_mrr_at_100_max": 0.277267,
        "nauc_mrr_at_100_std": -0.004267,
        "nauc_mrr_at_100_diff1": 0.311669,
        "nauc_mrr_at_1000_max": 0.277623,
        "nauc_mrr_at_1000_std": -0.003185,
        "nauc_mrr_at_1000_diff1": 0.311601,
        "hit_rate_at_1": 0.17,
        "hit_rate_at_3": 0.23,
        "hit_rate_at_5": 0.265,
        "hit_rate_at_10": 0.34,
        "hit_rate_at_20": 0.41,
        "hit_rate_at_100": 0.555,
        "hit_rate_at_1000": 0.795,
        "main_score": 0.24459,
        "hf_subset": "de",
        "languages": [
          "deu-Latn"
        ],
        "mteb_version": "2.16.0"
      }
    ],
    "test": [
      {
        "ndcg_at_1": 0.19,
        "ndcg_at_3": 0.23839,
        "ndcg_at_5": 0.2485,
        "ndcg_at_10": 0.26403,
        "ndcg_at_20": 0.28198,
        "ndcg_at_100": 0.30918,
        "ndcg_at_1000": 0.34044,
        "map_at_1": 0.19,
        "map_at_3": 0.22583,
        "map_at_5": 0.23133,
        "map_at_10": 0.23737,
        "map_at_20": 0.24242,
        "map_at_100": 0.24596,
        "map_at_1000": 0.24694,
        "recall_at_1": 0.19,
        "recall_at_3": 0.275,
        "recall_at_5": 0.3,
        "recall_at_10": 0.35,
        "recall_at_20": 0.42,
        "recall_at_100": 0.57,
        "recall_at_1000": 0.825,
        "accuracy": 0.19,
        "precision_at_1": 0.19,
        "precision_at_3": 0.09167,
        "precision_at_5": 0.06,
        "precision_at_10": 0.035,
        "precision_at_20": 0.021,
        "precision_at_100": 0.0057,
        "precision_at_1000": 0.00082,
        "mrr_at_1": 0.19,
        "mrr_at_3": 0.225833,
        "mrr_at_5": 0.231333,
        "mrr_at_10": 0.237367,
        "mrr_at_20": 0.242417,
        "mrr_at_100": 0.245961,
        "mrr_at_1000": 0.246944,
        "nauc_ndcg_at_1_max": 0.160712,
        "nauc_ndcg_at_1_std": 0.009509,
        "nauc_ndcg_at_1_diff1": 0.414533,
        "nauc_ndcg_at_3_max": 0.174394,
        "nauc_ndcg_at_3_std": 0.060485,
        "nauc_ndcg_at_3_diff1": 0.376898,
        "nauc_ndcg_at_5_max": 0.17814,
        "nauc_ndcg_at_5_std": 0.082145,
        "nauc_ndcg_at_5_diff1": 0.357181,
        "nauc_ndcg_at_10_max": 0.16489,
        "nauc_ndcg_at_10_std": 0.091677,
        "nauc_ndcg_at_10_diff1": 0.34461,
        "nauc_ndcg_at_20_max": 0.174261,
        "nauc_ndcg_at_20_std": 0.112796,
        "nauc_ndcg_at_20_diff1": 0.327828,
        "nauc_ndcg_at_100_max": 0.167553,
        "nauc_ndcg_at_100_std": 0.113403,