{
  "dataset_revision": "48327de6ee192e9610f3069789719788957c7abd",
  "task_name": "GerDaLIRSmall",
  "mteb_version": "2.16.0",
  "scores": {
    "test": [
      {
        "ndcg_at_1": 0.08509,
        "ndcg_at_3": 0.10917,
        "ndcg_at_5": 0.12195,
        "ndcg_at_10": 0.13838,
        "ndcg_at_20": 0.15143,
        "ndcg_at_100": 0.17982,
        "ndcg_at_1000": 0.21111,
        "map_at_1": 0.07534,
        "map_at_3": 0.09908,
        "map_at_5": 0.1063,
        "map_at_10": 0.11314,
        "map_at_20": 0.11678,
        "map_at_100": 0.12065,
        "map_at_1000": 0.12167,
        "recall_at_1": 0.07534,
        "recall_at_3": 0.1278,
        "recall_at_5": 0.15803,
        "recall_at_10": 0.20721,
        "recall_at_20": 0.25694,
        "recall_at_100": 0.40696,
        "recall_at_1000": 0.65654,
        "accuracy": 0.07534,
        "precision_at_1": 0.08509,
        "precision_at_3": 0.04866,
        "precision_at_5": 0.03631,
        "precision_at_10": 0.02388,
        "precision_at_20": 0.0149,
        "precision_at_100": 0.00476,
        "precision_at_1000": 0.00077,
        "mrr_at_1": 0.085091,
        "mrr_at_3": 0.10998,
        "mrr_at_5": 0.117272,
        "mrr_at_10": 0.124183,
        "mrr_at_20": 0.127784,
        "mrr_at_100": 0.131451,
        "mrr_at_1000": 0.132376,
        "nauc_ndcg_at_1_max": 0.018707,
        "nauc_ndcg_at_1_std": 0.057499,
        "nauc_ndcg_at_1_diff1": 0.330143,
        "nauc_ndcg_at_3_max": -0.00526,
        "nauc_ndcg_at_3_std": 0.0733,
        "nauc_ndcg_at_3_diff1": 0.267758,
        "nauc_ndcg_at_5_max": -0.009433,
        "nauc_ndcg_at_5_std": 0.078724,
        "nauc_ndcg_at_5_diff1": 0.254087,
        "nauc_ndcg_at_10_max": -0.020599,
        "nauc_ndcg_at_10_std": 0.094396,
        "nauc_ndcg_at_10_diff1": 0.239627,
        "nauc_ndcg_at_20_max": -0.02261,
        "nauc_ndcg_at_20_std": 0.104187,
        "nauc_ndcg_at_20_diff1": 0.230198,
        "nauc_ndcg_at_100_max": -0.037538,
        "nauc_ndcg_at_100_std": 0.133187,
        "nauc_ndcg_at_100_diff1": 0.224454,
        "nauc_ndcg_at_1000_max": -0.043024,
        "nauc_ndcg_at_1000_std": 0.148511,
        "nauc_ndcg_at_1000_diff1": 0.222321,
        "nauc_map_at_1_max": 0.01807,
        "nauc_map_at_1_std": 0.051456,
        "nauc_map_at_1_diff1": 0.337907,
        "nauc_map_at_3_max": -0.000526,
        "nauc_map_at_3_std": 0.066981,
        "nauc_map_at_3_diff1": 0.281537,
        "nauc_map_at_5_max": -0.003393,
        "nauc_map_at_5_std": 0.070654,
        "nauc_map_at_5_diff1": 0.272201,
        "nauc_map_at_10_max": -0.008956,
        "nauc_map_at_10_std": 0.078571,
        "nauc_map_at_10_diff1": 0.26414,
        "nauc_map_at_20_max": -0.009738,
        "nauc_map_at_20_std": 0.082033,
        "nauc_map_at_20_diff1": 0.260919,
        "nauc_map_at_100_max": -0.01242,
        "nauc_map_at_100_std": 0.087021,
        "nauc_map_at_100_diff1": 0.259656,
        "nauc_map_at_1000_max": -0.012651,
        "nauc_map_at_1000_std": 0.087843,
        "nauc_map_at_1000_diff1": 0.259554,
        "nauc_recall_at_1_max": 0.01807,
        "nauc_recall_at_1_std": 0.051456,
        "nauc_recall_at_1_diff1": 0.337907,
        "nauc_recall_at_3_max": -0.018306,
        "nauc_recall_at_3_std": 0.082303,
        "nauc_recall_at_3_diff1": 0.233353,
        "nauc_recall_at_5_max": -0.025031,
        "nauc_recall_at_5_std": 0.091678,
        "nauc_recall_at_5_diff1": 0.21252,
        "nauc_recall_at_10_max": -0.045881,
        "nauc_recall_at_10_std": 0.121646,
        "nauc_recall_at_10_diff1": 0.18535,
        "nauc_recall_at_20_max": -0.048762,
        "nauc_recall_at_20_std": 0.142863,
        "nauc_recall_at_20_diff1": 0.164942,
        "nauc_recall_at_100_max": -0.095264,
        "nauc_recall_at_100_std": 0.232281,
        "nauc_recall_at_100_diff1": 0.15155,
        "nauc_recall_at_1000_max": -0.142534,
        "nauc_recall_at_1000_std": 0.340395,
        "nauc_recall_at_1000_diff1": 0.119472,
        "nauc_precision_at_1_max": 0.018707,
        "nauc_precision_at_1_std": 0.057499,
        "nauc_precision_at_1_diff1": 0.330143,
        "nauc_precision_at_3_max": -0.016867,
        "nauc_precision_at_3_std": 0.090772,
        "nauc_precision_at_3_diff1": 0.234513,
        "nauc_precision_at_5_max": -0.019803,
        "nauc_precision_at_5_std": 0.097735,
        "nauc_precision_at_5_diff1": 0.211605,
        "nauc_precision_at_10_max": -0.042866,
        "nauc_precision_at_10_std": 0.129317,
        "nauc_precision_at_10_diff1": 0.185889,
        "nauc_precision_at_20_max": -0.045134,
        "nauc_precision_at_20_std": 0.15503,
        "nauc_precision_at_20_diff1": 0.166684,
        "nauc_precision_at_100_max": -0.084116,
        "nauc_precision_at_100_std": 0.241231,
        "nauc_precision_at_100_diff1": 0.147884,
        "nauc_precision_at_1000_max": -0.101821,
        "nauc_precision_at_1000_std": 0.293939,
        "nauc_precision_at_1000_diff1": 0.105935,
        "nauc_mrr_at_1_max": 0.018707,
        "nauc_mrr_at_1_std": 0.057499,
        "nauc_mrr_at_1_diff1": 0.330143,
        "nauc_mrr_at_3_max": 0.00171,
        "nauc_mrr_at_3_std": 0.072499,
        "nauc_mrr_at_3_diff1": 0.279065,
        "nauc_mrr_at_5_max": -0.000725,
        "nauc_mrr_at_5_std": 0.075615,
        "nauc_mrr_at_5_diff1": 0.270603,
        "nauc_mrr_at_10_max": -0.006246,
        "nauc_mrr_at_10_std": 0.082792,
        "nauc_mrr_at_10_diff1": 0.263836,
        "nauc_mrr_at_20_max": -0.006936,
        "nauc_mrr_at_20_std": 0.0857,
        "nauc_mrr_at_20_diff1": 0.260164,
        "nauc_mrr_at_100_max": -0.009115,
        "nauc_mrr_at_100_std": 0.089642,
        "nauc_mrr_at_100_diff1": 0.259027,
        "nauc_mrr_at_1000_max": -0.009319,
        "nauc_mrr_at_1000_std": 0.090221,
        "nauc_mrr_at_1000_diff1": 0.258985,
        "hit_rate_at_1": 0.08509,
        "hit_rate_at_3": 0.14198,
        "hit_rate_at_5": 0.17419,
        "hit_rate_at_10": 0.22617,
        "hit_rate_at_20": 0.27824,
        "hit_rate_at_100": 0.43101,
        "hit_rate_at_1000": 0.67811,
        "main_score": 0.13838,
        "hf_subset": "default",
        "languages": [
          "deu-Latn"
        ],
        "mteb_version": "2.16.0"
      }
    ]
  },
  "evaluation_time": 265.06311440467834,
  "kg_co2_emissions": null,
  "date": 1782200104.929583,
  "evaluation_phases": [
    {
      "name": "Data loading",
      "start": 9.369105100631714e-06,
      "end": 7.37786740809679,
      "split": "",
      "subset": ""
    },
    {
      "name": "Dataset transform",
      "start": 7.377880305051804,
      "end": 7.377882145345211,
      "split": "",
      "subset": ""
    },
    {
      "name": "Encoding queries and documents",
      "start": 7.5504927560687065,
      "end": 254.18060567229986,
      "split": "test",
      "subset": "default"
    },
    {
      "name": "Scoring",
      "start": 254.1806264091283,
      "end": 264.87413586862385,
      "split": "test",
      "subset": "default"
    }
  ]
}