{
  "dataset_revision": "837028901907a7d419b4ab906f28e011ce1cc824",
  "task_name": "MultiLongDocRetrieval",
  "mteb_version": "2.16.0",
  "scores": {
    "dev": [
      {
        "ndcg_at_1": 0.14,
        "ndcg_at_3": 0.18786,
        "ndcg_at_5": 0.22012,
        "ndcg_at_10": 0.24493,
        "ndcg_at_20": 0.26393,
        "ndcg_at_100": 0.28593,
        "ndcg_at_1000": 0.31047,
        "map_at_1": 0.14,
        "map_at_3": 0.17667,
        "map_at_5": 0.19417,
        "map_at_10": 0.20474,
        "map_at_20": 0.20998,
        "map_at_100": 0.21294,
        "map_at_1000": 0.21375,
        "recall_at_1": 0.14,
        "recall_at_3": 0.22,
        "recall_at_5": 0.3,
        "recall_at_10": 0.375,
        "recall_at_20": 0.45,
        "recall_at_100": 0.57,
        "recall_at_1000": 0.77,
        "accuracy": 0.14,
        "precision_at_1": 0.14,
        "precision_at_3": 0.07333,
        "precision_at_5": 0.06,
        "precision_at_10": 0.0375,
        "precision_at_20": 0.0225,
        "precision_at_100": 0.0057,
        "precision_at_1000": 0.00077,
        "mrr_at_1": 0.14,
        "mrr_at_3": 0.176667,
        "mrr_at_5": 0.194167,
        "mrr_at_10": 0.20474,
        "mrr_at_20": 0.20998,
        "mrr_at_100": 0.212937,
        "mrr_at_1000": 0.213748,
        "nauc_ndcg_at_1_max": 0.43396,
        "nauc_ndcg_at_1_std": 0.031471,
        "nauc_ndcg_at_1_diff1": 0.557586,
        "nauc_ndcg_at_3_max": 0.340246,
        "nauc_ndcg_at_3_std": 0.049181,
        "nauc_ndcg_at_3_diff1": 0.396171,
        "nauc_ndcg_at_5_max": 0.36695,
        "nauc_ndcg_at_5_std": 0.08218,
        "nauc_ndcg_at_5_diff1": 0.388963,
        "nauc_ndcg_at_10_max": 0.39549,
        "nauc_ndcg_at_10_std": 0.124981,
        "nauc_ndcg_at_10_diff1": 0.389533,
        "nauc_ndcg_at_20_max": 0.402245,
        "nauc_ndcg_at_20_std": 0.155175,
        "nauc_ndcg_at_20_diff1": 0.367334,
        "nauc_ndcg_at_100_max": 0.399534,
        "nauc_ndcg_at_100_std": 0.157357,
        "nauc_ndcg_at_100_diff1": 0.366055,
        "nauc_ndcg_at_1000_max": 0.409245,
        "nauc_ndcg_at_1000_std": 0.161721,
        "nauc_ndcg_at_1000_diff1": 0.366455,
        "nauc_map_at_1_max": 0.43396,
        "nauc_map_at_1_std": 0.031471,
        "nauc_map_at_1_diff1": 0.557586,
        "nauc_map_at_3_max": 0.361957,
        "nauc_map_at_3_std": 0.049652,
        "nauc_map_at_3_diff1": 0.43034,
        "nauc_map_at_5_max": 0.375581,
        "nauc_map_at_5_std": 0.066908,
        "nauc_map_at_5_diff1": 0.425913,
        "nauc_map_at_10_max": 0.390928,
        "nauc_map_at_10_std": 0.088782,
        "nauc_map_at_10_diff1": 0.424029,
        "nauc_map_at_20_max": 0.39204,
        "nauc_map_at_20_std": 0.097003,
        "nauc_map_at_20_diff1": 0.417558,
        "nauc_map_at_100_max": 0.39104,
        "nauc_map_at_100_std": 0.096425,
        "nauc_map_at_100_diff1": 0.417153,
        "nauc_map_at_1000_max": 0.391279,
        "nauc_map_at_1000_std": 0.09656,
        "nauc_map_at_1000_diff1": 0.417257,
        "nauc_recall_at_1_max": 0.43396,
        "nauc_recall_at_1_std": 0.031471,
        "nauc_recall_at_1_diff1": 0.557586,
        "nauc_recall_at_3_max": 0.285491,
        "nauc_recall_at_3_std": 0.046555,
        "nauc_recall_at_3_diff1": 0.311014,
        "nauc_recall_at_5_max": 0.35127,
        "nauc_recall_at_5_std": 0.121119,
        "nauc_recall_at_5_diff1": 0.303972,
        "nauc_recall_at_10_max": 0.413157,
        "nauc_recall_at_10_std": 0.216883,
        "nauc_recall_at_10_diff1": 0.316111,
        "nauc_recall_at_20_max": 0.440228,
        "nauc_recall_at_20_std": 0.319191,
        "nauc_recall_at_20_diff1": 0.243272,
        "nauc_recall_at_100_max": 0.437989,
        "nauc_recall_at_100_std": 0.354451,
        "nauc_recall_at_100_diff1": 0.229273,
        "nauc_recall_at_1000_max": 0.567165,
        "nauc_recall_at_1000_std": 0.502607,
        "nauc_recall_at_1000_diff1": 0.15501,
        "nauc_precision_at_1_max": 0.43396,
        "nauc_precision_at_1_std": 0.031471,
        "nauc_precision_at_1_diff1": 0.557586,
        "nauc_precision_at_3_max": 0.285491,
        "nauc_precision_at_3_std": 0.046555,
        "nauc_precision_at_3_diff1": 0.311014,
        "nauc_precision_at_5_max": 0.35127,
        "nauc_precision_at_5_std": 0.121119,
        "nauc_precision_at_5_diff1": 0.303972,
        "nauc_precision_at_10_max": 0.413157,
        "nauc_precision_at_10_std": 0.216883,
        "nauc_precision_at_10_diff1": 0.316111,
        "nauc_precision_at_20_max": 0.440228,
        "nauc_precision_at_20_std": 0.319191,
        "nauc_precision_at_20_diff1": 0.243272,
        "nauc_precision_at_100_max": 0.437989,
        "nauc_precision_at_100_std": 0.354451,
        "nauc_precision_at_100_diff1": 0.229273,
        "nauc_precision_at_1000_max": 0.567165,
        "nauc_precision_at_1000_std": 0.502607,
        "nauc_precision_at_1000_diff1": 0.15501,
        "nauc_mrr_at_1_max": 0.43396,
        "nauc_mrr_at_1_std": 0.031471,
        "nauc_mrr_at_1_diff1": 0.557586,
        "nauc_mrr_at_3_max": 0.361957,
        "nauc_mrr_at_3_std": 0.049652,
        "nauc_mrr_at_3_diff1": 0.43034,
        "nauc_mrr_at_5_max": 0.375581,
        "nauc_mrr_at_5_std": 0.066908,
        "nauc_mrr_at_5_diff1": 0.425913,
        "nauc_mrr_at_10_max": 0.390928,
        "nauc_mrr_at_10_std": 0.088782,
        "nauc_mrr_at_10_diff1": 0.424029,
        "nauc_mrr_at_20_max": 0.39204,
        "nauc_mrr_at_20_std": 0.097003,
        "nauc_mrr_at_20_diff1": 0.417558,
        "nauc_mrr_at_100_max": 0.39104,
        "nauc_mrr_at_100_std": 0.096425,
        "nauc_mrr_at_100_diff1": 0.417153,
        "nauc_mrr_at_1000_max": 0.391279,
        "nauc_mrr_at_1000_std": 0.09656,
        "nauc_mrr_at_1000_diff1": 0.417257,
        "hit_rate_at_1": 0.14,
        "hit_rate_at_3": 0.22,
        "hit_rate_at_5": 0.3,
        "hit_rate_at_10": 0.375,
        "hit_rate_at_20": 0.45,
        "hit_rate_at_100": 0.57,
        "hit_rate_at_1000": 0.77,
        "main_score": 0.24493,
        "hf_subset": "de",
        "languages": [
          "deu-Latn"
        ],
        "mteb_version": "2.16.0"
      }
    ],
    "test": [
      {
        "ndcg_at_1": 0.14,
        "ndcg_at_3": 0.19286,
        "ndcg_at_5": 0.21479,
        "ndcg_at_10": 0.22978,
        "ndcg_at_20": 0.25143,
        "ndcg_at_100": 0.27794,
        "ndcg_at_1000": 0.31313,
        "map_at_1": 0.14,
        "map_at_3": 0.18,
        "map_at_5": 0.19175,
        "map_at_10": 0.19819,
        "map_at_20": 0.20422,
        "map_at_100": 0.20775,
        "map_at_1000": 0.20891,
        "recall_at_1": 0.14,
        "recall_at_3": 0.23,
        "recall_at_5": 0.285,
        "recall_at_10": 0.33,
        "recall_at_20": 0.415,
        "recall_at_100": 0.56,
        "recall_at_1000": 0.845,
        "accuracy": 0.14,
        "precision_at_1": 0.14,
        "precision_at_3": 0.07667,
        "precision_at_5": 0.057,
        "precision_at_10": 0.033,
        "precision_at_20": 0.02075,
        "precision_at_100": 0.0056,
        "precision_at_1000": 0.00085,
        "mrr_at_1": 0.14,
        "mrr_at_3": 0.18,
        "mrr_at_5": 0.19175,
        "mrr_at_10": 0.198192,
        "mrr_at_20": 0.204223,
        "mrr_at_100": 0.207755,
        "mrr_at_1000": 0.208906,
        "nauc_ndcg_at_1_max": 0.258443,
        "nauc_ndcg_at_1_std": -0.072839,
        "nauc_ndcg_at_1_diff1": 0.568692,
        "nauc_ndcg_at_3_max": 0.232868,
        "nauc_ndcg_at_3_std": -0.001946,
        "nauc_ndcg_at_3_diff1": 0.437646,
        "nauc_ndcg_at_5_max": 0.255527,
        "nauc_ndcg_at_5_std": 0.045229,
        "nauc_ndcg_at_5_diff1": 0.424544,
        "nauc_ndcg_at_10_max": 0.285221,
        "nauc_ndcg_at_10_std": 0.074691,
        "nauc_ndcg_at_10_diff1": 0.405568,
        "nauc_ndcg_at_20_max": 0.267984,
        "nauc_ndcg_at_20_std": 0.07903,
        "nauc_ndcg_at_20_diff1": 0.400621,
        "nauc_ndcg_at_100_max": 0.272851,
        "nauc_ndcg_at_100_std": 0.089593,