{
  "dataset_revision": "48327de6ee192e9610f3069789719788957c7abd",
  "task_name": "GerDaLIRSmall",
  "mteb_version": "2.16.0",
  "scores": {
    "test": [
      {
        "ndcg_at_1": 0.04814,
        "ndcg_at_3": 0.06169,
        "ndcg_at_5": 0.06977,
        "ndcg_at_10": 0.08036,
        "ndcg_at_20": 0.09097,
        "ndcg_at_100": 0.11331,
        "ndcg_at_1000": 0.14622,
        "map_at_1": 0.04234,
        "map_at_3": 0.05568,
        "map_at_5": 0.06014,
        "map_at_10": 0.06446,
        "map_at_20": 0.06737,
        "map_at_100": 0.07032,
        "map_at_1000": 0.07135,
        "recall_at_1": 0.04234,
        "recall_at_3": 0.0726,
        "recall_at_5": 0.09197,
        "recall_at_10": 0.12368,
        "recall_at_20": 0.16426,
        "recall_at_100": 0.28318,
        "recall_at_1000": 0.54675,
        "accuracy": 0.04234,
        "precision_at_1": 0.04814,
        "precision_at_3": 0.02779,
        "precision_at_5": 0.02107,
        "precision_at_10": 0.01424,
        "precision_at_20": 0.0095,
        "precision_at_100": 0.00331,
        "precision_at_1000": 0.00064,
        "mrr_at_1": 0.048145,
        "mrr_at_3": 0.062503,
        "mrr_at_5": 0.067134,
        "mrr_at_10": 0.071763,
        "mrr_at_20": 0.07476,
        "mrr_at_100": 0.077658,
        "mrr_at_1000": 0.078638,
        "nauc_ndcg_at_1_max": 0.029349,
        "nauc_ndcg_at_1_std": 0.039953,
        "nauc_ndcg_at_1_diff1": 0.358329,
        "nauc_ndcg_at_3_max": 0.005435,
        "nauc_ndcg_at_3_std": 0.06141,
        "nauc_ndcg_at_3_diff1": 0.266555,
        "nauc_ndcg_at_5_max": -0.000106,
        "nauc_ndcg_at_5_std": 0.066813,
        "nauc_ndcg_at_5_diff1": 0.243525,
        "nauc_ndcg_at_10_max": -0.015503,
        "nauc_ndcg_at_10_std": 0.082588,
        "nauc_ndcg_at_10_diff1": 0.224456,
        "nauc_ndcg_at_20_max": -0.02521,
        "nauc_ndcg_at_20_std": 0.0946,
        "nauc_ndcg_at_20_diff1": 0.209583,
        "nauc_ndcg_at_100_max": -0.041956,
        "nauc_ndcg_at_100_std": 0.125819,
        "nauc_ndcg_at_100_diff1": 0.195108,
        "nauc_ndcg_at_1000_max": -0.061288,
        "nauc_ndcg_at_1000_std": 0.154057,
        "nauc_ndcg_at_1000_diff1": 0.194092,
        "nauc_map_at_1_max": 0.024769,
        "nauc_map_at_1_std": 0.035411,
        "nauc_map_at_1_diff1": 0.355181,
        "nauc_map_at_3_max": 0.009348,
        "nauc_map_at_3_std": 0.053896,
        "nauc_map_at_3_diff1": 0.284216,
        "nauc_map_at_5_max": 0.005459,
        "nauc_map_at_5_std": 0.05787,
        "nauc_map_at_5_diff1": 0.268628,
        "nauc_map_at_10_max": -0.002501,
        "nauc_map_at_10_std": 0.06605,
        "nauc_map_at_10_diff1": 0.25795,
        "nauc_map_at_20_max": -0.00625,
        "nauc_map_at_20_std": 0.070818,
        "nauc_map_at_20_diff1": 0.25194,
        "nauc_map_at_100_max": -0.009785,
        "nauc_map_at_100_std": 0.077391,
        "nauc_map_at_100_diff1": 0.24789,
        "nauc_map_at_1000_max": -0.010708,
        "nauc_map_at_1000_std": 0.078964,
        "nauc_map_at_1000_diff1": 0.247742,
        "nauc_recall_at_1_max": 0.024769,
        "nauc_recall_at_1_std": 0.035411,
        "nauc_recall_at_1_diff1": 0.355181,
        "nauc_recall_at_3_max": -0.004879,
        "nauc_recall_at_3_std": 0.072729,
        "nauc_recall_at_3_diff1": 0.22528,
        "nauc_recall_at_5_max": -0.013166,
        "nauc_recall_at_5_std": 0.079576,
        "nauc_recall_at_5_diff1": 0.191456,
        "nauc_recall_at_10_max": -0.041462,
        "nauc_recall_at_10_std": 0.106415,
        "nauc_recall_at_10_diff1": 0.159786,
        "nauc_recall_at_20_max": -0.059652,
        "nauc_recall_at_20_std": 0.129406,
        "nauc_recall_at_20_diff1": 0.13847,
        "nauc_recall_at_100_max": -0.094003,
        "nauc_recall_at_100_std": 0.19649,
        "nauc_recall_at_100_diff1": 0.118201,
        "nauc_recall_at_1000_max": -0.169374,
        "nauc_recall_at_1000_std": 0.299705,
        "nauc_recall_at_1000_diff1": 0.11052,
        "nauc_precision_at_1_max": 0.029349,
        "nauc_precision_at_1_std": 0.039953,
        "nauc_precision_at_1_diff1": 0.358329,
        "nauc_precision_at_3_max": -0.002763,
        "nauc_precision_at_3_std": 0.079187,
        "nauc_precision_at_3_diff1": 0.230071,
        "nauc_precision_at_5_max": -0.011811,
        "nauc_precision_at_5_std": 0.087134,
        "nauc_precision_at_5_diff1": 0.197574,
        "nauc_precision_at_10_max": -0.037594,
        "nauc_precision_at_10_std": 0.116352,
        "nauc_precision_at_10_diff1": 0.168454,
        "nauc_precision_at_20_max": -0.053113,
        "nauc_precision_at_20_std": 0.137164,
        "nauc_precision_at_20_diff1": 0.145982,
        "nauc_precision_at_100_max": -0.086276,
        "nauc_precision_at_100_std": 0.210902,
        "nauc_precision_at_100_diff1": 0.125204,
        "nauc_precision_at_1000_max": -0.134837,
        "nauc_precision_at_1000_std": 0.28556,
        "nauc_precision_at_1000_diff1": 0.114239,
        "nauc_mrr_at_1_max": 0.029349,
        "nauc_mrr_at_1_std": 0.039953,
        "nauc_mrr_at_1_diff1": 0.358329,
        "nauc_mrr_at_3_max": 0.011815,
        "nauc_mrr_at_3_std": 0.060834,
        "nauc_mrr_at_3_diff1": 0.285978,
        "nauc_mrr_at_5_max": 0.008572,
        "nauc_mrr_at_5_std": 0.064319,
        "nauc_mrr_at_5_diff1": 0.271022,
        "nauc_mrr_at_10_max": 0.00073,
        "nauc_mrr_at_10_std": 0.072535,
        "nauc_mrr_at_10_diff1": 0.260367,
        "nauc_mrr_at_20_max": -0.002623,
        "nauc_mrr_at_20_std": 0.076474,
        "nauc_mrr_at_20_diff1": 0.253966,
        "nauc_mrr_at_100_max": -0.005666,
        "nauc_mrr_at_100_std": 0.081798,
        "nauc_mrr_at_100_diff1": 0.250739,
        "nauc_mrr_at_1000_max": -0.006456,
        "nauc_mrr_at_1000_std": 0.082892,
        "nauc_mrr_at_1000_diff1": 0.250716,
        "hit_rate_at_1": 0.04814,
        "hit_rate_at_3": 0.08149,
        "hit_rate_at_5": 0.10226,
        "hit_rate_at_10": 0.13716,
        "hit_rate_at_20": 0.18073,
        "hit_rate_at_100": 0.30464,
        "hit_rate_at_1000": 0.57013,
        "main_score": 0.08036,
        "hf_subset": "default",
        "languages": [
          "deu-Latn"
        ],
        "mteb_version": "2.16.0"
      }
    ]
  },
  "evaluation_time": 186.61096760816872,
  "kg_co2_emissions": null,
  "date": 1782218481.989011,
  "evaluation_phases": [
    {
      "name": "Data loading",
      "start": 4.196539521217346e-06,
      "end": 7.531991457566619,
      "split": "",
      "subset": ""
    },
    {
      "name": "Dataset transform",
      "start": 7.5319988410919905,
      "end": 7.532000092789531,
      "split": "",
      "subset": ""
    },
    {
      "name": "Encoding queries and documents",
      "start": 7.702468153089285,
      "end": 175.98375502601266,
      "split": "test",
      "subset": "default"
    },
    {
      "name": "Scoring",
      "start": 175.98379021137953,
      "end": 186.41949136927724,
      "split": "test",
      "subset": "default"
    }
  ]
}