{
  "dataset_revision": "f5c87ae5a2e7a5106606314eef45255f03151bb3",
  "task_name": "GermanQuAD-Retrieval",
  "mteb_version": "2.16.0",
  "scores": {
    "test": [
      {
        "ndcg_at_1": 0.78766,
        "ndcg_at_3": 0.86597,
        "ndcg_at_5": 0.88015,
        "ndcg_at_10": 0.88632,
        "ndcg_at_20": 0.88896,
        "ndcg_at_100": 0.89154,
        "ndcg_at_1000": 0.89208,
        "map_at_1": 0.78766,
        "map_at_3": 0.84732,
        "map_at_5": 0.85529,
        "map_at_10": 0.85783,
        "map_at_20": 0.85856,
        "map_at_100": 0.859,
        "map_at_1000": 0.85903,
        "recall_at_1": 0.78766,
        "recall_at_3": 0.91969,
        "recall_at_5": 0.95372,
        "recall_at_10": 0.97278,
        "recall_at_20": 0.98321,
        "recall_at_100": 0.99592,
        "recall_at_1000": 1.0,
        "accuracy": 0.78766,
        "precision_at_1": 0.78766,
        "precision_at_3": 0.30656,
        "precision_at_5": 0.19074,
        "precision_at_10": 0.09728,
        "precision_at_20": 0.04916,
        "precision_at_100": 0.00996,
        "precision_at_1000": 0.001,
        "mrr_at_1": 0.787659,
        "mrr_at_3": 0.847323,
        "mrr_at_5": 0.855286,
        "mrr_at_10": 0.857833,
        "mrr_at_20": 0.858562,
        "mrr_at_100": 0.859003,
        "mrr_at_1000": 0.859026,
        "nauc_ndcg_at_1_max": 0.450867,
        "nauc_ndcg_at_1_std": -0.13565,
        "nauc_ndcg_at_1_diff1": 0.811512,
        "nauc_ndcg_at_3_max": 0.515994,
        "nauc_ndcg_at_3_std": -0.122446,
        "nauc_ndcg_at_3_diff1": 0.78405,
        "nauc_ndcg_at_5_max": 0.524399,
        "nauc_ndcg_at_5_std": -0.096498,
        "nauc_ndcg_at_5_diff1": 0.787811,
        "nauc_ndcg_at_10_max": 0.514717,
        "nauc_ndcg_at_10_std": -0.100935,
        "nauc_ndcg_at_10_diff1": 0.787021,
        "nauc_ndcg_at_20_max": 0.509866,
        "nauc_ndcg_at_20_std": -0.105696,
        "nauc_ndcg_at_20_diff1": 0.78929,
        "nauc_ndcg_at_100_max": 0.503372,
        "nauc_ndcg_at_100_std": -0.10842,
        "nauc_ndcg_at_100_diff1": 0.793913,
        "nauc_ndcg_at_1000_max": 0.500869,
        "nauc_ndcg_at_1000_std": -0.112957,
        "nauc_ndcg_at_1000_diff1": 0.793789,
        "nauc_map_at_1_max": 0.450867,
        "nauc_map_at_1_std": -0.13565,
        "nauc_map_at_1_diff1": 0.811512,
        "nauc_map_at_3_max": 0.495806,
        "nauc_map_at_3_std": -0.127674,
        "nauc_map_at_3_diff1": 0.792589,
        "nauc_map_at_5_max": 0.498385,
        "nauc_map_at_5_std": -0.116398,
        "nauc_map_at_5_diff1": 0.794865,
        "nauc_map_at_10_max": 0.494842,
        "nauc_map_at_10_std": -0.118006,
        "nauc_map_at_10_diff1": 0.794831,
        "nauc_map_at_20_max": 0.493785,
        "nauc_map_at_20_std": -0.118964,
        "nauc_map_at_20_diff1": 0.795384,
        "nauc_map_at_100_max": 0.492926,
        "nauc_map_at_100_std": -0.119367,
        "nauc_map_at_100_diff1": 0.796088,
        "nauc_map_at_1000_max": 0.492844,
        "nauc_map_at_1000_std": -0.119509,
        "nauc_map_at_1000_diff1": 0.796082,
        "nauc_recall_at_1_max": 0.450867,
        "nauc_recall_at_1_std": -0.13565,
        "nauc_recall_at_1_diff1": 0.811512,
        "nauc_recall_at_3_max": 0.619601,
        "nauc_recall_at_3_std": -0.094727,
        "nauc_recall_at_3_diff1": 0.7402,
        "nauc_recall_at_5_max": 0.747373,
        "nauc_recall_at_5_std": 0.08524,
        "nauc_recall_at_5_diff1": 0.72992,
        "nauc_recall_at_10_max": 0.781204,
        "nauc_recall_at_10_std": 0.152322,
        "nauc_recall_at_10_diff1": 0.677264,
        "nauc_recall_at_20_max": 0.821413,
        "nauc_recall_at_20_std": 0.183048,
        "nauc_recall_at_20_diff1": 0.663533,
        "nauc_recall_at_100_max": 0.970957,
        "nauc_recall_at_100_std": 0.7477,
        "nauc_recall_at_100_diff1": 0.81358,
        "nauc_recall_at_1000_max": NaN,
        "nauc_recall_at_1000_std": NaN,
        "nauc_recall_at_1000_diff1": NaN,
        "nauc_precision_at_1_max": 0.450867,
        "nauc_precision_at_1_std": -0.13565,
        "nauc_precision_at_1_diff1": 0.811512,
        "nauc_precision_at_3_max": 0.619601,
        "nauc_precision_at_3_std": -0.094727,
        "nauc_precision_at_3_diff1": 0.7402,
        "nauc_precision_at_5_max": 0.747373,
        "nauc_precision_at_5_std": 0.08524,
        "nauc_precision_at_5_diff1": 0.72992,
        "nauc_precision_at_10_max": 0.781204,
        "nauc_precision_at_10_std": 0.152322,
        "nauc_precision_at_10_diff1": 0.677264,
        "nauc_precision_at_20_max": 0.821413,
        "nauc_precision_at_20_std": 0.183048,
        "nauc_precision_at_20_diff1": 0.663533,
        "nauc_precision_at_100_max": 0.970957,
        "nauc_precision_at_100_std": 0.7477,
        "nauc_precision_at_100_diff1": 0.81358,
        "nauc_precision_at_1000_max": 1.0,
        "nauc_precision_at_1000_std": 1.0,
        "nauc_precision_at_1000_diff1": 1.0,
        "nauc_mrr_at_1_max": 0.450867,
        "nauc_mrr_at_1_std": -0.13565,
        "nauc_mrr_at_1_diff1": 0.811512,
        "nauc_mrr_at_3_max": 0.495806,
        "nauc_mrr_at_3_std": -0.127674,
        "nauc_mrr_at_3_diff1": 0.792589,
        "nauc_mrr_at_5_max": 0.498385,
        "nauc_mrr_at_5_std": -0.116398,
        "nauc_mrr_at_5_diff1": 0.794865,
        "nauc_mrr_at_10_max": 0.494842,
        "nauc_mrr_at_10_std": -0.118006,
        "nauc_mrr_at_10_diff1": 0.794831,
        "nauc_mrr_at_20_max": 0.493785,
        "nauc_mrr_at_20_std": -0.118964,
        "nauc_mrr_at_20_diff1": 0.795384,
        "nauc_mrr_at_100_max": 0.492926,
        "nauc_mrr_at_100_std": -0.119367,
        "nauc_mrr_at_100_diff1": 0.796088,
        "nauc_mrr_at_1000_max": 0.492844,
        "nauc_mrr_at_1000_std": -0.119509,
        "nauc_mrr_at_1000_diff1": 0.796082,
        "hit_rate_at_1": 0.78766,
        "hit_rate_at_3": 0.91969,
        "hit_rate_at_5": 0.95372,
        "hit_rate_at_10": 0.97278,
        "hit_rate_at_20": 0.98321,
        "hit_rate_at_100": 0.99592,
        "hit_rate_at_1000": 1.0,
        "main_score": 0.855286,
        "hf_subset": "default",
        "languages": [
          "deu-Latn"
        ],
        "mteb_version": "2.16.0"
      }
    ]
  },
  "evaluation_time": 11.940911956131458,
  "kg_co2_emissions": null,
  "date": 1782218295.372542,
  "evaluation_phases": [
    {
      "name": "Data loading",
      "start": 0.0,
      "end": 5.3823611587285995,
      "split": "",
      "subset": ""
    },
    {
      "name": "Encoding queries and documents",
      "start": 5.421788455918431,
      "end": 10.994485534727573,
      "split": "test",
      "subset": "default"
    },
    {
      "name": "Scoring",
      "start": 10.994508597999811,
      "end": 11.919690523296595,
      "split": "test",
      "subset": "default"
    }
  ]
}