{
  "dataset_revision": "d7d94fa4b946cec4a27c84653aa0cf6b33f74a3c",
  "task_name": "MIRACLRetrievalHardNegatives",
  "mteb_version": "2.16.0",
  "scores": {
    "dev": [
      {
        "ndcg_at_1": 0.22623,
        "ndcg_at_3": 0.2254,
        "ndcg_at_5": 0.245,
        "ndcg_at_10": 0.29707,
        "ndcg_at_20": 0.34096,
        "ndcg_at_100": 0.41789,
        "ndcg_at_1000": 0.44139,
        "map_at_1": 0.10552,
        "map_at_3": 0.16117,
        "map_at_5": 0.18186,
        "map_at_10": 0.21006,
        "map_at_20": 0.226,
        "map_at_100": 0.24289,
        "map_at_1000": 0.24459,
        "recall_at_1": 0.10552,
        "recall_at_3": 0.21453,
        "recall_at_5": 0.27657,
        "recall_at_10": 0.40485,
        "recall_at_20": 0.54063,
        "recall_at_100": 0.85025,
        "recall_at_1000": 0.98989,
        "accuracy": 0.10552,
        "precision_at_1": 0.22623,
        "precision_at_3": 0.16284,
        "precision_at_5": 0.13508,
        "precision_at_10": 0.10262,
        "precision_at_20": 0.06803,
        "precision_at_100": 0.02236,
        "precision_at_1000": 0.00263,
        "mrr_at_1": 0.22623,
        "mrr_at_3": 0.305464,
        "mrr_at_5": 0.325464,
        "mrr_at_10": 0.344906,
        "mrr_at_20": 0.35254,
        "mrr_at_100": 0.357242,
        "mrr_at_1000": 0.357485,
        "nauc_ndcg_at_1_max": 0.11642,
        "nauc_ndcg_at_1_std": -0.039746,
        "nauc_ndcg_at_1_diff1": 0.108778,
        "nauc_ndcg_at_3_max": 0.124273,
        "nauc_ndcg_at_3_std": -0.021977,
        "nauc_ndcg_at_3_diff1": 0.075627,
        "nauc_ndcg_at_5_max": 0.116751,
        "nauc_ndcg_at_5_std": -0.023557,
        "nauc_ndcg_at_5_diff1": 0.075414,
        "nauc_ndcg_at_10_max": 0.11888,
        "nauc_ndcg_at_10_std": -0.033107,
        "nauc_ndcg_at_10_diff1": 0.055026,
        "nauc_ndcg_at_20_max": 0.154592,
        "nauc_ndcg_at_20_std": -0.020387,
        "nauc_ndcg_at_20_diff1": 0.043713,
        "nauc_ndcg_at_100_max": 0.178611,
        "nauc_ndcg_at_100_std": 0.037955,
        "nauc_ndcg_at_100_diff1": 0.022774,
        "nauc_ndcg_at_1000_max": 0.16975,
        "nauc_ndcg_at_1000_std": 0.023274,
        "nauc_ndcg_at_1000_diff1": 0.03676,
        "nauc_map_at_1_max": 0.055729,
        "nauc_map_at_1_std": -0.066396,
        "nauc_map_at_1_diff1": 0.193294,
        "nauc_map_at_3_max": 0.081428,
        "nauc_map_at_3_std": -0.034795,
        "nauc_map_at_3_diff1": 0.116361,
        "nauc_map_at_5_max": 0.084473,
        "nauc_map_at_5_std": -0.034161,
        "nauc_map_at_5_diff1": 0.106785,
        "nauc_map_at_10_max": 0.094756,
        "nauc_map_at_10_std": -0.03711,
        "nauc_map_at_10_diff1": 0.084096,
        "nauc_map_at_20_max": 0.113394,
        "nauc_map_at_20_std": -0.028215,
        "nauc_map_at_20_diff1": 0.078871,
        "nauc_map_at_100_max": 0.124372,
        "nauc_map_at_100_std": -0.013339,
        "nauc_map_at_100_diff1": 0.071507,
        "nauc_map_at_1000_max": 0.124197,
        "nauc_map_at_1000_std": -0.012742,
        "nauc_map_at_1000_diff1": 0.071855,
        "nauc_recall_at_1_max": 0.055729,
        "nauc_recall_at_1_std": -0.066396,
        "nauc_recall_at_1_diff1": 0.193294,
        "nauc_recall_at_3_max": 0.073275,
        "nauc_recall_at_3_std": -0.031861,
        "nauc_recall_at_3_diff1": 0.062832,
        "nauc_recall_at_5_max": 0.08241,
        "nauc_recall_at_5_std": -0.02737,
        "nauc_recall_at_5_diff1": 0.059789,
        "nauc_recall_at_10_max": 0.087272,
        "nauc_recall_at_10_std": -0.043335,
        "nauc_recall_at_10_diff1": 0.023728,
        "nauc_recall_at_20_max": 0.148108,
        "nauc_recall_at_20_std": -0.030663,
        "nauc_recall_at_20_diff1": -0.009191,
        "nauc_recall_at_100_max": 0.224937,
        "nauc_recall_at_100_std": 0.264702,
        "nauc_recall_at_100_diff1": -0.173401,
        "nauc_recall_at_1000_max": 0.123166,
        "nauc_recall_at_1000_std": 0.519204,
        "nauc_recall_at_1000_diff1": 0.166828,
        "nauc_precision_at_1_max": 0.11642,
        "nauc_precision_at_1_std": -0.039746,
        "nauc_precision_at_1_diff1": 0.108778,
        "nauc_precision_at_3_max": 0.18476,
        "nauc_precision_at_3_std": 0.002547,
        "nauc_precision_at_3_diff1": -0.022715,
        "nauc_precision_at_5_max": 0.208736,
        "nauc_precision_at_5_std": 0.044402,
        "nauc_precision_at_5_diff1": -0.043166,
        "nauc_precision_at_10_max": 0.200583,
        "nauc_precision_at_10_std": 0.019525,
        "nauc_precision_at_10_diff1": -0.102385,
        "nauc_precision_at_20_max": 0.262103,
        "nauc_precision_at_20_std": 0.075746,
        "nauc_precision_at_20_diff1": -0.111786,
        "nauc_precision_at_100_max": 0.27287,
        "nauc_precision_at_100_std": 0.223533,
        "nauc_precision_at_100_diff1": -0.142324,
        "nauc_precision_at_1000_max": 0.214087,
        "nauc_precision_at_1000_std": 0.163672,
        "nauc_precision_at_1000_diff1": -0.125353,
        "nauc_mrr_at_1_max": 0.11642,
        "nauc_mrr_at_1_std": -0.039746,
        "nauc_mrr_at_1_diff1": 0.108778,
        "nauc_mrr_at_3_max": 0.132297,
        "nauc_mrr_at_3_std": -0.039843,
        "nauc_mrr_at_3_diff1": 0.06731,
        "nauc_mrr_at_5_max": 0.147169,
        "nauc_mrr_at_5_std": -0.017504,
        "nauc_mrr_at_5_diff1": 0.064411,
        "nauc_mrr_at_10_max": 0.152709,
        "nauc_mrr_at_10_std": -0.017243,
        "nauc_mrr_at_10_diff1": 0.066514,
        "nauc_mrr_at_20_max": 0.155943,
        "nauc_mrr_at_20_std": -0.018835,
        "nauc_mrr_at_20_diff1": 0.065068,
        "nauc_mrr_at_100_max": 0.153887,
        "nauc_mrr_at_100_std": -0.016624,
        "nauc_mrr_at_100_diff1": 0.06515,
        "nauc_mrr_at_1000_max": 0.153758,
        "nauc_mrr_at_1000_std": -0.016793,
        "nauc_mrr_at_1000_diff1": 0.065345,
        "hit_rate_at_1": 0.22623,
        "hit_rate_at_3": 0.41311,
        "hit_rate_at_5": 0.50164,
        "hit_rate_at_10": 0.6459,
        "hit_rate_at_20": 0.7541,
        "hit_rate_at_100": 0.9377,
        "hit_rate_at_1000": 0.99672,
        "main_score": 0.29707,
        "hf_subset": "de",
        "languages": [
          "deu-Latn"
        ],
        "mteb_version": "2.16.0"
      }
    ]
  },
  "evaluation_time": 198.72662834450603,
  "kg_co2_emissions": null,
  "date": 1782218680.723033,
  "evaluation_phases": [
    {
      "name": "Data loading",
      "start": 4.49642539024353e-06,
      "end": 7.593534441664815,
      "split": "",
      "subset": ""
    },
    {
      "name": "Dataset transform",
      "start": 7.593541465699673,
      "end": 7.593542972579598,
      "split": "",
      "subset": ""
    },
    {
      "name": "Encoding queries and documents",
      "start": 7.598876468837261,
      "end": 198.38017371296883,
      "split": "dev",
      "subset": "de"
    },
    {
      "name": "Scoring",
      "start": 198.38019210100174,
      "end": 198.71290205419064,
      "split": "dev",
      "subset": "de"
    }
  ]
}