{
  "dataset_revision": "837028901907a7d419b4ab906f28e011ce1cc824",
  "task_name": "MultiLongDocRetrieval",
  "mteb_version": "2.16.0",
  "scores": {
    "dev": [
      {
        "ndcg_at_1": 0.135,
        "ndcg_at_3": 0.16774,
        "ndcg_at_5": 0.18409,
        "ndcg_at_10": 0.2218,
        "ndcg_at_20": 0.23679,
        "ndcg_at_100": 0.26461,
        "ndcg_at_1000": 0.2941,
        "map_at_1": 0.135,
        "map_at_3": 0.16,
        "map_at_5": 0.169,
        "map_at_10": 0.18488,
        "map_at_20": 0.1889,
        "map_at_100": 0.19239,
        "map_at_1000": 0.19338,
        "recall_at_1": 0.135,
        "recall_at_3": 0.19,
        "recall_at_5": 0.23,
        "recall_at_10": 0.345,
        "recall_at_20": 0.405,
        "recall_at_100": 0.56,
        "recall_at_1000": 0.8,
        "accuracy": 0.135,
        "precision_at_1": 0.135,
        "precision_at_3": 0.06333,
        "precision_at_5": 0.046,
        "precision_at_10": 0.0345,
        "precision_at_20": 0.02025,
        "precision_at_100": 0.0056,
        "precision_at_1000": 0.0008,
        "mrr_at_1": 0.135,
        "mrr_at_3": 0.16,
        "mrr_at_5": 0.169,
        "mrr_at_10": 0.184883,
        "mrr_at_20": 0.188899,
        "mrr_at_100": 0.192385,
        "mrr_at_1000": 0.193382,
        "nauc_ndcg_at_1_max": 0.322964,
        "nauc_ndcg_at_1_std": 0.062412,
        "nauc_ndcg_at_1_diff1": 0.504754,
        "nauc_ndcg_at_3_max": 0.269701,
        "nauc_ndcg_at_3_std": 0.04402,
        "nauc_ndcg_at_3_diff1": 0.417102,
        "nauc_ndcg_at_5_max": 0.272154,
        "nauc_ndcg_at_5_std": 0.060751,
        "nauc_ndcg_at_5_diff1": 0.397131,
        "nauc_ndcg_at_10_max": 0.310043,
        "nauc_ndcg_at_10_std": 0.109674,
        "nauc_ndcg_at_10_diff1": 0.360168,
        "nauc_ndcg_at_20_max": 0.307263,
        "nauc_ndcg_at_20_std": 0.112088,
        "nauc_ndcg_at_20_diff1": 0.350687,
        "nauc_ndcg_at_100_max": 0.307897,
        "nauc_ndcg_at_100_std": 0.128646,
        "nauc_ndcg_at_100_diff1": 0.338228,
        "nauc_ndcg_at_1000_max": 0.310581,
        "nauc_ndcg_at_1000_std": 0.132574,
        "nauc_ndcg_at_1000_diff1": 0.351471,
        "nauc_map_at_1_max": 0.322964,
        "nauc_map_at_1_std": 0.062412,
        "nauc_map_at_1_diff1": 0.504754,
        "nauc_map_at_3_max": 0.277702,
        "nauc_map_at_3_std": 0.046282,
        "nauc_map_at_3_diff1": 0.432992,
        "nauc_map_at_5_max": 0.279849,
        "nauc_map_at_5_std": 0.056453,
        "nauc_map_at_5_diff1": 0.421273,
        "nauc_map_at_10_max": 0.299925,
        "nauc_map_at_10_std": 0.080946,
        "nauc_map_at_10_diff1": 0.40318,
        "nauc_map_at_20_max": 0.298889,
        "nauc_map_at_20_std": 0.081597,
        "nauc_map_at_20_diff1": 0.400558,
        "nauc_map_at_100_max": 0.298595,
        "nauc_map_at_100_std": 0.082991,
        "nauc_map_at_100_diff1": 0.398858,
        "nauc_map_at_1000_max": 0.298915,
        "nauc_map_at_1000_std": 0.083298,
        "nauc_map_at_1000_diff1": 0.399271,
        "nauc_recall_at_1_max": 0.322964,
        "nauc_recall_at_1_std": 0.062412,
        "nauc_recall_at_1_diff1": 0.504754,
        "nauc_recall_at_3_max": 0.250685,
        "nauc_recall_at_3_std": 0.0389,
        "nauc_recall_at_3_diff1": 0.377945,
        "nauc_recall_at_5_max": 0.254481,
        "nauc_recall_at_5_std": 0.072955,
        "nauc_recall_at_5_diff1": 0.338425,
        "nauc_recall_at_10_max": 0.337272,
        "nauc_recall_at_10_std": 0.181962,
        "nauc_recall_at_10_diff1": 0.258414,
        "nauc_recall_at_20_max": 0.329355,
        "nauc_recall_at_20_std": 0.188405,
        "nauc_recall_at_20_diff1": 0.229985,
        "nauc_recall_at_100_max": 0.339044,
        "nauc_recall_at_100_std": 0.282052,
        "nauc_recall_at_100_diff1": 0.160012,
        "nauc_recall_at_1000_max": 0.375262,
        "nauc_recall_at_1000_std": 0.423152,
        "nauc_recall_at_1000_diff1": 0.186726,
        "nauc_precision_at_1_max": 0.322964,
        "nauc_precision_at_1_std": 0.062412,
        "nauc_precision_at_1_diff1": 0.504754,
        "nauc_precision_at_3_max": 0.250685,
        "nauc_precision_at_3_std": 0.0389,
        "nauc_precision_at_3_diff1": 0.377945,
        "nauc_precision_at_5_max": 0.254481,
        "nauc_precision_at_5_std": 0.072955,
        "nauc_precision_at_5_diff1": 0.338425,
        "nauc_precision_at_10_max": 0.337272,
        "nauc_precision_at_10_std": 0.181962,
        "nauc_precision_at_10_diff1": 0.258414,
        "nauc_precision_at_20_max": 0.329355,
        "nauc_precision_at_20_std": 0.188405,
        "nauc_precision_at_20_diff1": 0.229985,
        "nauc_precision_at_100_max": 0.339044,
        "nauc_precision_at_100_std": 0.282052,
        "nauc_precision_at_100_diff1": 0.160012,
        "nauc_precision_at_1000_max": 0.375262,
        "nauc_precision_at_1000_std": 0.423152,
        "nauc_precision_at_1000_diff1": 0.186726,
        "nauc_mrr_at_1_max": 0.322964,
        "nauc_mrr_at_1_std": 0.062412,
        "nauc_mrr_at_1_diff1": 0.504754,
        "nauc_mrr_at_3_max": 0.277702,
        "nauc_mrr_at_3_std": 0.046282,
        "nauc_mrr_at_3_diff1": 0.432992,
        "nauc_mrr_at_5_max": 0.279849,
        "nauc_mrr_at_5_std": 0.056453,
        "nauc_mrr_at_5_diff1": 0.421273,
        "nauc_mrr_at_10_max": 0.299925,
        "nauc_mrr_at_10_std": 0.080946,
        "nauc_mrr_at_10_diff1": 0.40318,
        "nauc_mrr_at_20_max": 0.298889,
        "nauc_mrr_at_20_std": 0.081597,
        "nauc_mrr_at_20_diff1": 0.400558,
        "nauc_mrr_at_100_max": 0.298595,
        "nauc_mrr_at_100_std": 0.082991,
        "nauc_mrr_at_100_diff1": 0.398858,
        "nauc_mrr_at_1000_max": 0.298915,
        "nauc_mrr_at_1000_std": 0.083298,
        "nauc_mrr_at_1000_diff1": 0.399271,
        "hit_rate_at_1": 0.135,
        "hit_rate_at_3": 0.19,
        "hit_rate_at_5": 0.23,
        "hit_rate_at_10": 0.345,
        "hit_rate_at_20": 0.405,
        "hit_rate_at_100": 0.56,
        "hit_rate_at_1000": 0.8,
        "main_score": 0.2218,
        "hf_subset": "de",
        "languages": [
          "deu-Latn"
        ],
        "mteb_version": "2.16.0"
      }
    ],
    "test": [
      {
        "ndcg_at_1": 0.16,
        "ndcg_at_3": 0.19524,
        "ndcg_at_5": 0.2075,
        "ndcg_at_10": 0.23176,
        "ndcg_at_20": 0.24437,
        "ndcg_at_100": 0.26716,
        "ndcg_at_1000": 0.30308,
        "map_at_1": 0.16,
        "map_at_3": 0.18667,
        "map_at_5": 0.19342,
        "map_at_10": 0.20344,
        "map_at_20": 0.20689,
        "map_at_100": 0.20993,
        "map_at_1000": 0.21116,
        "recall_at_1": 0.16,
        "recall_at_3": 0.22,
        "recall_at_5": 0.25,
        "recall_at_10": 0.325,
        "recall_at_20": 0.375,
        "recall_at_100": 0.5,
        "recall_at_1000": 0.79,
        "accuracy": 0.16,
        "precision_at_1": 0.16,
        "precision_at_3": 0.07333,
        "precision_at_5": 0.05,
        "precision_at_10": 0.0325,
        "precision_at_20": 0.01875,
        "precision_at_100": 0.005,
        "precision_at_1000": 0.00079,
        "mrr_at_1": 0.16,
        "mrr_at_3": 0.186667,
        "mrr_at_5": 0.193417,
        "mrr_at_10": 0.203442,
        "mrr_at_20": 0.206887,
        "mrr_at_100": 0.209934,
        "mrr_at_1000": 0.211156,
        "nauc_ndcg_at_1_max": 0.216911,
        "nauc_ndcg_at_1_std": -0.056479,
        "nauc_ndcg_at_1_diff1": 0.550718,
        "nauc_ndcg_at_3_max": 0.163189,
        "nauc_ndcg_at_3_std": -0.046705,
        "nauc_ndcg_at_3_diff1": 0.439969,
        "nauc_ndcg_at_5_max": 0.180043,
        "nauc_ndcg_at_5_std": -0.033858,
        "nauc_ndcg_at_5_diff1": 0.429405,
        "nauc_ndcg_at_10_max": 0.207226,
        "nauc_ndcg_at_10_std": 0.008654,
        "nauc_ndcg_at_10_diff1": 0.415482,
        "nauc_ndcg_at_20_max": 0.224867,
        "nauc_ndcg_at_20_std": 0.043057,
        "nauc_ndcg_at_20_diff1": 0.403316,
        "nauc_ndcg_at_100_max": 0.216234,
        "nauc_ndcg_at_100_std": 0.04628,