{
  "dataset_revision": "48327de6ee192e9610f3069789719788957c7abd",
  "task_name": "GerDaLIRSmall",
  "mteb_version": "2.16.0",
  "scores": {
    "test": [
      {
        "ndcg_at_1": 0.10103,
        "ndcg_at_3": 0.12683,
        "ndcg_at_5": 0.13817,
        "ndcg_at_10": 0.15298,
        "ndcg_at_20": 0.1657,
        "ndcg_at_100": 0.19165,
        "ndcg_at_1000": 0.22275,
        "map_at_1": 0.09003,
        "map_at_3": 0.11629,
        "map_at_5": 0.12266,
        "map_at_10": 0.1288,
        "map_at_20": 0.13239,
        "map_at_100": 0.13589,
        "map_at_1000": 0.13687,
        "recall_at_1": 0.09003,
        "recall_at_3": 0.14655,
        "recall_at_5": 0.17337,
        "recall_at_10": 0.21784,
        "recall_at_20": 0.26612,
        "recall_at_100": 0.40412,
        "recall_at_1000": 0.65326,
        "accuracy": 0.09003,
        "precision_at_1": 0.10103,
        "precision_at_3": 0.05558,
        "precision_at_5": 0.03964,
        "precision_at_10": 0.02501,
        "precision_at_20": 0.01537,
        "precision_at_100": 0.00467,
        "precision_at_1000": 0.00076,
        "mrr_at_1": 0.10103,
        "mrr_at_3": 0.127336,
        "mrr_at_5": 0.134031,
        "mrr_at_10": 0.140264,
        "mrr_at_20": 0.143761,
        "mrr_at_100": 0.147133,
        "mrr_at_1000": 0.148039,
        "nauc_ndcg_at_1_max": 0.226372,
        "nauc_ndcg_at_1_std": 0.029591,
        "nauc_ndcg_at_1_diff1": 0.435235,
        "nauc_ndcg_at_3_max": 0.191014,
        "nauc_ndcg_at_3_std": 0.035991,
        "nauc_ndcg_at_3_diff1": 0.341239,
        "nauc_ndcg_at_5_max": 0.187088,
        "nauc_ndcg_at_5_std": 0.040791,
        "nauc_ndcg_at_5_diff1": 0.325675,
        "nauc_ndcg_at_10_max": 0.180175,
        "nauc_ndcg_at_10_std": 0.046824,
        "nauc_ndcg_at_10_diff1": 0.30878,
        "nauc_ndcg_at_20_max": 0.176845,
        "nauc_ndcg_at_20_std": 0.051632,
        "nauc_ndcg_at_20_diff1": 0.29845,
        "nauc_ndcg_at_100_max": 0.173998,
        "nauc_ndcg_at_100_std": 0.062175,
        "nauc_ndcg_at_100_diff1": 0.284882,
        "nauc_ndcg_at_1000_max": 0.171177,
        "nauc_ndcg_at_1000_std": 0.062378,
        "nauc_ndcg_at_1000_diff1": 0.282626,
        "nauc_map_at_1_max": 0.214139,
        "nauc_map_at_1_std": 0.027268,
        "nauc_map_at_1_diff1": 0.432048,
        "nauc_map_at_3_max": 0.194869,
        "nauc_map_at_3_std": 0.034358,
        "nauc_map_at_3_diff1": 0.358286,
        "nauc_map_at_5_max": 0.192329,
        "nauc_map_at_5_std": 0.037238,
        "nauc_map_at_5_diff1": 0.348645,
        "nauc_map_at_10_max": 0.189098,
        "nauc_map_at_10_std": 0.040013,
        "nauc_map_at_10_diff1": 0.34,
        "nauc_map_at_20_max": 0.187994,
        "nauc_map_at_20_std": 0.041681,
        "nauc_map_at_20_diff1": 0.336457,
        "nauc_map_at_100_max": 0.187706,
        "nauc_map_at_100_std": 0.043704,
        "nauc_map_at_100_diff1": 0.333999,
        "nauc_map_at_1000_max": 0.187693,
        "nauc_map_at_1000_std": 0.043773,
        "nauc_map_at_1000_diff1": 0.333966,
        "nauc_recall_at_1_max": 0.214139,
        "nauc_recall_at_1_std": 0.027268,
        "nauc_recall_at_1_diff1": 0.432048,
        "nauc_recall_at_3_max": 0.170772,
        "nauc_recall_at_3_std": 0.037423,
        "nauc_recall_at_3_diff1": 0.290723,
        "nauc_recall_at_5_max": 0.165221,
        "nauc_recall_at_5_std": 0.045874,
        "nauc_recall_at_5_diff1": 0.266163,
        "nauc_recall_at_10_max": 0.147559,
        "nauc_recall_at_10_std": 0.05875,
        "nauc_recall_at_10_diff1": 0.22919,
        "nauc_recall_at_20_max": 0.140855,
        "nauc_recall_at_20_std": 0.070576,
        "nauc_recall_at_20_diff1": 0.208661,
        "nauc_recall_at_100_max": 0.128925,
        "nauc_recall_at_100_std": 0.102652,
        "nauc_recall_at_100_diff1": 0.164234,
        "nauc_recall_at_1000_max": 0.093344,
        "nauc_recall_at_1000_std": 0.111672,
        "nauc_recall_at_1000_diff1": 0.116538,
        "nauc_precision_at_1_max": 0.226372,
        "nauc_precision_at_1_std": 0.029591,
        "nauc_precision_at_1_diff1": 0.435235,
        "nauc_precision_at_3_max": 0.19151,
        "nauc_precision_at_3_std": 0.041655,
        "nauc_precision_at_3_diff1": 0.299551,
        "nauc_precision_at_5_max": 0.184097,
        "nauc_precision_at_5_std": 0.052076,
        "nauc_precision_at_5_diff1": 0.273703,
        "nauc_precision_at_10_max": 0.171288,
        "nauc_precision_at_10_std": 0.065881,
        "nauc_precision_at_10_diff1": 0.241537,
        "nauc_precision_at_20_max": 0.163381,
        "nauc_precision_at_20_std": 0.077309,
        "nauc_precision_at_20_diff1": 0.216944,
        "nauc_precision_at_100_max": 0.152466,
        "nauc_precision_at_100_std": 0.114548,
        "nauc_precision_at_100_diff1": 0.172833,
        "nauc_precision_at_1000_max": 0.119728,
        "nauc_precision_at_1000_std": 0.107062,
        "nauc_precision_at_1000_diff1": 0.122988,
        "nauc_mrr_at_1_max": 0.226372,
        "nauc_mrr_at_1_std": 0.029591,
        "nauc_mrr_at_1_diff1": 0.435235,
        "nauc_mrr_at_3_max": 0.204354,
        "nauc_mrr_at_3_std": 0.036667,
        "nauc_mrr_at_3_diff1": 0.364011,
        "nauc_mrr_at_5_max": 0.201921,
        "nauc_mrr_at_5_std": 0.039718,
        "nauc_mrr_at_5_diff1": 0.353923,
        "nauc_mrr_at_10_max": 0.198389,
        "nauc_mrr_at_10_std": 0.041934,
        "nauc_mrr_at_10_diff1": 0.34564,
        "nauc_mrr_at_20_max": 0.197378,
        "nauc_mrr_at_20_std": 0.043516,
        "nauc_mrr_at_20_diff1": 0.342073,
        "nauc_mrr_at_100_max": 0.196987,
        "nauc_mrr_at_100_std": 0.044996,
        "nauc_mrr_at_100_diff1": 0.340025,
        "nauc_mrr_at_1000_max": 0.196957,
        "nauc_mrr_at_1000_std": 0.045002,
        "nauc_mrr_at_1000_diff1": 0.339988,
        "hit_rate_at_1": 0.10103,
        "hit_rate_at_3": 0.16037,
        "hit_rate_at_5": 0.18964,
        "hit_rate_at_10": 0.2368,
        "hit_rate_at_20": 0.28707,
        "hit_rate_at_100": 0.42807,
        "hit_rate_at_1000": 0.67607,
        "main_score": 0.15298,
        "hf_subset": "default",
        "languages": [
          "deu-Latn"
        ],
        "mteb_version": "2.16.0"
      }
    ]
  },
  "evaluation_time": 187.4599086996168,
  "kg_co2_emissions": null,
  "date": 1782185232.469772,
  "evaluation_phases": [
    {
      "name": "Data loading",
      "start": 4.606321454048157e-06,
      "end": 7.540639819577336,
      "split": "",
      "subset": ""
    },
    {
      "name": "Dataset transform",
      "start": 7.540647234767675,
      "end": 7.540648555383086,
      "split": "",
      "subset": ""
    },
    {
      "name": "Encoding queries and documents",
      "start": 7.710472358390689,
      "end": 176.34153389371932,
      "split": "test",
      "subset": "default"
    },
    {
      "name": "Scoring",
      "start": 176.34155719168484,
      "end": 187.25312023051083,
      "split": "test",
      "subset": "default"
    }
  ]
}