{
  "dataset_revision": "f5c87ae5a2e7a5106606314eef45255f03151bb3",
  "task_name": "GermanQuAD-Retrieval",
  "mteb_version": "2.16.0",
  "scores": {
    "test": [
      {
        "ndcg_at_1": 0.8843,
        "ndcg_at_3": 0.93167,
        "ndcg_at_5": 0.9368,
        "ndcg_at_10": 0.93928,
        "ndcg_at_20": 0.94105,
        "ndcg_at_100": 0.9424,
        "ndcg_at_1000": 0.94266,
        "map_at_1": 0.8843,
        "map_at_3": 0.92052,
        "map_at_5": 0.92343,
        "map_at_10": 0.92444,
        "map_at_20": 0.92496,
        "map_at_100": 0.92512,
        "map_at_1000": 0.92513,
        "recall_at_1": 0.8843,
        "recall_at_3": 0.9637,
        "recall_at_5": 0.97595,
        "recall_at_10": 0.98367,
        "recall_at_20": 0.99047,
        "recall_at_100": 0.99819,
        "recall_at_1000": 1.0,
        "accuracy": 0.8843,
        "precision_at_1": 0.8843,
        "precision_at_3": 0.32123,
        "precision_at_5": 0.19519,
        "precision_at_10": 0.09837,
        "precision_at_20": 0.04952,
        "precision_at_100": 0.00998,
        "precision_at_1000": 0.001,
        "mrr_at_1": 0.884301,
        "mrr_at_3": 0.920523,
        "mrr_at_5": 0.923427,
        "mrr_at_10": 0.924442,
        "mrr_at_20": 0.924958,
        "mrr_at_100": 0.925116,
        "mrr_at_1000": 0.925129,
        "nauc_ndcg_at_1_max": 0.713274,
        "nauc_ndcg_at_1_std": -0.108345,
        "nauc_ndcg_at_1_diff1": 0.898324,
        "nauc_ndcg_at_3_max": 0.773127,
        "nauc_ndcg_at_3_std": -0.132947,
        "nauc_ndcg_at_3_diff1": 0.892837,
        "nauc_ndcg_at_5_max": 0.774701,
        "nauc_ndcg_at_5_std": -0.123197,
        "nauc_ndcg_at_5_diff1": 0.89337,
        "nauc_ndcg_at_10_max": 0.767357,
        "nauc_ndcg_at_10_std": -0.111645,
        "nauc_ndcg_at_10_diff1": 0.894399,
        "nauc_ndcg_at_20_max": 0.760839,
        "nauc_ndcg_at_20_std": -0.109199,
        "nauc_ndcg_at_20_diff1": 0.893982,
        "nauc_ndcg_at_100_max": 0.755704,
        "nauc_ndcg_at_100_std": -0.113316,
        "nauc_ndcg_at_100_diff1": 0.894422,
        "nauc_ndcg_at_1000_max": 0.754614,
        "nauc_ndcg_at_1000_std": -0.115591,
        "nauc_ndcg_at_1000_diff1": 0.89395,
        "nauc_map_at_1_max": 0.713274,
        "nauc_map_at_1_std": -0.108345,
        "nauc_map_at_1_diff1": 0.898324,
        "nauc_map_at_3_max": 0.752737,
        "nauc_map_at_3_std": -0.126543,
        "nauc_map_at_3_diff1": 0.893408,
        "nauc_map_at_5_max": 0.752807,
        "nauc_map_at_5_std": -0.122642,
        "nauc_map_at_5_diff1": 0.893624,
        "nauc_map_at_10_max": 0.750104,
        "nauc_map_at_10_std": -0.118906,
        "nauc_map_at_10_diff1": 0.894014,
        "nauc_map_at_20_max": 0.74851,
        "nauc_map_at_20_std": -0.117901,
        "nauc_map_at_20_diff1": 0.893949,
        "nauc_map_at_100_max": 0.748015,
        "nauc_map_at_100_std": -0.118182,
        "nauc_map_at_100_diff1": 0.893981,
        "nauc_map_at_1000_max": 0.747972,
        "nauc_map_at_1000_std": -0.118276,
        "nauc_map_at_1000_diff1": 0.893963,
        "nauc_recall_at_1_max": 0.713274,
        "nauc_recall_at_1_std": -0.108345,
        "nauc_recall_at_1_diff1": 0.898324,
        "nauc_recall_at_3_max": 0.899821,
        "nauc_recall_at_3_std": -0.17093,
        "nauc_recall_at_3_diff1": 0.890477,
        "nauc_recall_at_5_max": 0.972566,
        "nauc_recall_at_5_std": -0.118179,
        "nauc_recall_at_5_diff1": 0.893297,
        "nauc_recall_at_10_max": 0.981848,
        "nauc_recall_at_10_std": 0.017797,
        "nauc_recall_at_10_diff1": 0.903853,
        "nauc_recall_at_20_max": 0.98133,
        "nauc_recall_at_20_std": 0.139634,
        "nauc_recall_at_20_diff1": 0.898972,
        "nauc_recall_at_100_max": 1.0,
        "nauc_recall_at_100_std": 0.389812,
        "nauc_recall_at_100_diff1": 1.0,
        "nauc_recall_at_1000_max": NaN,
        "nauc_recall_at_1000_std": NaN,
        "nauc_recall_at_1000_diff1": NaN,
        "nauc_precision_at_1_max": 0.713274,
        "nauc_precision_at_1_std": -0.108345,
        "nauc_precision_at_1_diff1": 0.898324,
        "nauc_precision_at_3_max": 0.899821,
        "nauc_precision_at_3_std": -0.17093,
        "nauc_precision_at_3_diff1": 0.890477,
        "nauc_precision_at_5_max": 0.972566,
        "nauc_precision_at_5_std": -0.118179,
        "nauc_precision_at_5_diff1": 0.893297,
        "nauc_precision_at_10_max": 0.981848,
        "nauc_precision_at_10_std": 0.017797,
        "nauc_precision_at_10_diff1": 0.903853,
        "nauc_precision_at_20_max": 0.98133,
        "nauc_precision_at_20_std": 0.139634,
        "nauc_precision_at_20_diff1": 0.898972,
        "nauc_precision_at_100_max": 1.0,
        "nauc_precision_at_100_std": 0.389812,
        "nauc_precision_at_100_diff1": 1.0,
        "nauc_precision_at_1000_max": 1.0,
        "nauc_precision_at_1000_std": 1.0,
        "nauc_precision_at_1000_diff1": 1.0,
        "nauc_mrr_at_1_max": 0.713274,
        "nauc_mrr_at_1_std": -0.108345,
        "nauc_mrr_at_1_diff1": 0.898324,
        "nauc_mrr_at_3_max": 0.752737,
        "nauc_mrr_at_3_std": -0.126543,
        "nauc_mrr_at_3_diff1": 0.893408,
        "nauc_mrr_at_5_max": 0.752807,
        "nauc_mrr_at_5_std": -0.122642,
        "nauc_mrr_at_5_diff1": 0.893624,
        "nauc_mrr_at_10_max": 0.750104,
        "nauc_mrr_at_10_std": -0.118906,
        "nauc_mrr_at_10_diff1": 0.894014,
        "nauc_mrr_at_20_max": 0.74851,
        "nauc_mrr_at_20_std": -0.117901,
        "nauc_mrr_at_20_diff1": 0.893949,
        "nauc_mrr_at_100_max": 0.748015,
        "nauc_mrr_at_100_std": -0.118182,
        "nauc_mrr_at_100_diff1": 0.893981,
        "nauc_mrr_at_1000_max": 0.747972,
        "nauc_mrr_at_1000_std": -0.118276,
        "nauc_mrr_at_1000_diff1": 0.893963,
        "hit_rate_at_1": 0.8843,
        "hit_rate_at_3": 0.9637,
        "hit_rate_at_5": 0.97595,
        "hit_rate_at_10": 0.98367,
        "hit_rate_at_20": 0.99047,
        "hit_rate_at_100": 0.99819,
        "hit_rate_at_1000": 1.0,
        "main_score": 0.923427,
        "hf_subset": "default",
        "languages": [
          "deu-Latn"
        ],
        "mteb_version": "2.16.0"
      }
    ]
  },
  "evaluation_time": 10.344999738037586,
  "kg_co2_emissions": null,
  "date": 1782185045.004044,
  "evaluation_phases": [
    {
      "name": "Data loading",
      "start": 0.0,
      "end": 4.78039688616991,
      "split": "",
      "subset": ""
    },
    {
      "name": "Encoding queries and documents",
      "start": 4.822220493108034,
      "end": 9.34284296259284,
      "split": "test",
      "subset": "default"
    },
    {
      "name": "Scoring",
      "start": 9.34286468848586,
      "end": 10.32143584638834,
      "split": "test",
      "subset": "default"
    }
  ]
}