{
  "dataset_revision": "d7d94fa4b946cec4a27c84653aa0cf6b33f74a3c",
  "task_name": "MIRACLRetrievalHardNegatives",
  "mteb_version": "2.16.0",
  "scores": {
    "dev": [
      {
        "ndcg_at_1": 0.46885,
        "ndcg_at_3": 0.45378,
        "ndcg_at_5": 0.47624,
        "ndcg_at_10": 0.52965,
        "ndcg_at_20": 0.56882,
        "ndcg_at_100": 0.61881,
        "ndcg_at_1000": 0.6246,
        "map_at_1": 0.22237,
        "map_at_3": 0.34806,
        "map_at_5": 0.39005,
        "map_at_10": 0.42664,
        "map_at_20": 0.44419,
        "map_at_100": 0.45675,
        "map_at_1000": 0.45738,
        "recall_at_1": 0.22237,
        "recall_at_3": 0.41758,
        "recall_at_5": 0.51314,
        "recall_at_10": 0.64532,
        "recall_at_20": 0.76022,
        "recall_at_100": 0.95927,
        "recall_at_1000": 0.99028,
        "accuracy": 0.22237,
        "precision_at_1": 0.46885,
        "precision_at_3": 0.32459,
        "precision_at_5": 0.24852,
        "precision_at_10": 0.16328,
        "precision_at_20": 0.0977,
        "precision_at_100": 0.02534,
        "precision_at_1000": 0.00263,
        "mrr_at_1": 0.468852,
        "mrr_at_3": 0.562295,
        "mrr_at_5": 0.577377,
        "mrr_at_10": 0.589982,
        "mrr_at_20": 0.594736,
        "mrr_at_100": 0.596978,
        "mrr_at_1000": 0.597019,
        "nauc_ndcg_at_1_max": 0.470541,
        "nauc_ndcg_at_1_std": 0.10116,
        "nauc_ndcg_at_1_diff1": 0.463117,
        "nauc_ndcg_at_3_max": 0.388885,
        "nauc_ndcg_at_3_std": 0.074445,
        "nauc_ndcg_at_3_diff1": 0.347691,
        "nauc_ndcg_at_5_max": 0.385955,
        "nauc_ndcg_at_5_std": 0.042504,
        "nauc_ndcg_at_5_diff1": 0.33652,
        "nauc_ndcg_at_10_max": 0.393602,
        "nauc_ndcg_at_10_std": 0.042247,
        "nauc_ndcg_at_10_diff1": 0.336575,
        "nauc_ndcg_at_20_max": 0.394483,
        "nauc_ndcg_at_20_std": 0.059689,
        "nauc_ndcg_at_20_diff1": 0.330243,
        "nauc_ndcg_at_100_max": 0.417124,
        "nauc_ndcg_at_100_std": 0.084834,
        "nauc_ndcg_at_100_diff1": 0.356857,
        "nauc_ndcg_at_1000_max": 0.414478,
        "nauc_ndcg_at_1000_std": 0.083687,
        "nauc_ndcg_at_1000_diff1": 0.355748,
        "nauc_map_at_1_max": 0.178895,
        "nauc_map_at_1_std": -0.013817,
        "nauc_map_at_1_diff1": 0.343875,
        "nauc_map_at_3_max": 0.282072,
        "nauc_map_at_3_std": 0.036386,
        "nauc_map_at_3_diff1": 0.325712,
        "nauc_map_at_5_max": 0.313868,
        "nauc_map_at_5_std": 0.035216,
        "nauc_map_at_5_diff1": 0.316851,
        "nauc_map_at_10_max": 0.335764,
        "nauc_map_at_10_std": 0.037339,
        "nauc_map_at_10_diff1": 0.317826,
        "nauc_map_at_20_max": 0.338891,
        "nauc_map_at_20_std": 0.047783,
        "nauc_map_at_20_diff1": 0.318666,
        "nauc_map_at_100_max": 0.34854,
        "nauc_map_at_100_std": 0.055846,
        "nauc_map_at_100_diff1": 0.326719,
        "nauc_map_at_1000_max": 0.348456,
        "nauc_map_at_1000_std": 0.05583,
        "nauc_map_at_1000_diff1": 0.326698,
        "nauc_recall_at_1_max": 0.178895,
        "nauc_recall_at_1_std": -0.013817,
        "nauc_recall_at_1_diff1": 0.343875,
        "nauc_recall_at_3_max": 0.273042,
        "nauc_recall_at_3_std": 0.019882,
        "nauc_recall_at_3_diff1": 0.273512,
        "nauc_recall_at_5_max": 0.302107,
        "nauc_recall_at_5_std": -0.024737,
        "nauc_recall_at_5_diff1": 0.240967,
        "nauc_recall_at_10_max": 0.316423,
        "nauc_recall_at_10_std": -0.010056,
        "nauc_recall_at_10_diff1": 0.232353,
        "nauc_recall_at_20_max": 0.273199,
        "nauc_recall_at_20_std": 0.006639,
        "nauc_recall_at_20_diff1": 0.158331,
        "nauc_recall_at_100_max": 0.372741,
        "nauc_recall_at_100_std": 0.251848,
        "nauc_recall_at_100_diff1": 0.269474,
        "nauc_recall_at_1000_max": 0.218592,
        "nauc_recall_at_1000_std": 0.726305,
        "nauc_recall_at_1000_diff1": 0.098299,
        "nauc_precision_at_1_max": 0.470541,
        "nauc_precision_at_1_std": 0.10116,
        "nauc_precision_at_1_diff1": 0.463117,
        "nauc_precision_at_3_max": 0.452492,
        "nauc_precision_at_3_std": 0.142252,
        "nauc_precision_at_3_diff1": 0.215088,
        "nauc_precision_at_5_max": 0.427205,
        "nauc_precision_at_5_std": 0.13556,
        "nauc_precision_at_5_diff1": 0.16318,
        "nauc_precision_at_10_max": 0.383472,
        "nauc_precision_at_10_std": 0.137351,
        "nauc_precision_at_10_diff1": 0.125415,
        "nauc_precision_at_20_max": 0.324328,
        "nauc_precision_at_20_std": 0.173097,
        "nauc_precision_at_20_diff1": 0.075353,
        "nauc_precision_at_100_max": 0.257091,
        "nauc_precision_at_100_std": 0.206474,
        "nauc_precision_at_100_diff1": 0.050116,
        "nauc_precision_at_1000_max": 0.229262,
        "nauc_precision_at_1000_std": 0.196769,
        "nauc_precision_at_1000_diff1": 0.03089,
        "nauc_mrr_at_1_max": 0.470541,
        "nauc_mrr_at_1_std": 0.10116,
        "nauc_mrr_at_1_diff1": 0.463117,
        "nauc_mrr_at_3_max": 0.501671,
        "nauc_mrr_at_3_std": 0.087296,
        "nauc_mrr_at_3_diff1": 0.440336,
        "nauc_mrr_at_5_max": 0.506409,
        "nauc_mrr_at_5_std": 0.08373,
        "nauc_mrr_at_5_diff1": 0.435713,
        "nauc_mrr_at_10_max": 0.502886,
        "nauc_mrr_at_10_std": 0.094936,
        "nauc_mrr_at_10_diff1": 0.434407,
        "nauc_mrr_at_20_max": 0.499759,
        "nauc_mrr_at_20_std": 0.093457,
        "nauc_mrr_at_20_diff1": 0.432043,
        "nauc_mrr_at_100_max": 0.499539,
        "nauc_mrr_at_100_std": 0.092968,
        "nauc_mrr_at_100_diff1": 0.434007,
        "nauc_mrr_at_1000_max": 0.499539,
        "nauc_mrr_at_1000_std": 0.092981,
        "nauc_mrr_at_1000_diff1": 0.433981,
        "hit_rate_at_1": 0.46885,
        "hit_rate_at_3": 0.67213,
        "hit_rate_at_5": 0.7377,
        "hit_rate_at_10": 0.83279,
        "hit_rate_at_20": 0.89836,
        "hit_rate_at_100": 0.98689,
        "hit_rate_at_1000": 0.99672,
        "main_score": 0.52965,
        "hf_subset": "de",
        "languages": [
          "deu-Latn"
        ],
        "mteb_version": "2.16.0"
      }
    ]
  },
  "evaluation_time": 162.64450490288436,
  "kg_co2_emissions": null,
  "date": 1782185395.121912,
  "evaluation_phases": [
    {
      "name": "Data loading",
      "start": 4.345551133155823e-06,
      "end": 7.068449202924967,
      "split": "",
      "subset": ""
    },
    {
      "name": "Dataset transform",
      "start": 7.068456780165434,
      "end": 7.06845835968852,
      "split": "",
      "subset": ""
    },
    {
      "name": "Encoding queries and documents",
      "start": 7.073628390207887,
      "end": 162.283148676157,
      "split": "dev",
      "subset": "de"
    },
    {
      "name": "Scoring",
      "start": 162.2831671293825,
      "end": 162.630110245198,
      "split": "dev",
      "subset": "de"
    }
  ]
}