{
  "dataset_revision": "837028901907a7d419b4ab906f28e011ce1cc824",
  "task_name": "MultiLongDocRetrieval",
  "mteb_version": "2.16.0",
  "scores": {
    "dev": [
      {
        "ndcg_at_1": 0.225,
        "ndcg_at_3": 0.24577,
        "ndcg_at_5": 0.25395,
        "ndcg_at_10": 0.26191,
        "ndcg_at_20": 0.2744,
        "ndcg_at_100": 0.29642,
        "ndcg_at_1000": 0.33322,
        "map_at_1": 0.225,
        "map_at_3": 0.24083,
        "map_at_5": 0.24533,
        "map_at_10": 0.24856,
        "map_at_20": 0.2519,
        "map_at_100": 0.25454,
        "map_at_1000": 0.25574,
        "recall_at_1": 0.225,
        "recall_at_3": 0.26,
        "recall_at_5": 0.28,
        "recall_at_10": 0.305,
        "recall_at_20": 0.355,
        "recall_at_100": 0.48,
        "recall_at_1000": 0.78,
        "accuracy": 0.225,
        "precision_at_1": 0.225,
        "precision_at_3": 0.08667,
        "precision_at_5": 0.056,
        "precision_at_10": 0.0305,
        "precision_at_20": 0.01775,
        "precision_at_100": 0.0048,
        "precision_at_1000": 0.00078,
        "mrr_at_1": 0.225,
        "mrr_at_3": 0.240833,
        "mrr_at_5": 0.245333,
        "mrr_at_10": 0.248556,
        "mrr_at_20": 0.251903,
        "mrr_at_100": 0.254539,
        "mrr_at_1000": 0.255741,
        "nauc_ndcg_at_1_max": 0.313674,
        "nauc_ndcg_at_1_std": 0.087904,
        "nauc_ndcg_at_1_diff1": 0.615387,
        "nauc_ndcg_at_3_max": 0.341349,
        "nauc_ndcg_at_3_std": 0.120963,
        "nauc_ndcg_at_3_diff1": 0.628666,
        "nauc_ndcg_at_5_max": 0.333623,
        "nauc_ndcg_at_5_std": 0.103529,
        "nauc_ndcg_at_5_diff1": 0.605165,
        "nauc_ndcg_at_10_max": 0.351717,
        "nauc_ndcg_at_10_std": 0.111649,
        "nauc_ndcg_at_10_diff1": 0.603211,
        "nauc_ndcg_at_20_max": 0.336707,
        "nauc_ndcg_at_20_std": 0.137775,
        "nauc_ndcg_at_20_diff1": 0.589774,
        "nauc_ndcg_at_100_max": 0.334789,
        "nauc_ndcg_at_100_std": 0.150487,
        "nauc_ndcg_at_100_diff1": 0.58776,
        "nauc_ndcg_at_1000_max": 0.328296,
        "nauc_ndcg_at_1000_std": 0.164345,
        "nauc_ndcg_at_1000_diff1": 0.583592,
        "nauc_map_at_1_max": 0.313674,
        "nauc_map_at_1_std": 0.087904,
        "nauc_map_at_1_diff1": 0.615387,
        "nauc_map_at_3_max": 0.336318,
        "nauc_map_at_3_std": 0.114091,
        "nauc_map_at_3_diff1": 0.626693,
        "nauc_map_at_5_max": 0.332284,
        "nauc_map_at_5_std": 0.104345,
        "nauc_map_at_5_diff1": 0.613196,
        "nauc_map_at_10_max": 0.340789,
        "nauc_map_at_10_std": 0.106577,
        "nauc_map_at_10_diff1": 0.613055,
        "nauc_map_at_20_max": 0.336591,
        "nauc_map_at_20_std": 0.114118,
        "nauc_map_at_20_diff1": 0.609151,
        "nauc_map_at_100_max": 0.336935,
        "nauc_map_at_100_std": 0.115865,
        "nauc_map_at_100_diff1": 0.608895,
        "nauc_map_at_1000_max": 0.336424,
        "nauc_map_at_1000_std": 0.116467,
        "nauc_map_at_1000_diff1": 0.608259,
        "nauc_recall_at_1_max": 0.313674,
        "nauc_recall_at_1_std": 0.087904,
        "nauc_recall_at_1_diff1": 0.615387,
        "nauc_recall_at_3_max": 0.354803,
        "nauc_recall_at_3_std": 0.139783,
        "nauc_recall_at_3_diff1": 0.633713,
        "nauc_recall_at_5_max": 0.335326,
        "nauc_recall_at_5_std": 0.098595,
        "nauc_recall_at_5_diff1": 0.580053,
        "nauc_recall_at_10_max": 0.383504,
        "nauc_recall_at_10_std": 0.12801,
        "nauc_recall_at_10_diff1": 0.571789,
        "nauc_recall_at_20_max": 0.328212,
        "nauc_recall_at_20_std": 0.221246,
        "nauc_recall_at_20_diff1": 0.524494,
        "nauc_recall_at_100_max": 0.311011,
        "nauc_recall_at_100_std": 0.287181,
        "nauc_recall_at_100_diff1": 0.51433,
        "nauc_recall_at_1000_max": 0.237342,
        "nauc_recall_at_1000_std": 0.539992,
        "nauc_recall_at_1000_diff1": 0.45099,
        "nauc_precision_at_1_max": 0.313674,
        "nauc_precision_at_1_std": 0.087904,
        "nauc_precision_at_1_diff1": 0.615387,
        "nauc_precision_at_3_max": 0.354803,
        "nauc_precision_at_3_std": 0.139783,
        "nauc_precision_at_3_diff1": 0.633713,
        "nauc_precision_at_5_max": 0.335326,
        "nauc_precision_at_5_std": 0.098595,
        "nauc_precision_at_5_diff1": 0.580053,
        "nauc_precision_at_10_max": 0.383504,
        "nauc_precision_at_10_std": 0.12801,
        "nauc_precision_at_10_diff1": 0.571789,
        "nauc_precision_at_20_max": 0.328212,
        "nauc_precision_at_20_std": 0.221246,
        "nauc_precision_at_20_diff1": 0.524494,
        "nauc_precision_at_100_max": 0.311011,
        "nauc_precision_at_100_std": 0.287181,
        "nauc_precision_at_100_diff1": 0.51433,
        "nauc_precision_at_1000_max": 0.237342,
        "nauc_precision_at_1000_std": 0.539992,
        "nauc_precision_at_1000_diff1": 0.45099,
        "nauc_mrr_at_1_max": 0.313674,
        "nauc_mrr_at_1_std": 0.087904,
        "nauc_mrr_at_1_diff1": 0.615387,
        "nauc_mrr_at_3_max": 0.336318,
        "nauc_mrr_at_3_std": 0.114091,
        "nauc_mrr_at_3_diff1": 0.626693,
        "nauc_mrr_at_5_max": 0.332284,
        "nauc_mrr_at_5_std": 0.104345,
        "nauc_mrr_at_5_diff1": 0.613196,
        "nauc_mrr_at_10_max": 0.340789,
        "nauc_mrr_at_10_std": 0.106577,
        "nauc_mrr_at_10_diff1": 0.613055,
        "nauc_mrr_at_20_max": 0.336591,
        "nauc_mrr_at_20_std": 0.114118,
        "nauc_mrr_at_20_diff1": 0.609151,
        "nauc_mrr_at_100_max": 0.336935,
        "nauc_mrr_at_100_std": 0.115865,
        "nauc_mrr_at_100_diff1": 0.608895,
        "nauc_mrr_at_1000_max": 0.336424,
        "nauc_mrr_at_1000_std": 0.116467,
        "nauc_mrr_at_1000_diff1": 0.608259,
        "hit_rate_at_1": 0.225,
        "hit_rate_at_3": 0.26,
        "hit_rate_at_5": 0.28,
        "hit_rate_at_10": 0.305,
        "hit_rate_at_20": 0.355,
        "hit_rate_at_100": 0.48,
        "hit_rate_at_1000": 0.78,
        "main_score": 0.26191,
        "hf_subset": "de",
        "languages": [
          "deu-Latn"
        ],
        "mteb_version": "2.16.0"
      }
    ],
    "test": [
      {
        "ndcg_at_1": 0.205,
        "ndcg_at_3": 0.24155,
        "ndcg_at_5": 0.25403,
        "ndcg_at_10": 0.26475,
        "ndcg_at_20": 0.27662,
        "ndcg_at_100": 0.30317,
        "ndcg_at_1000": 0.3384,
        "map_at_1": 0.205,
        "map_at_3": 0.23333,
        "map_at_5": 0.24033,
        "map_at_10": 0.24441,
        "map_at_20": 0.24793,
        "map_at_100": 0.25187,
        "map_at_1000": 0.25296,
        "recall_at_1": 0.205,
        "recall_at_3": 0.265,
        "recall_at_5": 0.295,
        "recall_at_10": 0.33,
        "recall_at_20": 0.375,
        "recall_at_100": 0.515,
        "recall_at_1000": 0.805,
        "accuracy": 0.205,
        "precision_at_1": 0.205,
        "precision_at_3": 0.08833,
        "precision_at_5": 0.059,
        "precision_at_10": 0.033,
        "precision_at_20": 0.01875,
        "precision_at_100": 0.00515,
        "precision_at_1000": 0.00081,
        "mrr_at_1": 0.205,
        "mrr_at_3": 0.233333,
        "mrr_at_5": 0.240333,
        "mrr_at_10": 0.244409,
        "mrr_at_20": 0.247926,
        "mrr_at_100": 0.251871,
        "mrr_at_1000": 0.252961,
        "nauc_ndcg_at_1_max": 0.392966,
        "nauc_ndcg_at_1_std": 0.175238,
        "nauc_ndcg_at_1_diff1": 0.533924,
        "nauc_ndcg_at_3_max": 0.357494,
        "nauc_ndcg_at_3_std": 0.209015,
        "nauc_ndcg_at_3_diff1": 0.462741,
        "nauc_ndcg_at_5_max": 0.346897,
        "nauc_ndcg_at_5_std": 0.212946,
        "nauc_ndcg_at_5_diff1": 0.440543,
        "nauc_ndcg_at_10_max": 0.349428,
        "nauc_ndcg_at_10_std": 0.221428,
        "nauc_ndcg_at_10_diff1": 0.443394,
        "nauc_ndcg_at_20_max": 0.344282,
        "nauc_ndcg_at_20_std": 0.234528,
        "nauc_ndcg_at_20_diff1": 0.433893,
        "nauc_ndcg_at_100_max": 0.321627,
        "nauc_ndcg_at_100_std": 0.255788,