{
  "dataset_revision": "48327de6ee192e9610f3069789719788957c7abd",
  "task_name": "GerDaLIRSmall",
  "mteb_version": "2.16.0",
  "scores": {
    "test": [
      {
        "ndcg_at_1": 0.05011,
        "ndcg_at_3": 0.0647,
        "ndcg_at_5": 0.07268,
        "ndcg_at_10": 0.08338,
        "ndcg_at_20": 0.09419,
        "ndcg_at_100": 0.11744,
        "ndcg_at_1000": 0.15149,
        "map_at_1": 0.04405,
        "map_at_3": 0.05834,
        "map_at_5": 0.06276,
        "map_at_10": 0.06718,
        "map_at_20": 0.07015,
        "map_at_100": 0.07321,
        "map_at_1000": 0.07428,
        "recall_at_1": 0.04405,
        "recall_at_3": 0.07656,
        "recall_at_5": 0.09539,
        "recall_at_10": 0.12732,
        "recall_at_20": 0.1688,
        "recall_at_100": 0.29251,
        "recall_at_1000": 0.56543,
        "accuracy": 0.04405,
        "precision_at_1": 0.05011,
        "precision_at_3": 0.0291,
        "precision_at_5": 0.02182,
        "precision_at_10": 0.01462,
        "precision_at_20": 0.00973,
        "precision_at_100": 0.00341,
        "precision_at_1000": 0.00066,
        "mrr_at_1": 0.050106,
        "mrr_at_3": 0.065323,
        "mrr_at_5": 0.070007,
        "mrr_at_10": 0.074679,
        "mrr_at_20": 0.07769,
        "mrr_at_100": 0.080734,
        "mrr_at_1000": 0.08174,
        "nauc_ndcg_at_1_max": 0.024087,
        "nauc_ndcg_at_1_std": 0.03064,
        "nauc_ndcg_at_1_diff1": 0.343874,
        "nauc_ndcg_at_3_max": 0.008665,
        "nauc_ndcg_at_3_std": 0.035534,
        "nauc_ndcg_at_3_diff1": 0.246618,
        "nauc_ndcg_at_5_max": 0.001421,
        "nauc_ndcg_at_5_std": 0.040576,
        "nauc_ndcg_at_5_diff1": 0.22378,
        "nauc_ndcg_at_10_max": -0.016486,
        "nauc_ndcg_at_10_std": 0.058111,
        "nauc_ndcg_at_10_diff1": 0.212545,
        "nauc_ndcg_at_20_max": -0.027384,
        "nauc_ndcg_at_20_std": 0.076104,
        "nauc_ndcg_at_20_diff1": 0.19987,
        "nauc_ndcg_at_100_max": -0.044082,
        "nauc_ndcg_at_100_std": 0.107346,
        "nauc_ndcg_at_100_diff1": 0.186275,
        "nauc_ndcg_at_1000_max": -0.067358,
        "nauc_ndcg_at_1000_std": 0.135418,
        "nauc_ndcg_at_1000_diff1": 0.190348,
        "nauc_map_at_1_max": 0.023151,
        "nauc_map_at_1_std": 0.023952,
        "nauc_map_at_1_diff1": 0.346231,
        "nauc_map_at_3_max": 0.011803,
        "nauc_map_at_3_std": 0.031095,
        "nauc_map_at_3_diff1": 0.265212,
        "nauc_map_at_5_max": 0.006908,
        "nauc_map_at_5_std": 0.034546,
        "nauc_map_at_5_diff1": 0.249314,
        "nauc_map_at_10_max": -0.002223,
        "nauc_map_at_10_std": 0.043577,
        "nauc_map_at_10_diff1": 0.243199,
        "nauc_map_at_20_max": -0.006611,
        "nauc_map_at_20_std": 0.05025,
        "nauc_map_at_20_diff1": 0.237899,
        "nauc_map_at_100_max": -0.010263,
        "nauc_map_at_100_std": 0.056672,
        "nauc_map_at_100_diff1": 0.234548,
        "nauc_map_at_1000_max": -0.011411,
        "nauc_map_at_1000_std": 0.058212,
        "nauc_map_at_1000_diff1": 0.234618,
        "nauc_recall_at_1_max": 0.023151,
        "nauc_recall_at_1_std": 0.023952,
        "nauc_recall_at_1_diff1": 0.346231,
        "nauc_recall_at_3_max": 0.000842,
        "nauc_recall_at_3_std": 0.040315,
        "nauc_recall_at_3_diff1": 0.204903,
        "nauc_recall_at_5_max": -0.011137,
        "nauc_recall_at_5_std": 0.047582,
        "nauc_recall_at_5_diff1": 0.170493,
        "nauc_recall_at_10_max": -0.044654,
        "nauc_recall_at_10_std": 0.080909,
        "nauc_recall_at_10_diff1": 0.153489,
        "nauc_recall_at_20_max": -0.064008,
        "nauc_recall_at_20_std": 0.117729,
        "nauc_recall_at_20_diff1": 0.135751,
        "nauc_recall_at_100_max": -0.097686,
        "nauc_recall_at_100_std": 0.185415,
        "nauc_recall_at_100_diff1": 0.113975,
        "nauc_recall_at_1000_max": -0.191863,
        "nauc_recall_at_1000_std": 0.293951,
        "nauc_recall_at_1000_diff1": 0.126302,
        "nauc_precision_at_1_max": 0.024087,
        "nauc_precision_at_1_std": 0.03064,
        "nauc_precision_at_1_diff1": 0.343874,
        "nauc_precision_at_3_max": 0.002499,
        "nauc_precision_at_3_std": 0.04624,
        "nauc_precision_at_3_diff1": 0.207296,
        "nauc_precision_at_5_max": -0.008046,
        "nauc_precision_at_5_std": 0.055059,
        "nauc_precision_at_5_diff1": 0.173424,
        "nauc_precision_at_10_max": -0.041983,
        "nauc_precision_at_10_std": 0.087985,
        "nauc_precision_at_10_diff1": 0.161013,
        "nauc_precision_at_20_max": -0.061281,
        "nauc_precision_at_20_std": 0.122118,
        "nauc_precision_at_20_diff1": 0.141936,
        "nauc_precision_at_100_max": -0.093903,
        "nauc_precision_at_100_std": 0.19755,
        "nauc_precision_at_100_diff1": 0.11955,
        "nauc_precision_at_1000_max": -0.160647,
        "nauc_precision_at_1000_std": 0.278024,
        "nauc_precision_at_1000_diff1": 0.122524,
        "nauc_mrr_at_1_max": 0.024087,
        "nauc_mrr_at_1_std": 0.03064,
        "nauc_mrr_at_1_diff1": 0.343874,
        "nauc_mrr_at_3_max": 0.012828,
        "nauc_mrr_at_3_std": 0.038372,
        "nauc_mrr_at_3_diff1": 0.265745,
        "nauc_mrr_at_5_max": 0.00845,
        "nauc_mrr_at_5_std": 0.041875,
        "nauc_mrr_at_5_diff1": 0.251419,
        "nauc_mrr_at_10_max": -0.000654,
        "nauc_mrr_at_10_std": 0.050088,
        "nauc_mrr_at_10_diff1": 0.24457,
        "nauc_mrr_at_20_max": -0.004735,
        "nauc_mrr_at_20_std": 0.056536,
        "nauc_mrr_at_20_diff1": 0.239502,
        "nauc_mrr_at_100_max": -0.007738,
        "nauc_mrr_at_100_std": 0.061798,
        "nauc_mrr_at_100_diff1": 0.236542,
        "nauc_mrr_at_1000_max": -0.008681,
        "nauc_mrr_at_1000_std": 0.062899,
        "nauc_mrr_at_1000_diff1": 0.236735,
        "hit_rate_at_1": 0.05011,
        "hit_rate_at_3": 0.08558,
        "hit_rate_at_5": 0.10618,
        "hit_rate_at_10": 0.141,
        "hit_rate_at_20": 0.18481,
        "hit_rate_at_100": 0.31453,
        "hit_rate_at_1000": 0.58926,
        "main_score": 0.08338,
        "hf_subset": "default",
        "languages": [
          "deu-Latn"
        ],
        "mteb_version": "2.16.0"
      }
    ]
  },
  "evaluation_time": 183.94364076666534,
  "kg_co2_emissions": null,
  "date": 1782199352.457949,
  "evaluation_phases": [
    {
      "name": "Data loading",
      "start": 4.250556230545044e-06,
      "end": 6.89731609262526,
      "split": "",
      "subset": ""
    },
    {
      "name": "Dataset transform",
      "start": 6.89732401818037,
      "end": 6.897326070815325,
      "split": "",
      "subset": ""
    },
    {
      "name": "Encoding queries and documents",
      "start": 7.061447994783521,
      "end": 173.2190666999668,
      "split": "test",
      "subset": "default"
    },
    {
      "name": "Scoring",
      "start": 173.2190871220082,
      "end": 183.75693466328084,
      "split": "test",
      "subset": "default"
    }
  ]
}