{
  "dataset_revision": "f5c87ae5a2e7a5106606314eef45255f03151bb3",
  "task_name": "GermanQuAD-Retrieval",
  "mteb_version": "2.16.0",
  "scores": {
    "test": [
      {
        "ndcg_at_1": 0.80581,
        "ndcg_at_3": 0.87464,
        "ndcg_at_5": 0.88762,
        "ndcg_at_10": 0.89408,
        "ndcg_at_20": 0.89766,
        "ndcg_at_100": 0.89954,
        "ndcg_at_1000": 0.90004,
        "map_at_1": 0.80581,
        "map_at_3": 0.85821,
        "map_at_5": 0.86547,
        "map_at_10": 0.86822,
        "map_at_20": 0.86922,
        "map_at_100": 0.86952,
        "map_at_1000": 0.86954,
        "recall_at_1": 0.80581,
        "recall_at_3": 0.92196,
        "recall_at_5": 0.95327,
        "recall_at_10": 0.97278,
        "recall_at_20": 0.98684,
        "recall_at_100": 0.99637,
        "recall_at_1000": 1.0,
        "accuracy": 0.80581,
        "precision_at_1": 0.80581,
        "precision_at_3": 0.30732,
        "precision_at_5": 0.19065,
        "precision_at_10": 0.09728,
        "precision_at_20": 0.04934,
        "precision_at_100": 0.00996,
        "precision_at_1000": 0.001,
        "mrr_at_1": 0.805808,
        "mrr_at_3": 0.858212,
        "mrr_at_5": 0.865472,
        "mrr_at_10": 0.86822,
        "mrr_at_20": 0.869217,
        "mrr_at_100": 0.869521,
        "mrr_at_1000": 0.869543,
        "nauc_ndcg_at_1_max": 0.460096,
        "nauc_ndcg_at_1_std": -0.150006,
        "nauc_ndcg_at_1_diff1": 0.809637,
        "nauc_ndcg_at_3_max": 0.536992,
        "nauc_ndcg_at_3_std": -0.143865,
        "nauc_ndcg_at_3_diff1": 0.781584,
        "nauc_ndcg_at_5_max": 0.543174,
        "nauc_ndcg_at_5_std": -0.130185,
        "nauc_ndcg_at_5_diff1": 0.784456,
        "nauc_ndcg_at_10_max": 0.532067,
        "nauc_ndcg_at_10_std": -0.119856,
        "nauc_ndcg_at_10_diff1": 0.781578,
        "nauc_ndcg_at_20_max": 0.522327,
        "nauc_ndcg_at_20_std": -0.131005,
        "nauc_ndcg_at_20_diff1": 0.786476,
        "nauc_ndcg_at_100_max": 0.518053,
        "nauc_ndcg_at_100_std": -0.128544,
        "nauc_ndcg_at_100_diff1": 0.789854,
        "nauc_ndcg_at_1000_max": 0.515564,
        "nauc_ndcg_at_1000_std": -0.13365,
        "nauc_ndcg_at_1000_diff1": 0.789954,
        "nauc_map_at_1_max": 0.460096,
        "nauc_map_at_1_std": -0.150006,
        "nauc_map_at_1_diff1": 0.809637,
        "nauc_map_at_3_max": 0.512487,
        "nauc_map_at_3_std": -0.146636,
        "nauc_map_at_3_diff1": 0.789996,
        "nauc_map_at_5_max": 0.514566,
        "nauc_map_at_5_std": -0.139629,
        "nauc_map_at_5_diff1": 0.791995,
        "nauc_map_at_10_max": 0.510133,
        "nauc_map_at_10_std": -0.136321,
        "nauc_map_at_10_diff1": 0.791113,
        "nauc_map_at_20_max": 0.507835,
        "nauc_map_at_20_std": -0.138743,
        "nauc_map_at_20_diff1": 0.792155,
        "nauc_map_at_100_max": 0.507307,
        "nauc_map_at_100_std": -0.138539,
        "nauc_map_at_100_diff1": 0.792671,
        "nauc_map_at_1000_max": 0.507219,
        "nauc_map_at_1000_std": -0.138722,
        "nauc_map_at_1000_diff1": 0.792676,
        "nauc_recall_at_1_max": 0.460096,
        "nauc_recall_at_1_std": -0.150006,
        "nauc_recall_at_1_diff1": 0.809637,
        "nauc_recall_at_3_max": 0.659352,
        "nauc_recall_at_3_std": -0.129437,
        "nauc_recall_at_3_diff1": 0.739962,
        "nauc_recall_at_5_max": 0.769234,
        "nauc_recall_at_5_std": -0.052216,
        "nauc_recall_at_5_diff1": 0.726058,
        "nauc_recall_at_10_max": 0.806024,
        "nauc_recall_at_10_std": 0.120376,
        "nauc_recall_at_10_diff1": 0.653279,
        "nauc_recall_at_20_max": 0.815132,
        "nauc_recall_at_20_std": 0.043041,
        "nauc_recall_at_20_diff1": 0.666085,
        "nauc_recall_at_100_max": 1.0,
        "nauc_recall_at_100_std": 0.855873,
        "nauc_recall_at_100_diff1": 0.771893,
        "nauc_recall_at_1000_max": NaN,
        "nauc_recall_at_1000_std": NaN,
        "nauc_recall_at_1000_diff1": NaN,
        "nauc_precision_at_1_max": 0.460096,
        "nauc_precision_at_1_std": -0.150006,
        "nauc_precision_at_1_diff1": 0.809637,
        "nauc_precision_at_3_max": 0.659352,
        "nauc_precision_at_3_std": -0.129437,
        "nauc_precision_at_3_diff1": 0.739962,
        "nauc_precision_at_5_max": 0.769234,
        "nauc_precision_at_5_std": -0.052216,
        "nauc_precision_at_5_diff1": 0.726058,
        "nauc_precision_at_10_max": 0.806024,
        "nauc_precision_at_10_std": 0.120376,
        "nauc_precision_at_10_diff1": 0.653279,
        "nauc_precision_at_20_max": 0.815132,
        "nauc_precision_at_20_std": 0.043041,
        "nauc_precision_at_20_diff1": 0.666085,
        "nauc_precision_at_100_max": 1.0,
        "nauc_precision_at_100_std": 0.855873,
        "nauc_precision_at_100_diff1": 0.771893,
        "nauc_precision_at_1000_max": 1.0,
        "nauc_precision_at_1000_std": 1.0,
        "nauc_precision_at_1000_diff1": 1.0,
        "nauc_mrr_at_1_max": 0.460096,
        "nauc_mrr_at_1_std": -0.150006,
        "nauc_mrr_at_1_diff1": 0.809637,
        "nauc_mrr_at_3_max": 0.512487,
        "nauc_mrr_at_3_std": -0.146636,
        "nauc_mrr_at_3_diff1": 0.789996,
        "nauc_mrr_at_5_max": 0.514566,
        "nauc_mrr_at_5_std": -0.139629,
        "nauc_mrr_at_5_diff1": 0.791995,
        "nauc_mrr_at_10_max": 0.510133,
        "nauc_mrr_at_10_std": -0.136321,
        "nauc_mrr_at_10_diff1": 0.791113,
        "nauc_mrr_at_20_max": 0.507835,
        "nauc_mrr_at_20_std": -0.138743,
        "nauc_mrr_at_20_diff1": 0.792155,
        "nauc_mrr_at_100_max": 0.507307,
        "nauc_mrr_at_100_std": -0.138539,
        "nauc_mrr_at_100_diff1": 0.792671,
        "nauc_mrr_at_1000_max": 0.507219,
        "nauc_mrr_at_1000_std": -0.138722,
        "nauc_mrr_at_1000_diff1": 0.792676,
        "hit_rate_at_1": 0.80581,
        "hit_rate_at_3": 0.92196,
        "hit_rate_at_5": 0.95327,
        "hit_rate_at_10": 0.97278,
        "hit_rate_at_20": 0.98684,
        "hit_rate_at_100": 0.99637,
        "hit_rate_at_1000": 1.0,
        "main_score": 0.865472,
        "hf_subset": "default",
        "languages": [
          "deu-Latn"
        ],
        "mteb_version": "2.16.0"
      }
    ]
  },
  "evaluation_time": 11.864797070622444,
  "kg_co2_emissions": null,
  "date": 1782199168.508624,
  "evaluation_phases": [
    {
      "name": "Data loading",
      "start": 0.0,
      "end": 4.877491798251867,
      "split": "",
      "subset": ""
    },
    {
      "name": "Encoding queries and documents",
      "start": 4.920685827732086,
      "end": 10.87414732016623,
      "split": "test",
      "subset": "default"
    },
    {
      "name": "Scoring",
      "start": 10.874180939048529,
      "end": 11.844077745452523,
      "split": "test",
      "subset": "default"
    }
  ]
}