{
  "dataset_revision": "d7d94fa4b946cec4a27c84653aa0cf6b33f74a3c",
  "task_name": "MIRACLRetrievalHardNegatives",
  "mteb_version": "2.16.0",
  "scores": {
    "dev": [
      {
        "ndcg_at_1": 0.25246,
        "ndcg_at_3": 0.25247,
        "ndcg_at_5": 0.28598,
        "ndcg_at_10": 0.33574,
        "ndcg_at_20": 0.37014,
        "ndcg_at_100": 0.44683,
        "ndcg_at_1000": 0.4689,
        "map_at_1": 0.1161,
        "map_at_3": 0.18295,
        "map_at_5": 0.21318,
        "map_at_10": 0.24065,
        "map_at_20": 0.25445,
        "map_at_100": 0.27182,
        "map_at_1000": 0.27351,
        "recall_at_1": 0.1161,
        "recall_at_3": 0.23944,
        "recall_at_5": 0.33396,
        "recall_at_10": 0.45832,
        "recall_at_20": 0.55702,
        "recall_at_100": 0.86174,
        "recall_at_1000": 0.9927,
        "accuracy": 0.1161,
        "precision_at_1": 0.25246,
        "precision_at_3": 0.18142,
        "precision_at_5": 0.15672,
        "precision_at_10": 0.1118,
        "precision_at_20": 0.07098,
        "precision_at_100": 0.02289,
        "precision_at_1000": 0.00263,
        "mrr_at_1": 0.252459,
        "mrr_at_3": 0.340437,
        "mrr_at_5": 0.367322,
        "mrr_at_10": 0.384026,
        "mrr_at_20": 0.389416,
        "mrr_at_100": 0.393882,
        "mrr_at_1000": 0.394189,
        "nauc_ndcg_at_1_max": 0.133104,
        "nauc_ndcg_at_1_std": -0.105979,
        "nauc_ndcg_at_1_diff1": 0.207854,
        "nauc_ndcg_at_3_max": 0.091654,
        "nauc_ndcg_at_3_std": -0.083926,
        "nauc_ndcg_at_3_diff1": 0.173483,
        "nauc_ndcg_at_5_max": 0.100143,
        "nauc_ndcg_at_5_std": -0.047122,
        "nauc_ndcg_at_5_diff1": 0.167738,
        "nauc_ndcg_at_10_max": 0.112157,
        "nauc_ndcg_at_10_std": -0.063669,
        "nauc_ndcg_at_10_diff1": 0.156177,
        "nauc_ndcg_at_20_max": 0.115586,
        "nauc_ndcg_at_20_std": -0.073372,
        "nauc_ndcg_at_20_diff1": 0.145883,
        "nauc_ndcg_at_100_max": 0.130047,
        "nauc_ndcg_at_100_std": -0.026381,
        "nauc_ndcg_at_100_diff1": 0.127935,
        "nauc_ndcg_at_1000_max": 0.124377,
        "nauc_ndcg_at_1000_std": -0.043615,
        "nauc_ndcg_at_1000_diff1": 0.136808,
        "nauc_map_at_1_max": 0.065024,
        "nauc_map_at_1_std": -0.119844,
        "nauc_map_at_1_diff1": 0.283604,
        "nauc_map_at_3_max": 0.057519,
        "nauc_map_at_3_std": -0.098588,
        "nauc_map_at_3_diff1": 0.211009,
        "nauc_map_at_5_max": 0.066526,
        "nauc_map_at_5_std": -0.07456,
        "nauc_map_at_5_diff1": 0.191929,
        "nauc_map_at_10_max": 0.081181,
        "nauc_map_at_10_std": -0.077639,
        "nauc_map_at_10_diff1": 0.176588,
        "nauc_map_at_20_max": 0.084252,
        "nauc_map_at_20_std": -0.082558,
        "nauc_map_at_20_diff1": 0.171927,
        "nauc_map_at_100_max": 0.088823,
        "nauc_map_at_100_std": -0.072139,
        "nauc_map_at_100_diff1": 0.16373,
        "nauc_map_at_1000_max": 0.088791,
        "nauc_map_at_1000_std": -0.072331,
        "nauc_map_at_1000_diff1": 0.163952,
        "nauc_recall_at_1_max": 0.065024,
        "nauc_recall_at_1_std": -0.119844,
        "nauc_recall_at_1_diff1": 0.283604,
        "nauc_recall_at_3_max": 0.040546,
        "nauc_recall_at_3_std": -0.082078,
        "nauc_recall_at_3_diff1": 0.164844,
        "nauc_recall_at_5_max": 0.064589,
        "nauc_recall_at_5_std": -0.011035,
        "nauc_recall_at_5_diff1": 0.134026,
        "nauc_recall_at_10_max": 0.095682,
        "nauc_recall_at_10_std": -0.04404,
        "nauc_recall_at_10_diff1": 0.105989,
        "nauc_recall_at_20_max": 0.09307,
        "nauc_recall_at_20_std": -0.072264,
        "nauc_recall_at_20_diff1": 0.083826,
        "nauc_recall_at_100_max": 0.147525,
        "nauc_recall_at_100_std": 0.211738,
        "nauc_recall_at_100_diff1": -0.024473,
        "nauc_recall_at_1000_max": -0.176444,
        "nauc_recall_at_1000_std": 0.381002,
        "nauc_recall_at_1000_diff1": 0.245796,
        "nauc_precision_at_1_max": 0.133104,
        "nauc_precision_at_1_std": -0.105979,
        "nauc_precision_at_1_diff1": 0.207854,
        "nauc_precision_at_3_max": 0.123482,
        "nauc_precision_at_3_std": -0.064777,
        "nauc_precision_at_3_diff1": 0.090747,
        "nauc_precision_at_5_max": 0.17677,
        "nauc_precision_at_5_std": 0.037428,
        "nauc_precision_at_5_diff1": 0.027133,
        "nauc_precision_at_10_max": 0.186416,
        "nauc_precision_at_10_std": 0.023627,
        "nauc_precision_at_10_diff1": -0.036709,
        "nauc_precision_at_20_max": 0.1787,
        "nauc_precision_at_20_std": 0.014873,
        "nauc_precision_at_20_diff1": -0.071203,
        "nauc_precision_at_100_max": 0.195461,
        "nauc_precision_at_100_std": 0.164776,
        "nauc_precision_at_100_diff1": -0.148542,
        "nauc_precision_at_1000_max": 0.155568,
        "nauc_precision_at_1000_std": 0.108786,
        "nauc_precision_at_1000_diff1": -0.152087,
        "nauc_mrr_at_1_max": 0.133104,
        "nauc_mrr_at_1_std": -0.105979,
        "nauc_mrr_at_1_diff1": 0.207854,
        "nauc_mrr_at_3_max": 0.124033,
        "nauc_mrr_at_3_std": -0.086039,
        "nauc_mrr_at_3_diff1": 0.172608,
        "nauc_mrr_at_5_max": 0.138737,
        "nauc_mrr_at_5_std": -0.05245,
        "nauc_mrr_at_5_diff1": 0.170408,
        "nauc_mrr_at_10_max": 0.143271,
        "nauc_mrr_at_10_std": -0.062934,
        "nauc_mrr_at_10_diff1": 0.167676,
        "nauc_mrr_at_20_max": 0.140159,
        "nauc_mrr_at_20_std": -0.065413,
        "nauc_mrr_at_20_diff1": 0.167799,
        "nauc_mrr_at_100_max": 0.139258,
        "nauc_mrr_at_100_std": -0.064863,
        "nauc_mrr_at_100_diff1": 0.16886,
        "nauc_mrr_at_1000_max": 0.139136,
        "nauc_mrr_at_1000_std": -0.065072,
        "nauc_mrr_at_1000_diff1": 0.168921,
        "hit_rate_at_1": 0.25246,
        "hit_rate_at_3": 0.45246,
        "hit_rate_at_5": 0.57049,
        "hit_rate_at_10": 0.69508,
        "hit_rate_at_20": 0.77377,
        "hit_rate_at_100": 0.9377,
        "hit_rate_at_1000": 1.0,
        "main_score": 0.33574,
        "hf_subset": "de",
        "languages": [
          "deu-Latn"
        ],
        "mteb_version": "2.16.0"
      }
    ]
  },
  "evaluation_time": 195.95860090479255,
  "kg_co2_emissions": null,
  "date": 1782199548.423975,
  "evaluation_phases": [
    {
      "name": "Data loading",
      "start": 4.565343260765076e-06,
      "end": 6.885550156235695,
      "split": "",
      "subset": ""
    },
    {
      "name": "Dataset transform",
      "start": 6.885557323694229,
      "end": 6.8855588324368,
      "split": "",
      "subset": ""
    },
    {
      "name": "Encoding queries and documents",
      "start": 6.89136859588325,
      "end": 195.62128928862512,
      "split": "dev",
      "subset": "de"
    },
    {
      "name": "Scoring",
      "start": 195.62130883708596,
      "end": 195.94457993283868,
      "split": "dev",
      "subset": "de"
    }
  ]
}