{
  "dataset_revision": "837028901907a7d419b4ab906f28e011ce1cc824",
  "task_name": "MultiLongDocRetrieval",
  "mteb_version": "2.16.0",
  "scores": {
    "dev": [
      {
        "ndcg_at_1": 0.145,
        "ndcg_at_3": 0.18643,
        "ndcg_at_5": 0.21526,
        "ndcg_at_10": 0.2366,
        "ndcg_at_20": 0.25177,
        "ndcg_at_100": 0.28025,
        "ndcg_at_1000": 0.30526,
        "map_at_1": 0.145,
        "map_at_3": 0.175,
        "map_at_5": 0.191,
        "map_at_10": 0.2,
        "map_at_20": 0.20416,
        "map_at_100": 0.20766,
        "map_at_1000": 0.20847,
        "recall_at_1": 0.145,
        "recall_at_3": 0.22,
        "recall_at_5": 0.29,
        "recall_at_10": 0.355,
        "recall_at_20": 0.415,
        "recall_at_100": 0.575,
        "recall_at_1000": 0.78,
        "accuracy": 0.145,
        "precision_at_1": 0.145,
        "precision_at_3": 0.07333,
        "precision_at_5": 0.058,
        "precision_at_10": 0.0355,
        "precision_at_20": 0.02075,
        "precision_at_100": 0.00575,
        "precision_at_1000": 0.00078,
        "mrr_at_1": 0.145,
        "mrr_at_3": 0.175,
        "mrr_at_5": 0.191,
        "mrr_at_10": 0.199996,
        "mrr_at_20": 0.204159,
        "mrr_at_100": 0.207656,
        "mrr_at_1000": 0.20847,
        "nauc_ndcg_at_1_max": 0.286801,
        "nauc_ndcg_at_1_std": 0.053647,
        "nauc_ndcg_at_1_diff1": 0.470153,
        "nauc_ndcg_at_3_max": 0.269004,
        "nauc_ndcg_at_3_std": 0.04564,
        "nauc_ndcg_at_3_diff1": 0.393841,
        "nauc_ndcg_at_5_max": 0.312274,
        "nauc_ndcg_at_5_std": 0.089737,
        "nauc_ndcg_at_5_diff1": 0.371405,
        "nauc_ndcg_at_10_max": 0.32377,
        "nauc_ndcg_at_10_std": 0.10424,
        "nauc_ndcg_at_10_diff1": 0.383894,
        "nauc_ndcg_at_20_max": 0.318918,
        "nauc_ndcg_at_20_std": 0.114001,
        "nauc_ndcg_at_20_diff1": 0.387797,
        "nauc_ndcg_at_100_max": 0.325365,
        "nauc_ndcg_at_100_std": 0.136721,
        "nauc_ndcg_at_100_diff1": 0.363216,
        "nauc_ndcg_at_1000_max": 0.331071,
        "nauc_ndcg_at_1000_std": 0.146106,
        "nauc_ndcg_at_1000_diff1": 0.366811,
        "nauc_map_at_1_max": 0.286801,
        "nauc_map_at_1_std": 0.053647,
        "nauc_map_at_1_diff1": 0.470153,
        "nauc_map_at_3_max": 0.279146,
        "nauc_map_at_3_std": 0.052006,
        "nauc_map_at_3_diff1": 0.41227,
        "nauc_map_at_5_max": 0.303209,
        "nauc_map_at_5_std": 0.076902,
        "nauc_map_at_5_diff1": 0.39876,
        "nauc_map_at_10_max": 0.310605,
        "nauc_map_at_10_std": 0.086075,
        "nauc_map_at_10_diff1": 0.403922,
        "nauc_map_at_20_max": 0.309476,
        "nauc_map_at_20_std": 0.089204,
        "nauc_map_at_20_diff1": 0.404787,
        "nauc_map_at_100_max": 0.310558,
        "nauc_map_at_100_std": 0.092831,
        "nauc_map_at_100_diff1": 0.401651,
        "nauc_map_at_1000_max": 0.311098,
        "nauc_map_at_1000_std": 0.093632,
        "nauc_map_at_1000_diff1": 0.401963,
        "nauc_recall_at_1_max": 0.286801,
        "nauc_recall_at_1_std": 0.053647,
        "nauc_recall_at_1_diff1": 0.470153,
        "nauc_recall_at_3_max": 0.24178,
        "nauc_recall_at_3_std": 0.028312,
        "nauc_recall_at_3_diff1": 0.347663,
        "nauc_recall_at_5_max": 0.336799,
        "nauc_recall_at_5_std": 0.123175,
        "nauc_recall_at_5_diff1": 0.306127,
        "nauc_recall_at_10_max": 0.35613,
        "nauc_recall_at_10_std": 0.148116,
        "nauc_recall_at_10_diff1": 0.34105,
        "nauc_recall_at_20_max": 0.338718,
        "nauc_recall_at_20_std": 0.177491,
        "nauc_recall_at_20_diff1": 0.355584,
        "nauc_recall_at_100_max": 0.370215,
        "nauc_recall_at_100_std": 0.28838,
        "nauc_recall_at_100_diff1": 0.230232,
        "nauc_recall_at_1000_max": 0.433544,
        "nauc_recall_at_1000_std": 0.445461,
        "nauc_recall_at_1000_diff1": 0.179441,
        "nauc_precision_at_1_max": 0.286801,
        "nauc_precision_at_1_std": 0.053647,
        "nauc_precision_at_1_diff1": 0.470153,
        "nauc_precision_at_3_max": 0.24178,
        "nauc_precision_at_3_std": 0.028312,
        "nauc_precision_at_3_diff1": 0.347663,
        "nauc_precision_at_5_max": 0.336799,
        "nauc_precision_at_5_std": 0.123175,
        "nauc_precision_at_5_diff1": 0.306127,
        "nauc_precision_at_10_max": 0.35613,
        "nauc_precision_at_10_std": 0.148116,
        "nauc_precision_at_10_diff1": 0.34105,
        "nauc_precision_at_20_max": 0.338718,
        "nauc_precision_at_20_std": 0.177491,
        "nauc_precision_at_20_diff1": 0.355584,
        "nauc_precision_at_100_max": 0.370215,
        "nauc_precision_at_100_std": 0.28838,
        "nauc_precision_at_100_diff1": 0.230232,
        "nauc_precision_at_1000_max": 0.433544,
        "nauc_precision_at_1000_std": 0.445461,
        "nauc_precision_at_1000_diff1": 0.179441,
        "nauc_mrr_at_1_max": 0.286801,
        "nauc_mrr_at_1_std": 0.053647,
        "nauc_mrr_at_1_diff1": 0.470153,
        "nauc_mrr_at_3_max": 0.279146,
        "nauc_mrr_at_3_std": 0.052006,
        "nauc_mrr_at_3_diff1": 0.41227,
        "nauc_mrr_at_5_max": 0.303209,
        "nauc_mrr_at_5_std": 0.076902,
        "nauc_mrr_at_5_diff1": 0.39876,
        "nauc_mrr_at_10_max": 0.310605,
        "nauc_mrr_at_10_std": 0.086075,
        "nauc_mrr_at_10_diff1": 0.403922,
        "nauc_mrr_at_20_max": 0.309476,
        "nauc_mrr_at_20_std": 0.089204,
        "nauc_mrr_at_20_diff1": 0.404787,
        "nauc_mrr_at_100_max": 0.310558,
        "nauc_mrr_at_100_std": 0.092831,
        "nauc_mrr_at_100_diff1": 0.401651,
        "nauc_mrr_at_1000_max": 0.311098,
        "nauc_mrr_at_1000_std": 0.093632,
        "nauc_mrr_at_1000_diff1": 0.401963,
        "hit_rate_at_1": 0.145,
        "hit_rate_at_3": 0.22,
        "hit_rate_at_5": 0.29,
        "hit_rate_at_10": 0.355,
        "hit_rate_at_20": 0.415,
        "hit_rate_at_100": 0.575,
        "hit_rate_at_1000": 0.78,
        "main_score": 0.2366,
        "hf_subset": "de",
        "languages": [
          "deu-Latn"
        ],
        "mteb_version": "2.16.0"
      }
    ],
    "test": [
      {
        "ndcg_at_1": 0.14,
        "ndcg_at_3": 0.17208,
        "ndcg_at_5": 0.19037,
        "ndcg_at_10": 0.21574,
        "ndcg_at_20": 0.23241,
        "ndcg_at_100": 0.25549,
        "ndcg_at_1000": 0.29275,
        "map_at_1": 0.14,
        "map_at_3": 0.16417,
        "map_at_5": 0.17417,
        "map_at_10": 0.18434,
        "map_at_20": 0.18903,
        "map_at_100": 0.19219,
        "map_at_1000": 0.19338,
        "recall_at_1": 0.14,
        "recall_at_3": 0.195,
        "recall_at_5": 0.24,
        "recall_at_10": 0.32,
        "recall_at_20": 0.385,
        "recall_at_100": 0.51,
        "recall_at_1000": 0.815,
        "accuracy": 0.14,
        "precision_at_1": 0.14,
        "precision_at_3": 0.065,
        "precision_at_5": 0.048,
        "precision_at_10": 0.032,
        "precision_at_20": 0.01925,
        "precision_at_100": 0.0051,
        "precision_at_1000": 0.00082,
        "mrr_at_1": 0.14,
        "mrr_at_3": 0.164167,
        "mrr_at_5": 0.174167,
        "mrr_at_10": 0.184337,
        "mrr_at_20": 0.189028,
        "mrr_at_100": 0.192194,
        "mrr_at_1000": 0.193383,
        "nauc_ndcg_at_1_max": 0.258666,
        "nauc_ndcg_at_1_std": -0.043882,
        "nauc_ndcg_at_1_diff1": 0.562603,
        "nauc_ndcg_at_3_max": 0.208504,
        "nauc_ndcg_at_3_std": -0.015294,
        "nauc_ndcg_at_3_diff1": 0.485059,
        "nauc_ndcg_at_5_max": 0.216679,
        "nauc_ndcg_at_5_std": -0.005872,
        "nauc_ndcg_at_5_diff1": 0.458639,
        "nauc_ndcg_at_10_max": 0.221727,
        "nauc_ndcg_at_10_std": 0.036675,
        "nauc_ndcg_at_10_diff1": 0.41283,
        "nauc_ndcg_at_20_max": 0.233375,
        "nauc_ndcg_at_20_std": 0.061129,
        "nauc_ndcg_at_20_diff1": 0.385961,
        "nauc_ndcg_at_100_max": 0.222718,
        "nauc_ndcg_at_100_std": 0.057303,